tick,year,month,day,population,awake,asleep,off,courtships_active,courtships_started,courtships_failed,courtships_completed,births,deaths,state_transitions,awake_to_asleep,asleep_to_awake,asleep_to_off
100,2026,1,1,2,2,0,0,0,0,0,0,2,0,0,0,0,0
200,2026,1,1,2,2,0,0,0,0,0,0,2,0,0,0,0,0
300,2026,1,1,2,2,0,0,0,0,0,0,2,0,0,0,0,0
400,2026,1,1,2,2,0,0,0,0,0,0,2,0,0,0,0,0
500,2026,1,1,2,2,0,0,0,0,0,0,2,0,0,0,0,0
600,2026,1,1,2,2,0,0,1,1,0,0,2,0,0,0,0,0
700,2026,1,1,2,1,1,0,0,1,1,0,2,0,1,1,0,0
800,2026,1,1,2,1,1,0,0,1,1,0,2,0,1,1,0,0
900,2026,1,1,2,1,1,0,0,1,1,0,2,0,1,1,0,0
1000,2026,1,1,2,1,1,0,0,1,1,0,2,0,1,1,0,0
1100,2026,1,2,2,1,1,0,0,1,1,0,2,0,1,1,0,0
1200,2026,1,2,2,2,0,0,1,2,1,0,2,0,2,1,1,0
1300,2026,1,2,2,2,0,0,1,2,1,0,2,0,2,1,1,0
1400,2026,1,2,2,2,0,0,1,2,1,0,2,0,2,1,1,0
1500,2026,1,2,2,2,0,0,1,2,1,0,2,0,2,1,1,0
1600,2026,1,2,2,2,0,0,1,2,1,0,2,0,2,1,1,0
1700,2026,1,2,2,1,1,0,0,2,2,0,2,0,3,2,1,0
1800,2026,1,2,2,1,1,0,0,2,2,0,2,0,3,2,1,0
1900,2026,1,2,2,1,1,0,0,2,2,0,2,0,3,2,1,0
2000,2026,1,2,2,1,1,0,0,2,2,0,2,0,3,2,1,0
2100,2026,1,3,2,1,1,0,0,2,2,0,2,0,3,2,1,0
2200,2026,1,3,2,2,0,0,1,3,2,0,2,0,4,2,2,0
2300,2026,1,3,2,2,0,0,1,3,2,0,2,0,4,2,2,0
2400,2026,1,3,2,2,0,0,1,3,2,0,2,0,4,2,2,0
2500,2026,1,3,2,2,0,0,1,3,2,0,2,0,4,2,2,0
2600,2026,1,3,2,2,0,0,1,3,2,0,2,0,4,2,2,0
2700,2026,1,3,2,1,1,0,0,3,3,0,2,0,5,3,2,0
2800,2026,1,3,2,1,1,0,0,3,3,0,2,0,5,3,2,0
2900,2026,1,3,2,1,1,0,0,3,3,0,2,0,5,3,2,0
3000,2026,1,3,2,1,1,0,0,3,3,0,2,0,5,3,2,0
3100,2026,1,4,2,1,1,0,0,3,3,0,2,0,5,3,2,0
3200,2026,1,4,2,2,0,0,1,4,3,0,2,0,6,3,3,0
3300,2026,1,4,2,2,0,0,1,4,3,0,2,0,6,3,3,0
3400,2026,1,4,2,2,0,0,1,4,3,0,2,0,6,3,3,0
3500,2026,1,4,2,2,0,0,1,4,3,0,2,0,6,3,3,0
3600,2026,1,4,2,2,0,0,1,4,3,0,2,0,6,3,3,0
3700,2026,1,4,2,1,1,0,0,4,4,0,2,0,7,4,3,0
3800,2026,1,4,2,1,1,0,0,4,4,0,2,0,7,4,3,0
3900,2026,1,4,2,1,1,0,0,4,4,0,2,0,7,4,3,0
4000,2026,1,4,2,1,1,0,0,4,4,0,2,0,7,4,3,0
4100,2026,1,5,2,1,1,0,0,4,4,0,2,0,7,4,3,0
4200,2026,1,5,2,2,0,0,1,5,4,0,2,0,8,4,4,0
4300,2026,1,5,2,2,0,0,1,5,4,0,2,0,8,4,4,0
4400,2026,1,5,2,2,0,0,1,5,4,0,2,0,8,4,4,0
4500,2026,1,5,2,2,0,0,1,5,4,0,2,0,8,4,4,0
4600,2026,1,5,2,2,0,0,1,5,4,0,2,0,8,4,4,0
4700,2026,1,5,2,1,1,0,0,5,5,0,2,0,9,5,4,0
4800,2026,1,5,2,1,1,0,0,5,5,0,2,0,9,5,4,0
4900,2026,1,5,2,1,1,0,0,5,5,0,2,0,9,5,4,0
5000,2026,1,5,2,1,1,0,0,5,5,0,2,0,9,5,4,0
5100,2026,1,6,2,1,1,0,0,5,5,0,2,0,9,5,4,0
5200,2026,1,6,2,2,0,0,1,6,5,0,2,0,10,5,5,0
5300,2026,1,6,2,2,0,0,1,6,5,0,2,0,10,5,5,0
5400,2026,1,6,2,2,0,0,1,6,5,0,2,0,10,5,5,0
5500,2026,1,6,2,2,0,0,1,6,5,0,2,0,10,5,5,0
5600,2026,1,6,2,2,0,0,1,6,5,0,2,0,10,5,5,0
5700,2026,1,6,2,1,1,0,0,6,6,0,2,0,11,6,5,0
5800,2026,1,6,2,1,1,0,0,6,6,0,2,0,11,6,5,0
5900,2026,1,6,2,1,1,0,0,6,6,0,2,0,11,6,5,0
6000,2026,1,6,2,1,1,0,0,6,6,0,2,0,11,6,5,0
6100,2026,1,7,2,1,1,0,0,6,6,0,2,0,11,6,5,0
6200,2026,1,7,2,2,0,0,1,7,6,0,2,0,12,6,6,0
6300,2026,1,7,2,2,0,0,1,7,6,0,2,0,12,6,6,0
6400,2026,1,7,2,2,0,0,1,7,6,0,2,0,12,6,6,0
6500,2026,1,7,2,2,0,0,1,7,6,0,2,0,12,6,6,0
6600,2026,1,7,2,2,0,0,1,7,6,0,2,0,12,6,6,0
6700,2026,1,7,2,1,1,0,0,7,7,0,2,0,13,7,6,0
6800,2026,1,7,2,1,1,0,0,7,7,0,2,0,13,7,6,0
6900,2026,1,7,2,1,1,0,0,7,7,0,2,0,13,7,6,0
7000,2026,1,7,2,1,1,0,0,7,7,0,2,0,13,7,6,0
7100,2026,1,8,2,1,1,0,0,7,7,0,2,0,13,7,6,0
7200,2026,1,8,2,2,0,0,1,8,7,0,2,0,14,7,7,0
7300,2026,1,8,2,2,0,0,1,8,7,0,2,0,14,7,7,0
7400,2026,1,8,2,2,0,0,1,8,7,0,2,0,14,7,7,0
7500,2026,1,8,2,2,0,0,1,8,7,0,2,0,14,7,7,0
7600,2026,1,8,2,2,0,0,1,8,7,0,2,0,14,7,7,0
7700,2026,1,8,2,1,1,0,0,8,8,0,2,0,15,8,7,0
7800,2026,1,8,2,1,1,0,0,8,8,0,2,0,15,8,7,0
7900,2026,1,8,2,1,1,0,0,8,8,0,2,0,15,8,7,0
8000,2026,1,8,2,1,1,0,0,8,8,0,2,0,15,8,7,0
8100,2026,1,9,2,1,1,0,0,8,8,0,2,0,15,8,7,0
8200,2026,1,9,2,2,0,0,1,9,8,0,2,0,16,8,8,0
8300,2026,1,9,2,2,0,0,1,9,8,0,2,0,16,8,8,0
8400,2026,1,9,2,2,0,0,1,9,8,0,2,0,16,8,8,0
8500,2026,1,9,2,2,0,0,1,9,8,0,2,0,16,8,8,0
8600,2026,1,9,2,2,0,0,1,9,8,0,2,0,16,8,8,0
8700,2026,1,9,2,1,1,0,0,9,9,0,2,0,17,9,8,0
8800,2026,1,9,2,1,1,0,0,9,9,0,2,0,17,9,8,0
8900,2026,1,9,2,1,1,0,0,9,9,0,2,0,17,9,8,0
9000,2026,1,9,2,1,1,0,0,9,9,0,2,0,17,9,8,0
9100,2026,1,10,2,1,1,0,0,9,9,0,2,0,17,9,8,0
9200,2026,1,10,2,2,0,0,1,10,9,0,2,0,18,9,9,0
9300,2026,1,10,2,2,0,0,1,10,9,0,2,0,18,9,9,0
9400,2026,1,10,2,2,0,0,1,10,9,0,2,0,18,9,9,0
9500,2026,1,10,2,2,0,0,1,10,9,0,2,0,18,9,9,0
9600,2026,1,10,2,2,0,0,1,10,9,0,2,0,18,9,9,0
9700,2026,1,10,2,1,1,0,0,10,10,0,2,0,19,10,9,0
9800,2026,1,10,2,1,1,0,0,10,10,0,2,0,19,10,9,0
9900,2026,1,10,2,1,1,0,0,10,10,0,2,0,19,10,9,0
10000,2026,1,10,2,1,1,0,0,10,10,0,2,0,19,10,9,0
10100,2026,1,11,2,1,1,0,0,10,10,0,2,0,19,10,9,0
10200,2026,1,11,2,2,0,0,1,11,10,0,2,0,20,10,10,0
10300,2026,1,11,2,2,0,0,1,11,10,0,2,0,20,10,10,0
10400,2026,1,11,2,2,0,0,1,11,10,0,2,0,20,10,10,0
10500,2026,1,11,2,2,0,0,1,11,10,0,2,0,20,10,10,0
10600,2026,1,11,2,2,0,0,1,11,10,0,2,0,20,10,10,0
10700,2026,1,11,2,1,1,0,0,11,11,0,2,0,21,11,10,0
10800,2026,1,11,2,1,1,0,0,11,11,0,2,0,21,11,10,0
10900,2026,1,11,2,1,1,0,0,11,11,0,2,0,21,11,10,0
11000,2026,1,11,2,1,1,0,0,11,11,0,2,0,21,11,10,0
11100,2026,1,12,2,1,1,0,0,11,11,0,2,0,21,11,10,0
11200,2026,1,12,2,2,0,0,1,12,11,0,2,0,22,11,11,0
11300,2026,1,12,2,2,0,0,1,12,11,0,2,0,22,11,11,0
11400,2026,1,12,2,2,0,0,1,12,11,0,2,0,22,11,11,0
11500,2026,1,12,2,2,0,0,1,12,11,0,2,0,22,11,11,0
11600,2026,1,12,2,2,0,0,1,12,11,0,2,0,22,11,11,0
11700,2026,1,12,2,1,1,0,0,12,12,0,2,0,23,12,11,0
11800,2026,1,12,2,1,1,0,0,12,12,0,2,0,23,12,11,0
11900,2026,1,12,2,1,1,0,0,12,12,0,2,0,23,12,11,0
12000,2026,1,12,2,1,1,0,0,12,12,0,2,0,23,12,11,0
12100,2026,1,13,2,1,1,0,0,12,12,0,2,0,23,12,11,0
12200,2026,1,13,2,2,0,0,1,13,12,0,2,0,24,12,12,0
12300,2026,1,13,2,2,0,0,1,13,12,0,2,0,24,12,12,0
12400,2026,1,13,2,2,0,0,1,13,12,0,2,0,24,12,12,0
12500,2026,1,13,2,2,0,0,1,13,12,0,2,0,24,12,12,0
12600,2026,1,13,2,2,0,0,1,13,12,0,2,0,24,12,12,0
12700,2026,1,13,2,1,1,0,0,13,13,0,2,0,25,13,12,0
12800,2026,1,13,2,1,1,0,0,13,13,0,2,0,25,13,12,0
12900,2026,1,13,2,1,1,0,0,13,13,0,2,0,25,13,12,0
13000,2026,1,13,2,1,1,0,0,13,13,0,2,0,25,13,12,0
13100,2026,1,14,2,1,1,0,0,13,13,0,2,0,25,13,12,0
13200,2026,1,14,2,2,0,0,1,14,13,0,2,0,26,13,13,0
13300,2026,1,14,2,2,0,0,1,14,13,0,2,0,26,13,13,0
13400,2026,1,14,2,2,0,0,1,14,13,0,2,0,26,13,13,0
13500,2026,1,14,2,2,0,0,1,14,13,0,2,0,26,13,13,0
13600,2026,1,14,2,2,0,0,1,14,13,0,2,0,26,13,13,0
13700,2026,1,14,2,1,1,0,0,14,14,0,2,0,27,14,13,0
13800,2026,1,14,2,1,1,0,0,14,14,0,2,0,27,14,13,0
13900,2026,1,14,2,1,1,0,0,14,14,0,2,0,27,14,13,0
14000,2026,1,14,2,1,1,0,0,14,14,0,2,0,27,14,13,0
14100,2026,1,15,2,1,1,0,0,14,14,0,2,0,27,14,13,0
14200,2026,1,15,2,2,0,0,1,15,14,0,2,0,28,14,14,0
14300,2026,1,15,2,2,0,0,1,15,14,0,2,0,28,14,14,0
14400,2026,1,15,2,2,0,0,1,15,14,0,2,0,28,14,14,0
14500,2026,1,15,2,2,0,0,1,15,14,0,2,0,28,14,14,0
14600,2026,1,15,2,2,0,0,1,15,14,0,2,0,28,14,14,0
14700,2026,1,15,2,1,1,0,0,15,15,0,2,0,29,15,14,0
14800,2026,1,15,2,1,1,0,0,15,15,0,2,0,29,15,14,0
14900,2026,1,15,2,1,1,0,0,15,15,0,2,0,29,15,14,0
15000,2026,1,15,2,1,1,0,0,15,15,0,2,0,29,15,14,0
15100,2026,1,16,2,1,1,0,0,15,15,0,2,0,29,15,14,0
15200,2026,1,16,2,2,0,0,1,16,15,0,2,0,30,15,15,0
15300,2026,1,16,2,2,0,0,1,16,15,0,2,0,30,15,15,0
15400,2026,1,16,2,2,0,0,1,16,15,0,2,0,30,15,15,0
15500,2026,1,16,2,2,0,0,1,16,15,0,2,0,30,15,15,0
15600,2026,1,16,2,2,0,0,1,16,15,0,2,0,30,15,15,0
15700,2026,1,16,2,1,1,0,0,16,16,0,2,0,31,16,15,0
15800,2026,1,16,2,1,1,0,0,16,16,0,2,0,31,16,15,0
15900,2026,1,16,2,1,1,0,0,16,16,0,2,0,31,16,15,0
16000,2026,1,16,2,1,1,0,0,16,16,0,2,0,31,16,15,0
16100,2026,1,17,2,1,1,0,0,16,16,0,2,0,31,16,15,0
16200,2026,1,17,2,2,0,0,1,17,16,0,2,0,32,16,16,0
16300,2026,1,17,2,2,0,0,1,17,16,0,2,0,32,16,16,0
16400,2026,1,17,2,2,0,0,1,17,16,0,2,0,32,16,16,0
16500,2026,1,17,2,2,0,0,1,17,16,0,2,0,32,16,16,0
16600,2026,1,17,2,2,0,0,1,17,16,0,2,0,32,16,16,0
16700,2026,1,17,2,1,1,0,0,17,17,0,2,0,33,17,16,0
16800,2026,1,17,2,1,1,0,0,17,17,0,2,0,33,17,16,0
16900,2026,1,17,2,1,1,0,0,17,17,0,2,0,33,17,16,0
17000,2026,1,17,2,1,1,0,0,17,17,0,2,0,33,17,16,0
17100,2026,1,18,2,1,1,0,0,17,17,0,2,0,33,17,16,0
17200,2026,1,18,2,2,0,0,1,18,17,0,2,0,34,17,17,0
17300,2026,1,18,2,2,0,0,1,18,17,0,2,0,34,17,17,0
17400,2026,1,18,2,2,0,0,1,18,17,0,2,0,34,17,17,0
17500,2026,1,18,2,2,0,0,1,18,17,0,2,0,34,17,17,0
17600,2026,1,18,2,2,0,0,1,18,17,0,2,0,34,17,17,0
17700,2026,1,18,2,1,1,0,0,18,18,0,2,0,35,18,17,0
17800,2026,1,18,2,1,1,0,0,18,18,0,2,0,35,18,17,0
17900,2026,1,18,2,1,1,0,0,18,18,0,2,0,35,18,17,0
18000,2026,1,18,2,1,1,0,0,18,18,0,2,0,35,18,17,0
18100,2026,1,19,2,1,1,0,0,18,18,0,2,0,35,18,17,0
18200,2026,1,19,2,2,0,0,1,19,18,0,2,0,36,18,18,0
18300,2026,1,19,2,2,0,0,1,19,18,0,2,0,36,18,18,0
18400,2026,1,19,2,2,0,0,1,19,18,0,2,0,36,18,18,0
18500,2026,1,19,2,2,0,0,1,19,18,0,2,0,36,18,18,0
18600,2026,1,19,2,2,0,0,1,19,18,0,2,0,36,18,18,0
18700,2026,1,19,2,1,1,0,0,19,19,0,2,0,37,19,18,0
18800,2026,1,19,2,1,1,0,0,19,19,0,2,0,37,19,18,0
18900,2026,1,19,2,1,1,0,0,19,19,0,2,0,37,19,18,0
19000,2026,1,19,2,1,1,0,0,19,19,0,2,0,37,19,18,0
19100,2026,1,20,2,1,1,0,0,19,19,0,2,0,37,19,18,0
19200,2026,1,20,2,2,0,0,1,20,19,0,2,0,38,19,19,0
19300,2026,1,20,2,2,0,0,1,20,19,0,2,0,38,19,19,0
19400,2026,1,20,2,2,0,0,1,20,19,0,2,0,38,19,19,0
19500,2026,1,20,2,2,0,0,1,20,19,0,2,0,38,19,19,0
19600,2026,1,20,2,2,0,0,1,20,19,0,2,0,38,19,19,0
19700,2026,1,20,2,1,1,0,0,20,20,0,2,0,39,20,19,0
19800,2026,1,20,2,1,1,0,0,20,20,0,2,0,39,20,19,0
19900,2026,1,20,2,1,1,0,0,20,20,0,2,0,39,20,19,0
20000,2026,1,20,2,1,1,0,0,20,20,0,2,0,39,20,19,0
20100,2026,1,21,2,1,1,0,0,20,20,0,2,0,39,20,19,0
20200,2026,1,21,2,2,0,0,1,21,20,0,2,0,40,20,20,0
20300,2026,1,21,2,2,0,0,1,21,20,0,2,0,40,20,20,0
20400,2026,1,21,2,2,0,0,1,21,20,0,2,0,40,20,20,0
20500,2026,1,21,2,2,0,0,1,21,20,0,2,0,40,20,20,0
20600,2026,1,21,2,2,0,0,1,21,20,0,2,0,40,20,20,0
20700,2026,1,21,2,1,1,0,0,21,21,0,2,0,41,21,20,0
20800,2026,1,21,2,1,1,0,0,21,21,0,2,0,41,21,20,0
20900,2026,1,21,2,1,1,0,0,21,21,0,2,0,41,21,20,0
21000,2026,1,21,2,1,1,0,0,21,21,0,2,0,41,21,20,0
21100,2026,1,22,2,1,1,0,0,21,21,0,2,0,41,21,20,0
21200,2026,1,22,2,2,0,0,1,22,21,0,2,0,42,21,21,0
21300,2026,1,22,2,2,0,0,1,22,21,0,2,0,42,21,21,0
21400,2026,1,22,2,2,0,0,1,22,21,0,2,0,42,21,21,0
21500,2026,1,22,2,2,0,0,1,22,21,0,2,0,42,21,21,0
21600,2026,1,22,2,2,0,0,1,22,21,0,2,0,42,21,21,0
21700,2026,1,22,2,1,1,0,0,22,22,0,2,0,43,22,21,0
21800,2026,1,22,2,1,1,0,0,22,22,0,2,0,43,22,21,0
21900,2026,1,22,2,1,1,0,0,22,22,0,2,0,43,22,21,0
22000,2026,1,22,2,1,1,0,0,22,22,0,2,0,43,22,21,0
22100,2026,1,23,2,1,1,0,0,22,22,0,2,0,43,22,21,0
22200,2026,1,23,2,2,0,0,1,23,22,0,2,0,44,22,22,0
22300,2026,1,23,2,2,0,0,1,23,22,0,2,0,44,22,22,0
22400,2026,1,23,2,2,0,0,1,23,22,0,2,0,44,22,22,0
22500,2026,1,23,2,2,0,0,1,23,22,0,2,0,44,22,22,0
22600,2026,1,23,2,2,0,0,1,23,22,0,2,0,44,22,22,0
22700,2026,1,23,2,1,1,0,0,23,23,0,2,0,45,23,22,0
22800,2026,1,23,2,1,1,0,0,23,23,0,2,0,45,23,22,0
22900,2026,1,23,2,1,1,0,0,23,23,0,2,0,45,23,22,0
23000,2026,1,23,2,1,1,0,0,23,23,0,2,0,45,23,22,0
23100,2026,1,24,2,1,1,0,0,23,23,0,2,0,45,23,22,0
23200,2026,1,24,2,2,0,0,1,24,23,0,2,0,46,23,23,0
23300,2026,1,24,2,2,0,0,1,24,23,0,2,0,46,23,23,0
23400,2026,1,24,2,2,0,0,1,24,23,0,2,0,46,23,23,0
23500,2026,1,24,2,2,0,0,1,24,23,0,2,0,46,23,23,0
23600,2026,1,24,2,2,0,0,1,24,23,0,2,0,46,23,23,0
23700,2026,1,24,2,1,1,0,0,24,24,0,2,0,47,24,23,0
23800,2026,1,24,2,1,1,0,0,24,24,0,2,0,47,24,23,0
23900,2026,1,24,2,1,1,0,0,24,24,0,2,0,47,24,23,0
24000,2026,1,24,2,1,1,0,0,24,24,0,2,0,47,24,23,0
24100,2026,1,25,2,1,1,0,0,24,24,0,2,0,47,24,23,0
24200,2026,1,25,2,2,0,0,1,25,24,0,2,0,48,24,24,0
24300,2026,1,25,2,2,0,0,1,25,24,0,2,0,48,24,24,0
24400,2026,1,25,2,2,0,0,1,25,24,0,2,0,48,24,24,0
24500,2026,1,25,2,2,0,0,1,25,24,0,2,0,48,24,24,0
24600,2026,1,25,2,2,0,0,1,25,24,0,2,0,48,24,24,0
24700,2026,1,25,2,1,1,0,0,25,25,0,2,0,49,25,24,0
24800,2026,1,25,2,1,1,0,0,25,25,0,2,0,49,25,24,0
24900,2026,1,25,2,1,1,0,0,25,25,0,2,0,49,25,24,0
25000,2026,1,25,2,1,1,0,0,25,25,0,2,0,49,25,24,0
25100,2026,1,26,2,1,1,0,0,25,25,0,2,0,49,25,24,0
25200,2026,1,26,2,2,0,0,1,26,25,0,2,0,50,25,25,0
25300,2026,1,26,2,2,0,0,1,26,25,0,2,0,50,25,25,0
25400,2026,1,26,2,2,0,0,1,26,25,0,2,0,50,25,25,0
25500,2026,1,26,2,2,0,0,1,26,25,0,2,0,50,25,25,0
25600,2026,1,26,2,2,0,0,1,26,25,0,2,0,50,25,25,0
25700,2026,1,26,2,1,1,0,0,26,26,0,2,0,51,26,25,0
25800,2026,1,26,2,1,1,0,0,26,26,0,2,0,51,26,25,0
25900,2026,1,26,2,1,1,0,0,26,26,0,2,0,51,26,25,0
26000,2026,1,26,2,1,1,0,0,26,26,0,2,0,51,26,25,0
26100,2026,1,27,2,1,1,0,0,26,26,0,2,0,51,26,25,0
26200,2026,1,27,2,2,0,0,1,27,26,0,2,0,52,26,26,0
26300,2026,1,27,2,2,0,0,1,27,26,0,2,0,52,26,26,0
26400,2026,1,27,2,2,0,0,1,27,26,0,2,0,52,26,26,0
26500,2026,1,27,2,2,0,0,1,27,26,0,2,0,52,26,26,0
26600,2026,1,27,2,2,0,0,1,27,26,0,2,0,52,26,26,0
26700,2026,1,27,2,1,1,0,0,27,27,0,2,0,53,27,26,0
26800,2026,1,27,2,1,1,0,0,27,27,0,2,0,53,27,26,0
26900,2026,1,27,2,1,1,0,0,27,27,0,2,0,53,27,26,0
27000,2026,1,27,2,1,1,0,0,27,27,0,2,0,53,27,26,0
27100,2026,1,28,2,1,1,0,0,27,27,0,2,0,53,27,26,0
27200,2026,1,28,2,2,0,0,1,28,27,0,2,0,54,27,27,0
27300,2026,1,28,2,2,0,0,1,28,27,0,2,0,54,27,27,0
27400,2026,1,28,2,2,0,0,1,28,27,0,2,0,54,27,27,0
27500,2026,1,28,2,2,0,0,1,28,27,0,2,0,54,27,27,0
27600,2026,1,28,2,2,0,0,1,28,27,0,2,0,54,27,27,0
27700,2026,1,28,2,1,1,0,0,28,28,0,2,0,55,28,27,0
27800,2026,1,28,2,1,1,0,0,28,28,0,2,0,55,28,27,0
27900,2026,1,28,2,1,1,0,0,28,28,0,2,0,55,28,27,0
28000,2026,1,28,2,1,1,0,0,28,28,0,2,0,55,28,27,0
28100,2026,1,29,2,1,1,0,0,28,28,0,2,0,55,28,27,0
28200,2026,1,29,2,2,0,0,1,29,28,0,2,0,56,28,28,0
28300,2026,1,29,2,2,0,0,1,29,28,0,2,0,56,28,28,0
28400,2026,1,29,2,2,0,0,1,29,28,0,2,0,56,28,28,0
28500,2026,1,29,2,2,0,0,1,29,28,0,2,0,56,28,28,0
28600,2026,1,29,2,2,0,0,1,29,28,0,2,0,56,28,28,0
28700,2026,1,29,2,1,1,0,0,29,29,0,2,0,57,29,28,0
28800,2026,1,29,2,1,1,0,0,29,29,0,2,0,57,29,28,0
28900,2026,1,29,2,1,1,0,0,29,29,0,2,0,57,29,28,0
29000,2026,1,29,2,1,1,0,0,29,29,0,2,0,57,29,28,0
29100,2026,1,30,2,1,1,0,0,29,29,0,2,0,57,29,28,0
29200,2026,1,30,2,2,0,0,1,30,29,0,2,0,58,29,29,0
29300,2026,1,30,2,2,0,0,1,30,29,0,2,0,58,29,29,0
29400,2026,1,30,2,2,0,0,1,30,29,0,2,0,58,29,29,0
29500,2026,1,30,2,2,0,0,1,30,29,0,2,0,58,29,29,0
29600,2026,1,30,2,2,0,0,1,30,29,0,2,0,58,29,29,0
29700,2026,1,30,2,1,1,0,0,30,30,0,2,0,59,30,29,0
29800,2026,1,30,2,1,1,0,0,30,30,0,2,0,59,30,29,0
29900,2026,1,30,2,1,1,0,0,30,30,0,2,0,59,30,29,0
30000,2026,1,30,2,1,1,0,0,30,30,0,2,0,59,30,29,0
30100,2026,1,31,2,1,1,0,0,30,30,0,2,0,59,30,29,0
30200,2026,1,31,2,2,0,0,1,31,30,0,2,0,60,30,30,0
30300,2026,1,31,2,2,0,0,1,31,30,0,2,0,60,30,30,0
30400,2026,1,31,2,2,0,0,1,31,30,0,2,0,60,30,30,0
30500,2026,1,31,2,2,0,0,1,31,30,0,2,0,60,30,30,0
30600,2026,1,31,2,2,0,0,1,31,30,0,2,0,60,30,30,0
30700,2026,1,31,2,1,1,0,0,31,31,0,2,0,61,31,30,0
30800,2026,1,31,2,1,1,0,0,31,31,0,2,0,61,31,30,0
30900,2026,1,31,2,1,1,0,0,31,31,0,2,0,61,31,30,0
31000,2026,1,31,2,1,1,0,0,31,31,0,2,0,61,31,30,0
31100,2026,2,1,2,1,1,0,0,31,31,0,2,0,61,31,30,0
31200,2026,2,1,2,2,0,0,1,32,31,0,2,0,62,31,31,0
31300,2026,2,1,2,2,0,0,1,32,31,0,2,0,62,31,31,0
31400,2026,2,1,2,2,0,0,1,32,31,0,2,0,62,31,31,0
31500,2026,2,1,2,2,0,0,1,32,31,0,2,0,62,31,31,0
31600,2026,2,1,2,2,0,0,1,32,31,0,2,0,62,31,31,0
31700,2026,2,1,2,1,1,0,0,32,32,0,2,0,63,32,31,0
31800,2026,2,1,2,1,1,0,0,32,32,0,2,0,63,32,31,0
31900,2026,2,1,2,1,1,0,0,32,32,0,2,0,63,32,31,0
32000,2026,2,1,2,1,1,0,0,32,32,0,2,0,63,32,31,0
32100,2026,2,2,2,1,1,0,0,32,32,0,2,0,63,32,31,0
32200,2026,2,2,2,2,0,0,1,33,32,0,2,0,64,32,32,0
32300,2026,2,2,2,2,0,0,1,33,32,0,2,0,64,32,32,0
32400,2026,2,2,2,2,0,0,1,33,32,0,2,0,64,32,32,0
32500,2026,2,2,2,2,0,0,1,33,32,0,2,0,64,32,32,0
32600,2026,2,2,2,2,0,0,1,33,32,0,2,0,64,32,32,0
32700,2026,2,2,2,1,1,0,0,33,33,0,2,0,65,33,32,0
32800,2026,2,2,2,1,1,0,0,33,33,0,2,0,65,33,32,0
32900,2026,2,2,2,1,1,0,0,33,33,0,2,0,65,33,32,0
33000,2026,2,2,2,1,1,0,0,33,33,0,2,0,65,33,32,0
33100,2026,2,3,2,1,1,0,0,33,33,0,2,0,65,33,32,0
33200,2026,2,3,2,2,0,0,1,34,33,0,2,0,66,33,33,0
33300,2026,2,3,2,2,0,0,1,34,33,0,2,0,66,33,33,0
33400,2026,2,3,2,2,0,0,1,34,33,0,2,0,66,33,33,0
33500,2026,2,3,2,2,0,0,1,34,33,0,2,0,66,33,33,0
33600,2026,2,3,2,1,1,0,0,34,34,0,2,0,67,34,33,0
33700,2026,2,3,2,1,1,0,0,34,34,0,2,0,67,34,33,0
33800,2026,2,3,2,1,1,0,0,34,34,0,2,0,67,34,33,0
33900,2026,2,3,2,1,1,0,0,34,34,0,2,0,67,34,33,0
34000,2026,2,3,2,1,1,0,0,34,34,0,2,0,67,34,33,0
34100,2026,2,4,2,2,0,0,0,34,34,0,2,0,68,34,34,0
34200,2026,2,4,2,2,0,0,1,35,34,0,2,0,68,34,34,0
34300,2026,2,4,2,2,0,0,1,35,34,0,2,0,68,34,34,0
34400,2026,2,4,2,2,0,0,1,35,34,0,2,0,68,34,34,0
34500,2026,2,4,2,2,0,0,1,35,34,0,2,0,68,34,34,0
34600,2026,2,4,2,1,1,0,0,35,35,0,2,0,69,35,34,0
34700,2026,2,4,2,1,1,0,0,35,35,0,2,0,69,35,34,0
34800,2026,2,4,2,1,1,0,0,35,35,0,2,0,69,35,34,0
34900,2026,2,4,2,1,1,0,0,35,35,0,2,0,69,35,34,0
35000,2026,2,4,2,1,1,0,0,35,35,0,2,0,69,35,34,0
35100,2026,2,5,2,2,0,0,1,36,35,0,2,0,70,35,35,0
35200,2026,2,5,2,2,0,0,1,36,35,0,2,0,70,35,35,0
35300,2026,2,5,2,2,0,0,1,36,35,0,2,0,70,35,35,0
35400,2026,2,5,2,2,0,0,1,36,35,0,2,0,70,35,35,0
35500,2026,2,5,2,2,0,0,1,36,35,0,2,0,70,35,35,0
35600,2026,2,5,2,1,1,0,0,36,36,0,2,0,71,36,35,0
35700,2026,2,5,2,1,1,0,0,36,36,0,2,0,71,36,35,0
35800,2026,2,5,2,1,1,0,0,36,36,0,2,0,71,36,35,0
35900,2026,2,5,2,1,1,0,0,36,36,0,2,0,71,36,35,0
36000,2026,2,5,2,1,1,0,0,36,36,0,2,0,71,36,35,0
36100,2026,2,6,2,2,0,0,1,37,36,0,2,0,72,36,36,0
36200,2026,2,6,2,2,0,0,1,37,36,0,2,0,72,36,36,0
36300,2026,2,6,2,2,0,0,1,37,36,0,2,0,72,36,36,0
36400,2026,2,6,2,2,0,0,1,37,36,0,2,0,72,36,36,0
36500,2026,2,6,2,2,0,0,1,37,36,0,2,0,72,36,36,0
36600,2026,2,6,2,1,1,0,0,37,37,0,2,0,73,37,36,0
36700,2026,2,6,2,1,1,0,0,37,37,0,2,0,73,37,36,0
36800,2026,2,6,2,1,1,0,0,37,37,0,2,0,73,37,36,0
36900,2026,2,6,2,1,1,0,0,37,37,0,2,0,73,37,36,0
37000,2026,2,6,2,1,1,0,0,37,37,0,2,0,73,37,36,0
37100,2026,2,7,2,2,0,0,1,38,37,0,2,0,74,37,37,0
37200,2026,2,7,2,2,0,0,1,38,37,0,2,0,74,37,37,0
37300,2026,2,7,2,2,0,0,1,38,37,0,2,0,74,37,37,0
37400,2026,2,7,2,2,0,0,1,38,37,0,2,0,74,37,37,0
37500,2026,2,7,2,2,0,0,1,38,37,0,2,0,74,37,37,0
37600,2026,2,7,2,1,1,0,0,38,38,0,2,0,75,38,37,0
37700,2026,2,7,2,1,1,0,0,38,38,0,2,0,75,38,37,0
37800,2026,2,7,2,1,1,0,0,38,38,0,2,0,75,38,37,0
37900,2026,2,7,2,1,1,0,0,38,38,0,2,0,75,38,37,0
38000,2026,2,7,2,1,1,0,0,38,38,0,2,0,75,38,37,0
38100,2026,2,8,2,2,0,0,1,39,38,0,2,0,76,38,38,0
38200,2026,2,8,2,2,0,0,1,39,38,0,2,0,76,38,38,0
38300,2026,2,8,2,2,0,0,1,39,38,0,2,0,76,38,38,0
38400,2026,2,8,2,2,0,0,1,39,38,0,2,0,76,38,38,0
38500,2026,2,8,2,2,0,0,1,39,38,0,2,0,76,38,38,0
38600,2026,2,8,2,1,1,0,0,39,39,0,2,0,77,39,38,0
38700,2026,2,8,2,1,1,0,0,39,39,0,2,0,77,39,38,0
38800,2026,2,8,2,1,1,0,0,39,39,0,2,0,77,39,38,0
38900,2026,2,8,2,1,1,0,0,39,39,0,2,0,77,39,38,0
39000,2026,2,8,2,1,1,0,0,39,39,0,2,0,77,39,38,0
39100,2026,2,9,2,2,0,0,1,40,39,0,2,0,78,39,39,0
39200,2026,2,9,2,2,0,0,1,40,39,0,2,0,78,39,39,0
39300,2026,2,9,2,2,0,0,1,40,39,0,2,0,78,39,39,0
39400,2026,2,9,2,2,0,0,1,40,39,0,2,0,78,39,39,0
39500,2026,2,9,2,2,0,0,1,40,39,0,2,0,78,39,39,0
39600,2026,2,9,2,1,1,0,0,40,40,0,2,0,79,40,39,0
39700,2026,2,9,2,1,1,0,0,40,40,0,2,0,79,40,39,0
39800,2026,2,9,2,1,1,0,0,40,40,0,2,0,79,40,39,0
39900,2026,2,9,2,1,1,0,0,40,40,0,2,0,79,40,39,0
40000,2026,2,9,2,1,1,0,0,40,40,0,2,0,79,40,39,0
40100,2026,2,10,2,2,0,0,1,41,40,0,2,0,80,40,40,0
40200,2026,2,10,2,2,0,0,1,41,40,0,2,0,80,40,40,0
40300,2026,2,10,2,2,0,0,1,41,40,0,2,0,80,40,40,0
40400,2026,2,10,2,2,0,0,1,41,40,0,2,0,80,40,40,0
40500,2026,2,10,2,2,0,0,1,41,40,0,2,0,80,40,40,0
40600,2026,2,10,2,1,1,0,0,41,41,0,2,0,81,41,40,0
40700,2026,2,10,2,1,1,0,0,41,41,0,2,0,81,41,40,0
40800,2026,2,10,2,1,1,0,0,41,41,0,2,0,81,41,40,0
40900,2026,2,10,2,1,1,0,0,41,41,0,2,0,81,41,40,0
41000,2026,2,10,2,1,1,0,0,41,41,0,2,0,81,41,40,0
41100,2026,2,11,2,2,0,0,1,42,41,0,2,0,82,41,41,0
41200,2026,2,11,2,2,0,0,1,42,41,0,2,0,82,41,41,0
41300,2026,2,11,2,2,0,0,1,42,41,0,2,0,82,41,41,0
41400,2026,2,11,2,2,0,0,1,42,41,0,2,0,82,41,41,0
41500,2026,2,11,2,2,0,0,1,42,41,0,2,0,82,41,41,0
41600,2026,2,11,2,1,1,0,0,42,42,0,2,0,83,42,41,0
41700,2026,2,11,2,1,1,0,0,42,42,0,2,0,83,42,41,0
41800,2026,2,11,2,1,1,0,0,42,42,0,2,0,83,42,41,0
41900,2026,2,11,2,1,1,0,0,42,42,0,2,0,83,42,41,0
42000,2026,2,11,2,1,1,0,0,42,42,0,2,0,83,42,41,0
42100,2026,2,12,2,2,0,0,1,43,42,0,2,0,84,42,42,0
42200,2026,2,12,2,2,0,0,1,43,42,0,2,0,84,42,42,0
42300,2026,2,12,2,2,0,0,1,43,42,0,2,0,84,42,42,0
42400,2026,2,12,2,2,0,0,1,43,42,0,2,0,84,42,42,0
42500,2026,2,12,2,2,0,0,1,43,42,0,2,0,84,42,42,0
42600,2026,2,12,2,1,1,0,0,43,43,0,2,0,85,43,42,0
42700,2026,2,12,2,1,1,0,0,43,43,0,2,0,85,43,42,0
42800,2026,2,12,2,1,1,0,0,43,43,0,2,0,85,43,42,0
42900,2026,2,12,2,1,1,0,0,43,43,0,2,0,85,43,42,0
43000,2026,2,12,2,1,1,0,0,43,43,0,2,0,85,43,42,0
43100,2026,2,13,2,2,0,0,1,44,43,0,2,0,86,43,43,0
43200,2026,2,13,2,2,0,0,1,44,43,0,2,0,86,43,43,0
43300,2026,2,13,2,2,0,0,1,44,43,0,2,0,86,43,43,0
43400,2026,2,13,2,2,0,0,1,44,43,0,2,0,86,43,43,0
43500,2026,2,13,2,2,0,0,1,44,43,0,2,0,86,43,43,0
43600,2026,2,13,2,1,1,0,0,44,44,0,2,0,87,44,43,0
43700,2026,2,13,2,1,1,0,0,44,44,0,2,0,87,44,43,0
43800,2026,2,13,2,1,1,0,0,44,44,0,2,0,87,44,43,0
43900,2026,2,13,2,1,1,0,0,44,44,0,2,0,87,44,43,0
44000,2026,2,13,2,1,1,0,0,44,44,0,2,0,87,44,43,0
44100,2026,2,14,2,2,0,0,1,45,44,0,2,0,88,44,44,0
44200,2026,2,14,2,2,0,0,1,45,44,0,2,0,88,44,44,0
44300,2026,2,14,2,2,0,0,1,45,44,0,2,0,88,44,44,0
44400,2026,2,14,2,2,0,0,1,45,44,0,2,0,88,44,44,0
44500,2026,2,14,2,2,0,0,1,45,44,0,2,0,88,44,44,0
44600,2026,2,14,2,1,1,0,0,45,45,0,2,0,89,45,44,0
44700,2026,2,14,2,1,1,0,0,45,45,0,2,0,89,45,44,0
44800,2026,2,14,2,1,1,0,0,45,45,0,2,0,89,45,44,0
44900,2026,2,14,2,1,1,0,0,45,45,0,2,0,89,45,44,0
45000,2026,2,14,2,1,1,0,0,45,45,0,2,0,89,45,44,0
45100,2026,2,15,2,2,0,0,1,46,45,0,2,0,90,45,45,0
45200,2026,2,15,2,2,0,0,1,46,45,0,2,0,90,45,45,0
45300,2026,2,15,2,2,0,0,1,46,45,0,2,0,90,45,45,0
45400,2026,2,15,2,2,0,0,1,46,45,0,2,0,90,45,45,0
45500,2026,2,15,2,2,0,0,1,46,45,0,2,0,90,45,45,0
45600,2026,2,15,2,1,1,0,0,46,46,0,2,0,91,46,45,0
45700,2026,2,15,2,1,1,0,0,46,46,0,2,0,91,46,45,0
45800,2026,2,15,2,1,1,0,0,46,46,0,2,0,91,46,45,0
45900,2026,2,15,2,1,1,0,0,46,46,0,2,0,91,46,45,0
46000,2026,2,15,2,1,1,0,0,46,46,0,2,0,91,46,45,0
46100,2026,2,16,2,2,0,0,1,47,46,0,2,0,92,46,46,0
46200,2026,2,16,2,2,0,0,1,47,46,0,2,0,92,46,46,0
46300,2026,2,16,2,2,0,0,1,47,46,0,2,0,92,46,46,0
46400,2026,2,16,2,2,0,0,1,47,46,0,2,0,92,46,46,0
46500,2026,2,16,2,2,0,0,1,47,46,0,2,0,92,46,46,0
46600,2026,2,16,2,1,1,0,0,47,47,0,2,0,93,47,46,0
46700,2026,2,16,2,1,1,0,0,47,47,0,2,0,93,47,46,0
46800,2026,2,16,2,1,1,0,0,47,47,0,2,0,93,47,46,0
46900,2026,2,16,2,1,1,0,0,47,47,0,2,0,93,47,46,0
47000,2026,2,16,2,1,1,0,0,47,47,0,2,0,93,47,46,0
47100,2026,2,17,2,2,0,0,1,48,47,0,2,0,94,47,47,0
47200,2026,2,17,2,2,0,0,1,48,47,0,2,0,94,47,47,0
47300,2026,2,17,2,2,0,0,1,48,47,0,2,0,94,47,47,0
47400,2026,2,17,2,2,0,0,1,48,47,0,2,0,94,47,47,0
47500,2026,2,17,2,2,0,0,1,48,47,0,2,0,94,47,47,0
47600,2026,2,17,2,1,1,0,0,48,48,0,2,0,95,48,47,0
47700,2026,2,17,2,1,1,0,0,48,48,0,2,0,95,48,47,0
47800,2026,2,17,2,1,1,0,0,48,48,0,2,0,95,48,47,0
47900,2026,2,17,2,1,1,0,0,48,48,0,2,0,95,48,47,0
48000,2026,2,17,2,1,1,0,0,48,48,0,2,0,95,48,47,0
48100,2026,2,18,2,2,0,0,1,49,48,0,2,0,96,48,48,0
48200,2026,2,18,2,2,0,0,1,49,48,0,2,0,96,48,48,0
48300,2026,2,18,2,2,0,0,1,49,48,0,2,0,96,48,48,0
48400,2026,2,18,2,2,0,0,1,49,48,0,2,0,96,48,48,0
48500,2026,2,18,2,2,0,0,1,49,48,0,2,0,96,48,48,0
48600,2026,2,18,2,1,1,0,0,49,49,0,2,0,97,49,48,0
48700,2026,2,18,2,1,1,0,0,49,49,0,2,0,97,49,48,0
48800,2026,2,18,2,1,1,0,0,49,49,0,2,0,97,49,48,0
48900,2026,2,18,2,1,1,0,0,49,49,0,2,0,97,49,48,0
49000,2026,2,18,2,1,1,0,0,49,49,0,2,0,97,49,48,0
49100,2026,2,19,2,2,0,0,1,50,49,0,2,0,98,49,49,0
49200,2026,2,19,2,2,0,0,1,50,49,0,2,0,98,49,49,0
49300,2026,2,19,2,2,0,0,1,50,49,0,2,0,98,49,49,0
49400,2026,2,19,2,2,0,0,1,50,49,0,2,0,98,49,49,0
49500,2026,2,19,2,2,0,0,1,50,49,0,2,0,98,49,49,0
49600,2026,2,19,2,1,1,0,0,50,50,0,2,0,99,50,49,0
49700,2026,2,19,2,1,1,0,0,50,50,0,2,0,99,50,49,0
49800,2026,2,19,2,1,1,0,0,50,50,0,2,0,99,50,49,0
49900,2026,2,19,2,1,1,0,0,50,50,0,2,0,99,50,49,0
50000,2026,2,19,2,1,1,0,0,50,50,0,2,0,99,50,49,0
50100,2026,2,20,2,2,0,0,1,51,50,0,2,0,100,50,50,0
50200,2026,2,20,2,2,0,0,1,51,50,0,2,0,100,50,50,0
50300,2026,2,20,2,2,0,0,1,51,50,0,2,0,100,50,50,0
50400,2026,2,20,2,2,0,0,1,51,50,0,2,0,100,50,50,0
50500,2026,2,20,2,2,0,0,1,51,50,0,2,0,100,50,50,0
50600,2026,2,20,2,1,1,0,0,51,51,0,2,0,101,51,50,0
50700,2026,2,20,2,1,1,0,0,51,51,0,2,0,101,51,50,0
50800,2026,2,20,2,1,1,0,0,51,51,0,2,0,101,51,50,0
50900,2026,2,20,2,1,1,0,0,51,51,0,2,0,101,51,50,0
51000,2026,2,20,2,1,1,0,0,51,51,0,2,0,101,51,50,0
51100,2026,2,21,2,2,0,0,1,52,51,0,2,0,102,51,51,0
51200,2026,2,21,2,2,0,0,1,52,51,0,2,0,102,51,51,0
51300,2026,2,21,2,2,0,0,1,52,51,0,2,0,102,51,51,0
51400,2026,2,21,2,2,0,0,1,52,51,0,2,0,102,51,51,0
51500,2026,2,21,2,2,0,0,1,52,51,0,2,0,102,51,51,0
51600,2026,2,21,2,1,1,0,0,52,52,0,2,0,103,52,51,0
51700,2026,2,21,2,1,1,0,0,52,52,0,2,0,103,52,51,0
51800,2026,2,21,2,1,1,0,0,52,52,0,2,0,103,52,51,0
51900,2026,2,21,2,1,1,0,0,52,52,0,2,0,103,52,51,0
52000,2026,2,21,2,1,1,0,0,52,52,0,2,0,103,52,51,0
52100,2026,2,22,2,2,0,0,1,53,52,0,2,0,104,52,52,0
52200,2026,2,22,2,2,0,0,1,53,52,0,2,0,104,52,52,0
52300,2026,2,22,2,2,0,0,1,53,52,0,2,0,104,52,52,0
52400,2026,2,22,2,2,0,0,1,53,52,0,2,0,104,52,52,0
52500,2026,2,22,2,2,0,0,1,53,52,0,2,0,104,52,52,0
52600,2026,2,22,2,1,1,0,0,53,53,0,2,0,105,53,52,0
52700,2026,2,22,2,1,1,0,0,53,53,0,2,0,105,53,52,0
52800,2026,2,22,2,1,1,0,0,53,53,0,2,0,105,53,52,0
52900,2026,2,22,2,1,1,0,0,53,53,0,2,0,105,53,52,0
53000,2026,2,22,2,1,1,0,0,53,53,0,2,0,105,53,52,0
53100,2026,2,23,2,2,0,0,1,54,53,0,2,0,106,53,53,0
53200,2026,2,23,2,2,0,0,1,54,53,0,2,0,106,53,53,0
53300,2026,2,23,2,2,0,0,1,54,53,0,2,0,106,53,53,0
53400,2026,2,23,2,2,0,0,1,54,53,0,2,0,106,53,53,0
53500,2026,2,23,2,2,0,0,1,54,53,0,2,0,106,53,53,0
53600,2026,2,23,2,1,1,0,0,54,54,0,2,0,107,54,53,0
53700,2026,2,23,2,1,1,0,0,54,54,0,2,0,107,54,53,0
53800,2026,2,23,2,1,1,0,0,54,54,0,2,0,107,54,53,0
53900,2026,2,23,2,1,1,0,0,54,54,0,2,0,107,54,53,0
54000,2026,2,23,2,1,1,0,0,54,54,0,2,0,107,54,53,0
54100,2026,2,24,2,2,0,0,1,55,54,0,2,0,108,54,54,0
54200,2026,2,24,2,2,0,0,1,55,54,0,2,0,108,54,54,0
54300,2026,2,24,2,2,0,0,1,55,54,0,2,0,108,54,54,0
54400,2026,2,24,2,2,0,0,1,55,54,0,2,0,108,54,54,0
54500,2026,2,24,2,2,0,0,1,55,54,0,2,0,108,54,54,0
54600,2026,2,24,2,1,1,0,0,55,55,0,2,0,109,55,54,0
54700,2026,2,24,2,1,1,0,0,55,55,0,2,0,109,55,54,0
54800,2026,2,24,2,1,1,0,0,55,55,0,2,0,109,55,54,0
54900,2026,2,24,2,1,1,0,0,55,55,0,2,0,109,55,54,0
55000,2026,2,24,2,1,1,0,0,55,55,0,2,0,109,55,54,0
55100,2026,2,25,2,2,0,0,1,56,55,0,2,0,110,55,55,0
55200,2026,2,25,2,2,0,0,1,56,55,0,2,0,110,55,55,0
55300,2026,2,25,2,2,0,0,1,56,55,0,2,0,110,55,55,0
55400,2026,2,25,2,2,0,0,1,56,55,0,2,0,110,55,55,0
55500,2026,2,25,2,2,0,0,1,56,55,0,2,0,110,55,55,0
55600,2026,2,25,2,1,1,0,0,56,56,0,2,0,111,56,55,0
55700,2026,2,25,2,1,1,0,0,56,56,0,2,0,111,56,55,0
55800,2026,2,25,2,1,1,0,0,56,56,0,2,0,111,56,55,0
55900,2026,2,25,2,1,1,0,0,56,56,0,2,0,111,56,55,0
56000,2026,2,25,2,1,1,0,0,56,56,0,2,0,111,56,55,0
56100,2026,2,26,2,2,0,0,1,57,56,0,2,0,112,56,56,0
56200,2026,2,26,2,2,0,0,1,57,56,0,2,0,112,56,56,0
56300,2026,2,26,2,2,0,0,1,57,56,0,2,0,112,56,56,0
56400,2026,2,26,2,2,0,0,1,57,56,0,2,0,112,56,56,0
56500,2026,2,26,2,2,0,0,1,57,56,0,2,0,112,56,56,0
56600,2026,2,26,2,1,1,0,0,57,57,0,2,0,113,57,56,0
56700,2026,2,26,2,1,1,0,0,57,57,0,2,0,113,57,56,0
56800,2026,2,26,2,1,1,0,0,57,57,0,2,0,113,57,56,0
56900,2026,2,26,2,1,1,0,0,57,57,0,2,0,113,57,56,0
57000,2026,2,26,2,1,1,0,0,57,57,0,2,0,113,57,56,0
57100,2026,2,27,2,2,0,0,1,58,57,0,2,0,114,57,57,0
57200,2026,2,27,2,2,0,0,1,58,57,0,2,0,114,57,57,0
57300,2026,2,27,2,2,0,0,1,58,57,0,2,0,114,57,57,0
57400,2026,2,27,2,2,0,0,1,58,57,0,2,0,114,57,57,0
57500,2026,2,27,2,2,0,0,1,58,57,0,2,0,114,57,57,0
57600,2026,2,27,2,1,1,0,0,58,58,0,2,0,115,58,57,0
57700,2026,2,27,2,1,1,0,0,58,58,0,2,0,115,58,57,0
57800,2026,2,27,2,1,1,0,0,58,58,0,2,0,115,58,57,0
57900,2026,2,27,2,1,1,0,0,58,58,0,2,0,115,58,57,0
58000,2026,2,27,2,1,1,0,0,58,58,0,2,0,115,58,57,0
58100,2026,2,28,2,2,0,0,1,59,58,0,2,0,116,58,58,0
58200,2026,2,28,2,2,0,0,1,59,58,0,2,0,116,58,58,0
58300,2026,2,28,2,2,0,0,1,59,58,0,2,0,116,58,58,0
58400,2026,2,28,2,2,0,0,1,59,58,0,2,0,116,58,58,0
58500,2026,2,28,2,2,0,0,1,59,58,0,2,0,116,58,58,0
58600,2026,2,28,2,1,1,0,0,59,59,0,2,0,117,59,58,0
58700,2026,2,28,2,1,1,0,0,59,59,0,2,0,117,59,58,0
58800,2026,2,28,2,1,1,0,0,59,59,0,2,0,117,59,58,0
58900,2026,2,28,2,1,1,0,0,59,59,0,2,0,117,59,58,0
59000,2026,2,28,2,1,1,0,0,59,59,0,2,0,117,59,58,0
59100,2026,3,1,2,2,0,0,1,60,59,0,2,0,118,59,59,0
59200,2026,3,1,2,2,0,0,1,60,59,0,2,0,118,59,59,0
59300,2026,3,1,2,2,0,0,1,60,59,0,2,0,118,59,59,0
59400,2026,3,1,2,2,0,0,1,60,59,0,2,0,118,59,59,0
59500,2026,3,1,2,2,0,0,1,60,59,0,2,0,118,59,59,0
59600,2026,3,1,2,1,1,0,0,60,60,0,2,0,119,60,59,0
59700,2026,3,1,2,1,1,0,0,60,60,0,2,0,119,60,59,0
59800,2026,3,1,2,1,1,0,0,60,60,0,2,0,119,60,59,0
59900,2026,3,1,2,1,1,0,0,60,60,0,2,0,119,60,59,0
60000,2026,3,1,2,1,1,0,0,60,60,0,2,0,119,60,59,0
60100,2026,3,2,2,2,0,0,1,61,60,0,2,0,120,60,60,0
60200,2026,3,2,2,2,0,0,1,61,60,0,2,0,120,60,60,0
60300,2026,3,2,2,2,0,0,1,61,60,0,2,0,120,60,60,0
60400,2026,3,2,2,2,0,0,1,61,60,0,2,0,120,60,60,0
60500,2026,3,2,2,2,0,0,1,61,60,0,2,0,120,60,60,0
60600,2026,3,2,2,1,1,0,0,61,61,0,2,0,121,61,60,0
60700,2026,3,2,2,1,1,0,0,61,61,0,2,0,121,61,60,0
60800,2026,3,2,2,1,1,0,0,61,61,0,2,0,121,61,60,0
60900,2026,3,2,2,1,1,0,0,61,61,0,2,0,121,61,60,0
61000,2026,3,2,2,1,1,0,0,61,61,0,2,0,121,61,60,0
61100,2026,3,3,2,2,0,0,1,62,61,0,2,0,122,61,61,0
61200,2026,3,3,2,2,0,0,1,62,61,0,2,0,122,61,61,0
61300,2026,3,3,2,2,0,0,1,62,61,0,2,0,122,61,61,0
61400,2026,3,3,2,2,0,0,1,62,61,0,2,0,122,61,61,0
61500,2026,3,3,2,2,0,0,1,62,61,0,2,0,122,61,61,0
61600,2026,3,3,2,1,1,0,0,62,62,0,2,0,123,62,61,0
61700,2026,3,3,2,1,1,0,0,62,62,0,2,0,123,62,61,0
61800,2026,3,3,2,1,1,0,0,62,62,0,2,0,123,62,61,0
61900,2026,3,3,2,1,1,0,0,62,62,0,2,0,123,62,61,0
62000,2026,3,3,2,1,1,0,0,62,62,0,2,0,123,62,61,0
62100,2026,3,4,2,2,0,0,1,63,62,0,2,0,124,62,62,0
62200,2026,3,4,2,2,0,0,1,63,62,0,2,0,124,62,62,0
62300,2026,3,4,2,2,0,0,1,63,62,0,2,0,124,62,62,0
62400,2026,3,4,2,2,0,0,1,63,62,0,2,0,124,62,62,0
62500,2026,3,4,2,2,0,0,1,63,62,0,2,0,124,62,62,0
62600,2026,3,4,2,1,1,0,0,63,63,0,2,0,125,63,62,0
62700,2026,3,4,2,1,1,0,0,63,63,0,2,0,125,63,62,0
62800,2026,3,4,2,1,1,0,0,63,63,0,2,0,125,63,62,0
62900,2026,3,4,2,1,1,0,0,63,63,0,2,0,125,63,62,0
63000,2026,3,4,2,1,1,0,0,63,63,0,2,0,125,63,62,0
63100,2026,3,5,2,2,0,0,1,64,63,0,2,0,126,63,63,0
63200,2026,3,5,2,2,0,0,1,64,63,0,2,0,126,63,63,0
63300,2026,3,5,2,2,0,0,1,64,63,0,2,0,126,63,63,0
63400,2026,3,5,2,2,0,0,1,64,63,0,2,0,126,63,63,0
63500,2026,3,5,2,2,0,0,1,64,63,0,2,0,126,63,63,0
63600,2026,3,5,2,1,1,0,0,64,64,0,2,0,127,64,63,0
63700,2026,3,5,2,1,1,0,0,64,64,0,2,0,127,64,63,0
63800,2026,3,5,2,1,1,0,0,64,64,0,2,0,127,64,63,0
63900,2026,3,5,2,1,1,0,0,64,64,0,2,0,127,64,63,0
64000,2026,3,5,2,1,1,0,0,64,64,0,2,0,127,64,63,0
64100,2026,3,6,2,2,0,0,1,65,64,0,2,0,128,64,64,0
64200,2026,3,6,2,2,0,0,1,65,64,0,2,0,128,64,64,0
64300,2026,3,6,2,2,0,0,1,65,64,0,2,0,128,64,64,0
64400,2026,3,6,2,2,0,0,1,65,64,0,2,0,128,64,64,0
64500,2026,3,6,2,2,0,0,1,65,64,0,2,0,128,64,64,0
64600,2026,3,6,2,1,1,0,0,65,65,0,2,0,129,65,64,0
64700,2026,3,6,2,1,1,0,0,65,65,0,2,0,129,65,64,0
64800,2026,3,6,2,1,1,0,0,65,65,0,2,0,129,65,64,0
64900,2026,3,6,2,1,1,0,0,65,65,0,2,0,129,65,64,0
65000,2026,3,6,2,1,1,0,0,65,65,0,2,0,129,65,64,0
65100,2026,3,7,2,2,0,0,1,66,65,0,2,0,130,65,65,0
65200,2026,3,7,2,2,0,0,1,66,65,0,2,0,130,65,65,0
65300,2026,3,7,2,2,0,0,1,66,65,0,2,0,130,65,65,0
65400,2026,3,7,2,2,0,0,1,66,65,0,2,0,130,65,65,0
65500,2026,3,7,2,2,0,0,1,66,65,0,2,0,130,65,65,0
65600,2026,3,7,2,1,1,0,0,66,66,0,2,0,131,66,65,0
65700,2026,3,7,2,1,1,0,0,66,66,0,2,0,131,66,65,0
65800,2026,3,7,2,1,1,0,0,66,66,0,2,0,131,66,65,0
65900,2026,3,7,2,1,1,0,0,66,66,0,2,0,131,66,65,0
66000,2026,3,7,2,1,1,0,0,66,66,0,2,0,131,66,65,0
66100,2026,3,8,2,2,0,0,1,67,66,0,2,0,132,66,66,0
66200,2026,3,8,2,2,0,0,1,67,66,0,2,0,132,66,66,0
66300,2026,3,8,2,2,0,0,1,67,66,0,2,0,132,66,66,0
66400,2026,3,8,2,2,0,0,1,67,66,0,2,0,132,66,66,0
66500,2026,3,8,2,2,0,0,1,67,66,0,2,0,132,66,66,0
66600,2026,3,8,2,1,1,0,0,67,67,0,2,0,133,67,66,0
66700,2026,3,8,2,1,1,0,0,67,67,0,2,0,133,67,66,0
66800,2026,3,8,2,1,1,0,0,67,67,0,2,0,133,67,66,0
66900,2026,3,8,2,1,1,0,0,67,67,0,2,0,133,67,66,0
67000,2026,3,8,2,1,1,0,0,67,67,0,2,0,133,67,66,0
67100,2026,3,9,2,2,0,0,1,68,67,0,2,0,134,67,67,0
67200,2026,3,9,2,2,0,0,1,68,67,0,2,0,134,67,67,0
67300,2026,3,9,2,2,0,0,1,68,67,0,2,0,134,67,67,0
67400,2026,3,9,2,2,0,0,1,68,67,0,2,0,134,67,67,0
67500,2026,3,9,2,2,0,0,1,68,67,0,2,0,134,67,67,0
67600,2026,3,9,2,1,1,0,0,68,68,0,2,0,135,68,67,0
67700,2026,3,9,2,1,1,0,0,68,68,0,2,0,135,68,67,0
67800,2026,3,9,2,1,1,0,0,68,68,0,2,0,135,68,67,0
67900,2026,3,9,2,1,1,0,0,68,68,0,2,0,135,68,67,0
68000,2026,3,9,2,1,1,0,0,68,68,0,2,0,135,68,67,0
68100,2026,3,10,2,2,0,0,1,69,68,0,2,0,136,68,68,0
68200,2026,3,10,2,2,0,0,1,69,68,0,2,0,136,68,68,0
68300,2026,3,10,2,2,0,0,1,69,68,0,2,0,136,68,68,0
68400,2026,3,10,2,2,0,0,1,69,68,0,2,0,136,68,68,0
68500,2026,3,10,2,2,0,0,1,69,68,0,2,0,136,68,68,0
68600,2026,3,10,2,1,1,0,0,69,69,0,2,0,137,69,68,0
68700,2026,3,10,2,1,1,0,0,69,69,0,2,0,137,69,68,0
68800,2026,3,10,2,1,1,0,0,69,69,0,2,0,137,69,68,0
68900,2026,3,10,2,1,1,0,0,69,69,0,2,0,137,69,68,0
69000,2026,3,10,2,1,1,0,0,69,69,0,2,0,137,69,68,0
69100,2026,3,11,2,2,0,0,1,70,69,0,2,0,138,69,69,0
69200,2026,3,11,2,2,0,0,1,70,69,0,2,0,138,69,69,0
69300,2026,3,11,2,2,0,0,1,70,69,0,2,0,138,69,69,0
69400,2026,3,11,2,2,0,0,1,70,69,0,2,0,138,69,69,0
69500,2026,3,11,2,2,0,0,1,70,69,0,2,0,138,69,69,0
69600,2026,3,11,2,1,1,0,0,70,70,0,2,0,139,70,69,0
69700,2026,3,11,2,1,1,0,0,70,70,0,2,0,139,70,69,0
69800,2026,3,11,2,1,1,0,0,70,70,0,2,0,139,70,69,0
69900,2026,3,11,2,1,1,0,0,70,70,0,2,0,139,70,69,0
70000,2026,3,11,2,1,1,0,0,70,70,0,2,0,139,70,69,0
70100,2026,3,12,2,2,0,0,1,71,70,0,2,0,140,70,70,0
70200,2026,3,12,2,2,0,0,1,71,70,0,2,0,140,70,70,0
70300,2026,3,12,2,2,0,0,1,71,70,0,2,0,140,70,70,0
70400,2026,3,12,2,2,0,0,1,71,70,0,2,0,140,70,70,0
70500,2026,3,12,2,1,1,0,0,71,71,0,2,0,141,71,70,0
70600,2026,3,12,2,1,1,0,0,71,71,0,2,0,141,71,70,0
70700,2026,3,12,2,1,1,0,0,71,71,0,2,0,141,71,70,0
70800,2026,3,12,2,1,1,0,0,71,71,0,2,0,141,71,70,0
70900,2026,3,12,2,1,1,0,0,71,71,0,2,0,141,71,70,0
71000,2026,3,12,2,2,0,0,0,71,71,0,2,0,142,71,71,0
71100,2026,3,13,2,2,0,0,1,72,71,0,2,0,142,71,71,0
71200,2026,3,13,2,2,0,0,1,72,71,0,2,0,142,71,71,0
71300,2026,3,13,2,2,0,0,1,72,71,0,2,0,142,71,71,0
71400,2026,3,13,2,2,0,0,1,72,71,0,2,0,142,71,71,0
71500,2026,3,13,2,1,1,0,0,72,72,0,2,0,143,72,71,0
71600,2026,3,13,2,1,1,0,0,72,72,0,2,0,143,72,71,0
71700,2026,3,13,2,1,1,0,0,72,72,0,2,0,143,72,71,0
71800,2026,3,13,2,1,1,0,0,72,72,0,2,0,143,72,71,0
71900,2026,3,13,2,1,1,0,0,72,72,0,2,0,143,72,71,0
72000,2026,3,13,2,2,0,0,1,73,72,0,2,0,144,72,72,0
72100,2026,3,14,2,2,0,0,1,73,72,0,2,0,144,72,72,0
72200,2026,3,14,2,2,0,0,1,73,72,0,2,0,144,72,72,0
72300,2026,3,14,2,2,0,0,1,73,72,0,2,0,144,72,72,0
72400,2026,3,14,2,2,0,0,1,73,72,0,2,0,144,72,72,0
72500,2026,3,14,2,1,1,0,0,73,73,0,2,0,145,73,72,0
72600,2026,3,14,2,1,1,0,0,73,73,0,2,0,145,73,72,0
72700,2026,3,14,2,1,1,0,0,73,73,0,2,0,145,73,72,0
72800,2026,3,14,2,1,1,0,0,73,73,0,2,0,145,73,72,0
72900,2026,3,14,2,1,1,0,0,73,73,0,2,0,145,73,72,0
73000,2026,3,14,2,2,0,0,1,74,73,0,2,0,146,73,73,0
73100,2026,3,15,2,2,0,0,1,74,73,0,2,0,146,73,73,0
73200,2026,3,15,2,2,0,0,1,74,73,0,2,0,146,73,73,0
73300,2026,3,15,2,2,0,0,1,74,73,0,2,0,146,73,73,0
73400,2026,3,15,2,2,0,0,1,74,73,0,2,0,146,73,73,0
73500,2026,3,15,2,1,1,0,0,74,74,0,2,0,147,74,73,0
73600,2026,3,15,2,1,1,0,0,74,74,0,2,0,147,74,73,0
73700,2026,3,15,2,1,1,0,0,74,74,0,2,0,147,74,73,0
73800,2026,3,15,2,1,1,0,0,74,74,0,2,0,147,74,73,0
73900,2026,3,15,2,1,1,0,0,74,74,0,2,0,147,74,73,0
74000,2026,3,15,2,2,0,0,1,75,74,0,2,0,148,74,74,0
74100,2026,3,16,2,2,0,0,1,75,74,0,2,0,148,74,74,0
74200,2026,3,16,2,2,0,0,1,75,74,0,2,0,148,74,74,0
74300,2026,3,16,2,2,0,0,1,75,74,0,2,0,148,74,74,0
74400,2026,3,16,2,2,0,0,1,75,74,0,2,0,148,74,74,0
74500,2026,3,16,2,1,1,0,0,75,75,0,2,0,149,75,74,0
74600,2026,3,16,2,1,1,0,0,75,75,0,2,0,149,75,74,0
74700,2026,3,16,2,1,1,0,0,75,75,0,2,0,149,75,74,0
74800,2026,3,16,2,1,1,0,0,75,75,0,2,0,149,75,74,0
74900,2026,3,16,2,1,1,0,0,75,75,0,2,0,149,75,74,0
75000,2026,3,16,2,2,0,0,1,76,75,0,2,0,150,75,75,0
75100,2026,3,17,2,2,0,0,1,76,75,0,2,0,150,75,75,0
75200,2026,3,17,2,2,0,0,1,76,75,0,2,0,150,75,75,0
75300,2026,3,17,2,2,0,0,1,76,75,0,2,0,150,75,75,0
75400,2026,3,17,2,2,0,0,1,76,75,0,2,0,150,75,75,0
75500,2026,3,17,2,1,1,0,0,76,76,0,2,0,151,76,75,0
75600,2026,3,17,2,1,1,0,0,76,76,0,2,0,151,76,75,0
75700,2026,3,17,2,1,1,0,0,76,76,0,2,0,151,76,75,0
75800,2026,3,17,2,1,1,0,0,76,76,0,2,0,151,76,75,0
75900,2026,3,17,2,1,1,0,0,76,76,0,2,0,151,76,75,0
76000,2026,3,17,2,2,0,0,1,77,76,0,2,0,152,76,76,0
76100,2026,3,18,2,2,0,0,1,77,76,0,2,0,152,76,76,0
76200,2026,3,18,2,2,0,0,1,77,76,0,2,0,152,76,76,0
76300,2026,3,18,2,2,0,0,1,77,76,0,2,0,152,76,76,0
76400,2026,3,18,2,2,0,0,1,77,76,0,2,0,152,76,76,0
76500,2026,3,18,2,1,1,0,0,77,77,0,2,0,153,77,76,0
76600,2026,3,18,2,1,1,0,0,77,77,0,2,0,153,77,76,0
76700,2026,3,18,2,1,1,0,0,77,77,0,2,0,153,77,76,0
76800,2026,3,18,2,1,1,0,0,77,77,0,2,0,153,77,76,0
76900,2026,3,18,2,1,1,0,0,77,77,0,2,0,153,77,76,0
77000,2026,3,18,2,2,0,0,1,78,77,0,2,0,154,77,77,0
77100,2026,3,19,2,2,0,0,1,78,77,0,2,0,154,77,77,0
77200,2026,3,19,2,2,0,0,1,78,77,0,2,0,154,77,77,0
77300,2026,3,19,2,2,0,0,1,78,77,0,2,0,154,77,77,0
77400,2026,3,19,2,2,0,0,1,78,77,0,2,0,154,77,77,0
77500,2026,3,19,2,1,1,0,0,78,78,0,2,0,155,78,77,0
77600,2026,3,19,2,1,1,0,0,78,78,0,2,0,155,78,77,0
77700,2026,3,19,2,1,1,0,0,78,78,0,2,0,155,78,77,0
77800,2026,3,19,2,1,1,0,0,78,78,0,2,0,155,78,77,0
77900,2026,3,19,2,1,1,0,0,78,78,0,2,0,155,78,77,0
78000,2026,3,19,2,2,0,0,1,79,78,0,2,0,156,78,78,0
78100,2026,3,20,2,2,0,0,1,79,78,0,2,0,156,78,78,0
78200,2026,3,20,2,2,0,0,1,79,78,0,2,0,156,78,78,0
78300,2026,3,20,2,2,0,0,1,79,78,0,2,0,156,78,78,0
78400,2026,3,20,2,2,0,0,1,79,78,0,2,0,156,78,78,0
78500,2026,3,20,2,1,1,0,0,79,79,0,2,0,157,79,78,0
78600,2026,3,20,2,1,1,0,0,79,79,0,2,0,157,79,78,0
78700,2026,3,20,2,1,1,0,0,79,79,0,2,0,157,79,78,0
78800,2026,3,20,2,1,1,0,0,79,79,0,2,0,157,79,78,0
78900,2026,3,20,2,1,1,0,0,79,79,0,2,0,157,79,78,0
79000,2026,3,20,2,2,0,0,1,80,79,0,2,0,158,79,79,0
79100,2026,3,21,2,2,0,0,1,80,79,0,2,0,158,79,79,0
79200,2026,3,21,2,2,0,0,1,80,79,0,2,0,158,79,79,0
79300,2026,3,21,2,2,0,0,1,80,79,0,2,0,158,79,79,0
79400,2026,3,21,2,2,0,0,1,80,79,0,2,0,158,79,79,0
79500,2026,3,21,2,1,1,0,0,80,80,0,2,0,159,80,79,0
79600,2026,3,21,2,1,1,0,0,80,80,0,2,0,159,80,79,0
79700,2026,3,21,2,1,1,0,0,80,80,0,2,0,159,80,79,0
79800,2026,3,21,2,1,1,0,0,80,80,0,2,0,159,80,79,0
79900,2026,3,21,2,1,1,0,0,80,80,0,2,0,159,80,79,0
80000,2026,3,21,2,2,0,0,1,81,80,0,2,0,160,80,80,0
80100,2026,3,22,2,2,0,0,1,81,80,0,2,0,160,80,80,0
80200,2026,3,22,2,2,0,0,1,81,80,0,2,0,160,80,80,0
80300,2026,3,22,2,2,0,0,1,81,80,0,2,0,160,80,80,0
80400,2026,3,22,2,2,0,0,1,81,80,0,2,0,160,80,80,0
80500,2026,3,22,2,1,1,0,0,81,81,0,2,0,161,81,80,0
80600,2026,3,22,2,1,1,0,0,81,81,0,2,0,161,81,80,0
80700,2026,3,22,2,1,1,0,0,81,81,0,2,0,161,81,80,0
80800,2026,3,22,2,1,1,0,0,81,81,0,2,0,161,81,80,0
80900,2026,3,22,2,1,1,0,0,81,81,0,2,0,161,81,80,0
81000,2026,3,22,2,2,0,0,1,82,81,0,2,0,162,81,81,0
81100,2026,3,23,2,2,0,0,1,82,81,0,2,0,162,81,81,0
81200,2026,3,23,2,2,0,0,1,82,81,0,2,0,162,81,81,0
81300,2026,3,23,2,2,0,0,1,82,81,0,2,0,162,81,81,0
81400,2026,3,23,2,2,0,0,1,82,81,0,2,0,162,81,81,0
81500,2026,3,23,2,1,1,0,0,82,82,0,2,0,163,82,81,0
81600,2026,3,23,2,1,1,0,0,82,82,0,2,0,163,82,81,0
81700,2026,3,23,2,1,1,0,0,82,82,0,2,0,163,82,81,0
81800,2026,3,23,2,1,1,0,0,82,82,0,2,0,163,82,81,0
81900,2026,3,23,2,1,1,0,0,82,82,0,2,0,163,82,81,0
82000,2026,3,23,2,2,0,0,1,83,82,0,2,0,164,82,82,0
82100,2026,3,24,2,2,0,0,1,83,82,0,2,0,164,82,82,0
82200,2026,3,24,2,2,0,0,1,83,82,0,2,0,164,82,82,0
82300,2026,3,24,2,2,0,0,1,83,82,0,2,0,164,82,82,0
82400,2026,3,24,2,2,0,0,1,83,82,0,2,0,164,82,82,0
82500,2026,3,24,2,1,1,0,0,83,83,0,2,0,165,83,82,0
82600,2026,3,24,2,1,1,0,0,83,83,0,2,0,165,83,82,0
82700,2026,3,24,2,1,1,0,0,83,83,0,2,0,165,83,82,0
82800,2026,3,24,2,1,1,0,0,83,83,0,2,0,165,83,82,0
82900,2026,3,24,2,1,1,0,0,83,83,0,2,0,165,83,82,0
83000,2026,3,24,2,2,0,0,1,84,83,0,2,0,166,83,83,0
83100,2026,3,25,2,2,0,0,1,84,83,0,2,0,166,83,83,0
83200,2026,3,25,2,2,0,0,1,84,83,0,2,0,166,83,83,0
83300,2026,3,25,2,2,0,0,1,84,83,0,2,0,166,83,83,0
83400,2026,3,25,2,2,0,0,1,84,83,0,2,0,166,83,83,0
83500,2026,3,25,2,1,1,0,0,84,84,0,2,0,167,84,83,0
83600,2026,3,25,2,1,1,0,0,84,84,0,2,0,167,84,83,0
83700,2026,3,25,2,1,1,0,0,84,84,0,2,0,167,84,83,0
83800,2026,3,25,2,1,1,0,0,84,84,0,2,0,167,84,83,0
83900,2026,3,25,2,1,1,0,0,84,84,0,2,0,167,84,83,0
84000,2026,3,25,2,2,0,0,1,85,84,0,2,0,168,84,84,0
84100,2026,3,26,2,2,0,0,1,85,84,0,2,0,168,84,84,0
84200,2026,3,26,2,2,0,0,1,85,84,0,2,0,168,84,84,0
84300,2026,3,26,2,2,0,0,1,85,84,0,2,0,168,84,84,0
84400,2026,3,26,2,2,0,0,1,85,84,0,2,0,168,84,84,0
84500,2026,3,26,2,1,1,0,0,85,85,0,2,0,169,85,84,0
84600,2026,3,26,2,1,1,0,0,85,85,0,2,0,169,85,84,0
84700,2026,3,26,2,1,1,0,0,85,85,0,2,0,169,85,84,0
84800,2026,3,26,2,1,1,0,0,85,85,0,2,0,169,85,84,0
84900,2026,3,26,2,1,1,0,0,85,85,0,2,0,169,85,84,0
85000,2026,3,26,2,2,0,0,1,86,85,0,2,0,170,85,85,0
85100,2026,3,27,2,2,0,0,1,86,85,0,2,0,170,85,85,0
85200,2026,3,27,2,2,0,0,1,86,85,0,2,0,170,85,85,0
85300,2026,3,27,2,2,0,0,1,86,85,0,2,0,170,85,85,0
85400,2026,3,27,2,2,0,0,1,86,85,0,2,0,170,85,85,0
85500,2026,3,27,2,1,1,0,0,86,86,0,2,0,171,86,85,0
85600,2026,3,27,2,1,1,0,0,86,86,0,2,0,171,86,85,0
85700,2026,3,27,2,1,1,0,0,86,86,0,2,0,171,86,85,0
85800,2026,3,27,2,1,1,0,0,86,86,0,2,0,171,86,85,0
85900,2026,3,27,2,1,1,0,0,86,86,0,2,0,171,86,85,0
86000,2026,3,27,2,2,0,0,1,87,86,0,2,0,172,86,86,0
86100,2026,3,28,2,2,0,0,1,87,86,0,2,0,172,86,86,0
86200,2026,3,28,2,2,0,0,1,87,86,0,2,0,172,86,86,0
86300,2026,3,28,2,2,0,0,1,87,86,0,2,0,172,86,86,0
86400,2026,3,28,2,2,0,0,1,87,86,0,2,0,172,86,86,0
86500,2026,3,28,2,1,1,0,0,87,87,0,2,0,173,87,86,0
86600,2026,3,28,2,1,1,0,0,87,87,0,2,0,173,87,86,0
86700,2026,3,28,2,1,1,0,0,87,87,0,2,0,173,87,86,0
86800,2026,3,28,2,1,1,0,0,87,87,0,2,0,173,87,86,0
86900,2026,3,28,2,1,1,0,0,87,87,0,2,0,173,87,86,0
87000,2026,3,28,2,2,0,0,1,88,87,0,2,0,174,87,87,0
87100,2026,3,29,2,2,0,0,1,88,87,0,2,0,174,87,87,0
87200,2026,3,29,2,2,0,0,1,88,87,0,2,0,174,87,87,0
87300,2026,3,29,2,2,0,0,1,88,87,0,2,0,174,87,87,0
87400,2026,3,29,2,2,0,0,1,88,87,0,2,0,174,87,87,0
87500,2026,3,29,2,1,1,0,0,88,88,0,2,0,175,88,87,0
87600,2026,3,29,2,1,1,0,0,88,88,0,2,0,175,88,87,0
87700,2026,3,29,2,1,1,0,0,88,88,0,2,0,175,88,87,0
87800,2026,3,29,2,1,1,0,0,88,88,0,2,0,175,88,87,0
87900,2026,3,29,2,1,1,0,0,88,88,0,2,0,175,88,87,0
88000,2026,3,29,2,2,0,0,1,89,88,0,2,0,176,88,88,0
88100,2026,3,30,2,2,0,0,1,89,88,0,2,0,176,88,88,0
88200,2026,3,30,2,2,0,0,1,89,88,0,2,0,176,88,88,0
88300,2026,3,30,2,2,0,0,1,89,88,0,2,0,176,88,88,0
88400,2026,3,30,2,2,0,0,1,89,88,0,2,0,176,88,88,0
88500,2026,3,30,2,1,1,0,0,89,89,0,2,0,177,89,88,0
88600,2026,3,30,2,1,1,0,0,89,89,0,2,0,177,89,88,0
88700,2026,3,30,2,1,1,0,0,89,89,0,2,0,177,89,88,0
88800,2026,3,30,2,1,1,0,0,89,89,0,2,0,177,89,88,0
88900,2026,3,30,2,1,1,0,0,89,89,0,2,0,177,89,88,0
89000,2026,3,30,2,2,0,0,1,90,89,0,2,0,178,89,89,0
89100,2026,3,31,2,2,0,0,1,90,89,0,2,0,178,89,89,0
89200,2026,3,31,2,2,0,0,1,90,89,0,2,0,178,89,89,0
89300,2026,3,31,2,2,0,0,1,90,89,0,2,0,178,89,89,0
89400,2026,3,31,2,2,0,0,1,90,89,0,2,0,178,89,89,0
89500,2026,3,31,2,1,1,0,0,90,90,0,2,0,179,90,89,0
89600,2026,3,31,2,1,1,0,0,90,90,0,2,0,179,90,89,0
89700,2026,3,31,2,1,1,0,0,90,90,0,2,0,179,90,89,0
89800,2026,3,31,2,1,1,0,0,90,90,0,2,0,179,90,89,0
89900,2026,3,31,2,1,1,0,0,90,90,0,2,0,179,90,89,0
90000,2026,3,31,2,2,0,0,1,91,90,0,2,0,180,90,90,0
90100,2026,4,1,0,0,0,0,0,91,91,0,2,2,180,90,90,0
90200,2026,4,1,0,0,0,0,0,91,91,0,2,2,180,90,90,0
90300,2026,4,1,0,0,0,0,0,91,91,0,2,2,180,90,90,0
90400,2026,4,1,0,0,0,0,0,91,91,0,2,2,180,90,90,0
90500,2026,4,1,0,0,0,0,0,91,91,0,2,2,180,90,90,0
90600,2026,4,1,0,0,0,0,0,91,91,0,2,2,180,90,90,0
90700,2026,4,1,0,0,0,0,0,91,91,0,2,2,180,90,90,0
90800,2026,4,1,0,0,0,0,0,91,91,0,2,2,180,90,90,0
90900,2026,4,1,0,0,0,0,0,91,91,0,2,2,180,90,90,0
91000,2026,4,1,0,0,0,0,0,91,91,0,2,2,180,90,90,0
91100,2026,4,2,0,0,0,0,0,91,91,0,2,2,180,90,90,0
91200,2026,4,2,0,0,0,0,0,91,91,0,2,2,180,90,90,0
91300,2026,4,2,0,0,0,0,0,91,91,0,2,2,180,90,90,0
91400,2026,4,2,0,0,0,0,0,91,91,0,2,2,180,90,90,0
91500,2026,4,2,0,0,0,0,0,91,91,0,2,2,180,90,90,0
91600,2026,4,2,0,0,0,0,0,91,91,0,2,2,180,90,90,0
91700,2026,4,2,0,0,0,0,0,91,91,0,2,2,180,90,90,0
91800,2026,4,2,0,0,0,0,0,91,91,0,2,2,180,90,90,0
91900,2026,4,2,0,0,0,0,0,91,91,0,2,2,180,90,90,0
92000,2026,4,2,0,0,0,0,0,91,91,0,2,2,180,90,90,0
92100,2026,4,3,0,0,0,0,0,91,91,0,2,2,180,90,90,0
92200,2026,4,3,0,0,0,0,0,91,91,0,2,2,180,90,90,0
92300,2026,4,3,0,0,0,0,0,91,91,0,2,2,180,90,90,0
92400,2026,4,3,0,0,0,0,0,91,91,0,2,2,180,90,90,0
92500,2026,4,3,0,0,0,0,0,91,91,0,2,2,180,90,90,0
92600,2026,4,3,0,0,0,0,0,91,91,0,2,2,180,90,90,0
92700,2026,4,3,0,0,0,0,0,91,91,0,2,2,180,90,90,0
92800,2026,4,3,0,0,0,0,0,91,91,0,2,2,180,90,90,0
92900,2026,4,3,0,0,0,0,0,91,91,0,2,2,180,90,90,0
93000,2026,4,3,0,0,0,0,0,91,91,0,2,2,180,90,90,0
93100,2026,4,4,0,0,0,0,0,91,91,0,2,2,180,90,90,0
93200,2026,4,4,0,0,0,0,0,91,91,0,2,2,180,90,90,0
93300,2026,4,4,0,0,0,0,0,91,91,0,2,2,180,90,90,0
93400,2026,4,4,0,0,0,0,0,91,91,0,2,2,180,90,90,0
93500,2026,4,4,0,0,0,0,0,91,91,0,2,2,180,90,90,0
93600,2026,4,4,0,0,0,0,0,91,91,0,2,2,180,90,90,0
93700,2026,4,4,0,0,0,0,0,91,91,0,2,2,180,90,90,0
93800,2026,4,4,0,0,0,0,0,91,91,0,2,2,180,90,90,0
93900,2026,4,4,0,0,0,0,0,91,91,0,2,2,180,90,90,0
94000,2026,4,4,0,0,0,0,0,91,91,0,2,2,180,90,90,0
94100,2026,4,5,0,0,0,0,0,91,91,0,2,2,180,90,90,0
94200,2026,4,5,0,0,0,0,0,91,91,0,2,2,180,90,90,0
94300,2026,4,5,0,0,0,0,0,91,91,0,2,2,180,90,90,0
94400,2026,4,5,0,0,0,0,0,91,91,0,2,2,180,90,90,0
94500,2026,4,5,0,0,0,0,0,91,91,0,2,2,180,90,90,0
94600,2026,4,5,0,0,0,0,0,91,91,0,2,2,180,90,90,0
94700,2026,4,5,0,0,0,0,0,91,91,0,2,2,180,90,90,0
94800,2026,4,5,0,0,0,0,0,91,91,0,2,2,180,90,90,0
94900,2026,4,5,0,0,0,0,0,91,91,0,2,2,180,90,90,0
95000,2026,4,5,0,0,0,0,0,91,91,0,2,2,180,90,90,0
95100,2026,4,6,0,0,0,0,0,91,91,0,2,2,180,90,90,0
95200,2026,4,6,0,0,0,0,0,91,91,0,2,2,180,90,90,0
95300,2026,4,6,0,0,0,0,0,91,91,0,2,2,180,90,90,0
95400,2026,4,6,0,0,0,0,0,91,91,0,2,2,180,90,90,0
95500,2026,4,6,0,0,0,0,0,91,91,0,2,2,180,90,90,0
95600,2026,4,6,0,0,0,0,0,91,91,0,2,2,180,90,90,0
95700,2026,4,6,0,0,0,0,0,91,91,0,2,2,180,90,90,0
95800,2026,4,6,0,0,0,0,0,91,91,0,2,2,180,90,90,0
95900,2026,4,6,0,0,0,0,0,91,91,0,2,2,180,90,90,0
96000,2026,4,6,0,0,0,0,0,91,91,0,2,2,180,90,90,0
96100,2026,4,7,0,0,0,0,0,91,91,0,2,2,180,90,90,0
96200,2026,4,7,0,0,0,0,0,91,91,0,2,2,180,90,90,0
96300,2026,4,7,0,0,0,0,0,91,91,0,2,2,180,90,90,0
96400,2026,4,7,0,0,0,0,0,91,91,0,2,2,180,90,90,0
96500,2026,4,7,0,0,0,0,0,91,91,0,2,2,180,90,90,0
96600,2026,4,7,0,0,0,0,0,91,91,0,2,2,180,90,90,0
96700,2026,4,7,0,0,0,0,0,91,91,0,2,2,180,90,90,0
96800,2026,4,7,0,0,0,0,0,91,91,0,2,2,180,90,90,0
96900,2026,4,7,0,0,0,0,0,91,91,0,2,2,180,90,90,0
97000,2026,4,7,0,0,0,0,0,91,91,0,2,2,180,90,90,0
97100,2026,4,8,0,0,0,0,0,91,91,0,2,2,180,90,90,0
97200,2026,4,8,0,0,0,0,0,91,91,0,2,2,180,90,90,0
97300,2026,4,8,0,0,0,0,0,91,91,0,2,2,180,90,90,0
97400,2026,4,8,0,0,0,0,0,91,91,0,2,2,180,90,90,0
97500,2026,4,8,0,0,0,0,0,91,91,0,2,2,180,90,90,0
97600,2026,4,8,0,0,0,0,0,91,91,0,2,2,180,90,90,0
97700,2026,4,8,0,0,0,0,0,91,91,0,2,2,180,90,90,0
97800,2026,4,8,0,0,0,0,0,91,91,0,2,2,180,90,90,0
97900,2026,4,8,0,0,0,0,0,91,91,0,2,2,180,90,90,0
98000,2026,4,8,0,0,0,0,0,91,91,0,2,2,180,90,90,0
98100,2026,4,9,0,0,0,0,0,91,91,0,2,2,180,90,90,0
98200,2026,4,9,0,0,0,0,0,91,91,0,2,2,180,90,90,0
98300,2026,4,9,0,0,0,0,0,91,91,0,2,2,180,90,90,0
98400,2026,4,9,0,0,0,0,0,91,91,0,2,2,180,90,90,0
98500,2026,4,9,0,0,0,0,0,91,91,0,2,2,180,90,90,0
98600,2026,4,9,0,0,0,0,0,91,91,0,2,2,180,90,90,0
98700,2026,4,9,0,0,0,0,0,91,91,0,2,2,180,90,90,0
98800,2026,4,9,0,0,0,0,0,91,91,0,2,2,180,90,90,0
98900,2026,4,9,0,0,0,0,0,91,91,0,2,2,180,90,90,0
99000,2026,4,9,0,0,0,0,0,91,91,0,2,2,180,90,90,0
99100,2026,4,10,0,0,0,0,0,91,91,0,2,2,180,90,90,0
99200,2026,4,10,0,0,0,0,0,91,91,0,2,2,180,90,90,0
99300,2026,4,10,0,0,0,0,0,91,91,0,2,2,180,90,90,0
99400,2026,4,10,0,0,0,0,0,91,91,0,2,2,180,90,90,0
99500,2026,4,10,0,0,0,0,0,91,91,0,2,2,180,90,90,0
99600,2026,4,10,0,0,0,0,0,91,91,0,2,2,180,90,90,0
99700,2026,4,10,0,0,0,0,0,91,91,0,2,2,180,90,90,0
99800,2026,4,10,0,0,0,0,0,91,91,0,2,2,180,90,90,0
99900,2026,4,10,0,0,0,0,0,91,91,0,2,2,180,90,90,0
100000,2026,4,10,0,0,0,0,0,91,91,0,2,2,180,90,90,0
100100,2026,4,11,0,0,0,0,0,91,91,0,2,2,180,90,90,0
100200,2026,4,11,0,0,0,0,0,91,91,0,2,2,180,90,90,0
100300,2026,4,11,0,0,0,0,0,91,91,0,2,2,180,90,90,0
100400,2026,4,11,0,0,0,0,0,91,91,0,2,2,180,90,90,0
100500,2026,4,11,0,0,0,0,0,91,91,0,2,2,180,90,90,0
100600,2026,4,11,0,0,0,0,0,91,91,0,2,2,180,90,90,0
100700,2026,4,11,0,0,0,0,0,91,91,0,2,2,180,90,90,0
100800,2026,4,11,0,0,0,0,0,91,91,0,2,2,180,90,90,0
100900,2026,4,11,0,0,0,0,0,91,91,0,2,2,180,90,90,0
101000,2026,4,11,0,0,0,0,0,91,91,0,2,2,180,90,90,0
101100,2026,4,12,0,0,0,0,0,91,91,0,2,2,180,90,90,0
101200,2026,4,12,0,0,0,0,0,91,91,0,2,2,180,90,90,0
101300,2026,4,12,0,0,0,0,0,91,91,0,2,2,180,90,90,0
101400,2026,4,12,0,0,0,0,0,91,91,0,2,2,180,90,90,0
101500,2026,4,12,0,0,0,0,0,91,91,0,2,2,180,90,90,0
101600,2026,4,12,0,0,0,0,0,91,91,0,2,2,180,90,90,0
101700,2026,4,12,0,0,0,0,0,91,91,0,2,2,180,90,90,0
101800,2026,4,12,0,0,0,0,0,91,91,0,2,2,180,90,90,0
101900,2026,4,12,0,0,0,0,0,91,91,0,2,2,180,90,90,0
102000,2026,4,12,0,0,0,0,0,91,91,0,2,2,180,90,90,0
102100,2026,4,13,0,0,0,0,0,91,91,0,2,2,180,90,90,0
102200,2026,4,13,0,0,0,0,0,91,91,0,2,2,180,90,90,0
102300,2026,4,13,0,0,0,0,0,91,91,0,2,2,180,90,90,0
102400,2026,4,13,0,0,0,0,0,91,91,0,2,2,180,90,90,0
102500,2026,4,13,0,0,0,0,0,91,91,0,2,2,180,90,90,0
102600,2026,4,13,0,0,0,0,0,91,91,0,2,2,180,90,90,0
102700,2026,4,13,0,0,0,0,0,91,91,0,2,2,180,90,90,0
102800,2026,4,13,0,0,0,0,0,91,91,0,2,2,180,90,90,0
102900,2026,4,13,0,0,0,0,0,91,91,0,2,2,180,90,90,0
103000,2026,4,13,0,0,0,0,0,91,91,0,2,2,180,90,90,0
103100,2026,4,14,0,0,0,0,0,91,91,0,2,2,180,90,90,0
103200,2026,4,14,0,0,0,0,0,91,91,0,2,2,180,90,90,0
103300,2026,4,14,0,0,0,0,0,91,91,0,2,2,180,90,90,0
103400,2026,4,14,0,0,0,0,0,91,91,0,2,2,180,90,90,0
103500,2026,4,14,0,0,0,0,0,91,91,0,2,2,180,90,90,0
103600,2026,4,14,0,0,0,0,0,91,91,0,2,2,180,90,90,0
103700,2026,4,14,0,0,0,0,0,91,91,0,2,2,180,90,90,0
103800,2026,4,14,0,0,0,0,0,91,91,0,2,2,180,90,90,0
103900,2026,4,14,0,0,0,0,0,91,91,0,2,2,180,90,90,0
104000,2026,4,14,0,0,0,0,0,91,91,0,2,2,180,90,90,0
104100,2026,4,15,0,0,0,0,0,91,91,0,2,2,180,90,90,0
104200,2026,4,15,0,0,0,0,0,91,91,0,2,2,180,90,90,0
104300,2026,4,15,0,0,0,0,0,91,91,0,2,2,180,90,90,0
104400,2026,4,15,0,0,0,0,0,91,91,0,2,2,180,90,90,0
104500,2026,4,15,0,0,0,0,0,91,91,0,2,2,180,90,90,0
104600,2026,4,15,0,0,0,0,0,91,91,0,2,2,180,90,90,0
104700,2026,4,15,0,0,0,0,0,91,91,0,2,2,180,90,90,0
104800,2026,4,15,0,0,0,0,0,91,91,0,2,2,180,90,90,0
104900,2026,4,15,0,0,0,0,0,91,91,0,2,2,180,90,90,0
105000,2026,4,15,0,0,0,0,0,91,91,0,2,2,180,90,90,0
105100,2026,4,16,0,0,0,0,0,91,91,0,2,2,180,90,90,0
105200,2026,4,16,0,0,0,0,0,91,91,0,2,2,180,90,90,0
105300,2026,4,16,0,0,0,0,0,91,91,0,2,2,180,90,90,0
105400,2026,4,16,0,0,0,0,0,91,91,0,2,2,180,90,90,0
105500,2026,4,16,0,0,0,0,0,91,91,0,2,2,180,90,90,0
105600,2026,4,16,0,0,0,0,0,91,91,0,2,2,180,90,90,0
105700,2026,4,16,0,0,0,0,0,91,91,0,2,2,180,90,90,0
105800,2026,4,16,0,0,0,0,0,91,91,0,2,2,180,90,90,0
105900,2026,4,16,0,0,0,0,0,91,91,0,2,2,180,90,90,0
106000,2026,4,16,0,0,0,0,0,91,91,0,2,2,180,90,90,0
106100,2026,4,17,0,0,0,0,0,91,91,0,2,2,180,90,90,0
106200,2026,4,17,0,0,0,0,0,91,91,0,2,2,180,90,90,0
106300,2026,4,17,0,0,0,0,0,91,91,0,2,2,180,90,90,0
106400,2026,4,17,0,0,0,0,0,91,91,0,2,2,180,90,90,0
106500,2026,4,17,0,0,0,0,0,91,91,0,2,2,180,90,90,0
106600,2026,4,17,0,0,0,0,0,91,91,0,2,2,180,90,90,0
106700,2026,4,17,0,0,0,0,0,91,91,0,2,2,180,90,90,0
106800,2026,4,17,0,0,0,0,0,91,91,0,2,2,180,90,90,0
106900,2026,4,17,0,0,0,0,0,91,91,0,2,2,180,90,90,0
107000,2026,4,17,0,0,0,0,0,91,91,0,2,2,180,90,90,0
107100,2026,4,18,0,0,0,0,0,91,91,0,2,2,180,90,90,0
107200,2026,4,18,0,0,0,0,0,91,91,0,2,2,180,90,90,0
107300,2026,4,18,0,0,0,0,0,91,91,0,2,2,180,90,90,0
107400,2026,4,18,0,0,0,0,0,91,91,0,2,2,180,90,90,0
107500,2026,4,18,0,0,0,0,0,91,91,0,2,2,180,90,90,0
107600,2026,4,18,0,0,0,0,0,91,91,0,2,2,180,90,90,0
107700,2026,4,18,0,0,0,0,0,91,91,0,2,2,180,90,90,0
107800,2026,4,18,0,0,0,0,0,91,91,0,2,2,180,90,90,0
107900,2026,4,18,0,0,0,0,0,91,91,0,2,2,180,90,90,0
108000,2026,4,18,0,0,0,0,0,91,91,0,2,2,180,90,90,0
108100,2026,4,19,0,0,0,0,0,91,91,0,2,2,180,90,90,0
108200,2026,4,19,0,0,0,0,0,91,91,0,2,2,180,90,90,0
108300,2026,4,19,0,0,0,0,0,91,91,0,2,2,180,90,90,0
108400,2026,4,19,0,0,0,0,0,91,91,0,2,2,180,90,90,0
108500,2026,4,19,0,0,0,0,0,91,91,0,2,2,180,90,90,0
108600,2026,4,19,0,0,0,0,0,91,91,0,2,2,180,90,90,0
108700,2026,4,19,0,0,0,0,0,91,91,0,2,2,180,90,90,0
108800,2026,4,19,0,0,0,0,0,91,91,0,2,2,180,90,90,0
108900,2026,4,19,0,0,0,0,0,91,91,0,2,2,180,90,90,0
109000,2026,4,19,0,0,0,0,0,91,91,0,2,2,180,90,90,0
109100,2026,4,20,0,0,0,0,0,91,91,0,2,2,180,90,90,0
109200,2026,4,20,0,0,0,0,0,91,91,0,2,2,180,90,90,0
109300,2026,4,20,0,0,0,0,0,91,91,0,2,2,180,90,90,0
109400,2026,4,20,0,0,0,0,0,91,91,0,2,2,180,90,90,0
109500,2026,4,20,0,0,0,0,0,91,91,0,2,2,180,90,90,0
109600,2026,4,20,0,0,0,0,0,91,91,0,2,2,180,90,90,0
109700,2026,4,20,0,0,0,0,0,91,91,0,2,2,180,90,90,0
109800,2026,4,20,0,0,0,0,0,91,91,0,2,2,180,90,90,0
109900,2026,4,20,0,0,0,0,0,91,91,0,2,2,180,90,90,0
110000,2026,4,20,0,0,0,0,0,91,91,0,2,2,180,90,90,0
110100,2026,4,21,0,0,0,0,0,91,91,0,2,2,180,90,90,0
110200,2026,4,21,0,0,0,0,0,91,91,0,2,2,180,90,90,0
110300,2026,4,21,0,0,0,0,0,91,91,0,2,2,180,90,90,0
110400,2026,4,21,0,0,0,0,0,91,91,0,2,2,180,90,90,0
110500,2026,4,21,0,0,0,0,0,91,91,0,2,2,180,90,90,0
110600,2026,4,21,0,0,0,0,0,91,91,0,2,2,180,90,90,0
110700,2026,4,21,0,0,0,0,0,91,91,0,2,2,180,90,90,0
110800,2026,4,21,0,0,0,0,0,91,91,0,2,2,180,90,90,0
110900,2026,4,21,0,0,0,0,0,91,91,0,2,2,180,90,90,0
111000,2026,4,21,0,0,0,0,0,91,91,0,2,2,180,90,90,0
111100,2026,4,22,0,0,0,0,0,91,91,0,2,2,180,90,90,0
111200,2026,4,22,0,0,0,0,0,91,91,0,2,2,180,90,90,0
111300,2026,4,22,0,0,0,0,0,91,91,0,2,2,180,90,90,0
111400,2026,4,22,0,0,0,0,0,91,91,0,2,2,180,90,90,0
111500,2026,4,22,0,0,0,0,0,91,91,0,2,2,180,90,90,0
111600,2026,4,22,0,0,0,0,0,91,91,0,2,2,180,90,90,0
111700,2026,4,22,0,0,0,0,0,91,91,0,2,2,180,90,90,0
111800,2026,4,22,0,0,0,0,0,91,91,0,2,2,180,90,90,0
111900,2026,4,22,0,0,0,0,0,91,91,0,2,2,180,90,90,0
112000,2026,4,22,0,0,0,0,0,91,91,0,2,2,180,90,90,0
112100,2026,4,23,0,0,0,0,0,91,91,0,2,2,180,90,90,0
112200,2026,4,23,0,0,0,0,0,91,91,0,2,2,180,90,90,0
112300,2026,4,23,0,0,0,0,0,91,91,0,2,2,180,90,90,0
112400,2026,4,23,0,0,0,0,0,91,91,0,2,2,180,90,90,0
112500,2026,4,23,0,0,0,0,0,91,91,0,2,2,180,90,90,0
112600,2026,4,23,0,0,0,0,0,91,91,0,2,2,180,90,90,0
112700,2026,4,23,0,0,0,0,0,91,91,0,2,2,180,90,90,0
112800,2026,4,23,0,0,0,0,0,91,91,0,2,2,180,90,90,0
112900,2026,4,23,0,0,0,0,0,91,91,0,2,2,180,90,90,0
113000,2026,4,23,0,0,0,0,0,91,91,0,2,2,180,90,90,0
113100,2026,4,24,0,0,0,0,0,91,91,0,2,2,180,90,90,0
113200,2026,4,24,0,0,0,0,0,91,91,0,2,2,180,90,90,0
113300,2026,4,24,0,0,0,0,0,91,91,0,2,2,180,90,90,0
113400,2026,4,24,0,0,0,0,0,91,91,0,2,2,180,90,90,0
113500,2026,4,24,0,0,0,0,0,91,91,0,2,2,180,90,90,0
113600,2026,4,24,0,0,0,0,0,91,91,0,2,2,180,90,90,0
113700,2026,4,24,0,0,0,0,0,91,91,0,2,2,180,90,90,0
113800,2026,4,24,0,0,0,0,0,91,91,0,2,2,180,90,90,0
113900,2026,4,24,0,0,0,0,0,91,91,0,2,2,180,90,90,0
114000,2026,4,24,0,0,0,0,0,91,91,0,2,2,180,90,90,0
114100,2026,4,25,0,0,0,0,0,91,91,0,2,2,180,90,90,0
114200,2026,4,25,0,0,0,0,0,91,91,0,2,2,180,90,90,0
114300,2026,4,25,0,0,0,0,0,91,91,0,2,2,180,90,90,0
114400,2026,4,25,0,0,0,0,0,91,91,0,2,2,180,90,90,0
114500,2026,4,25,0,0,0,0,0,91,91,0,2,2,180,90,90,0
114600,2026,4,25,0,0,0,0,0,91,91,0,2,2,180,90,90,0
114700,2026,4,25,0,0,0,0,0,91,91,0,2,2,180,90,90,0
114800,2026,4,25,0,0,0,0,0,91,91,0,2,2,180,90,90,0
114900,2026,4,25,0,0,0,0,0,91,91,0,2,2,180,90,90,0
115000,2026,4,25,0,0,0,0,0,91,91,0,2,2,180,90,90,0
115100,2026,4,26,0,0,0,0,0,91,91,0,2,2,180,90,90,0
115200,2026,4,26,0,0,0,0,0,91,91,0,2,2,180,90,90,0
115300,2026,4,26,0,0,0,0,0,91,91,0,2,2,180,90,90,0
115400,2026,4,26,0,0,0,0,0,91,91,0,2,2,180,90,90,0
115500,2026,4,26,0,0,0,0,0,91,91,0,2,2,180,90,90,0
115600,2026,4,26,0,0,0,0,0,91,91,0,2,2,180,90,90,0
115700,2026,4,26,0,0,0,0,0,91,91,0,2,2,180,90,90,0
115800,2026,4,26,0,0,0,0,0,91,91,0,2,2,180,90,90,0
115900,2026,4,26,0,0,0,0,0,91,91,0,2,2,180,90,90,0
116000,2026,4,26,0,0,0,0,0,91,91,0,2,2,180,90,90,0
116100,2026,4,27,0,0,0,0,0,91,91,0,2,2,180,90,90,0
116200,2026,4,27,0,0,0,0,0,91,91,0,2,2,180,90,90,0
116300,2026,4,27,0,0,0,0,0,91,91,0,2,2,180,90,90,0
116400,2026,4,27,0,0,0,0,0,91,91,0,2,2,180,90,90,0
116500,2026,4,27,0,0,0,0,0,91,91,0,2,2,180,90,90,0
116600,2026,4,27,0,0,0,0,0,91,91,0,2,2,180,90,90,0
116700,2026,4,27,0,0,0,0,0,91,91,0,2,2,180,90,90,0
116800,2026,4,27,0,0,0,0,0,91,91,0,2,2,180,90,90,0
116900,2026,4,27,0,0,0,0,0,91,91,0,2,2,180,90,90,0
117000,2026,4,27,0,0,0,0,0,91,91,0,2,2,180,90,90,0
117100,2026,4,28,0,0,0,0,0,91,91,0,2,2,180,90,90,0
117200,2026,4,28,0,0,0,0,0,91,91,0,2,2,180,90,90,0
117300,2026,4,28,0,0,0,0,0,91,91,0,2,2,180,90,90,0
117400,2026,4,28,0,0,0,0,0,91,91,0,2,2,180,90,90,0
117500,2026,4,28,0,0,0,0,0,91,91,0,2,2,180,90,90,0
117600,2026,4,28,0,0,0,0,0,91,91,0,2,2,180,90,90,0
117700,2026,4,28,0,0,0,0,0,91,91,0,2,2,180,90,90,0
117800,2026,4,28,0,0,0,0,0,91,91,0,2,2,180,90,90,0
117900,2026,4,28,0,0,0,0,0,91,91,0,2,2,180,90,90,0
118000,2026,4,28,0,0,0,0,0,91,91,0,2,2,180,90,90,0
118100,2026,4,29,0,0,0,0,0,91,91,0,2,2,180,90,90,0
118200,2026,4,29,0,0,0,0,0,91,91,0,2,2,180,90,90,0
118300,2026,4,29,0,0,0,0,0,91,91,0,2,2,180,90,90,0
118400,2026,4,29,0,0,0,0,0,91,91,0,2,2,180,90,90,0
118500,2026,4,29,0,0,0,0,0,91,91,0,2,2,180,90,90,0
118600,2026,4,29,0,0,0,0,0,91,91,0,2,2,180,90,90,0
118700,2026,4,29,0,0,0,0,0,91,91,0,2,2,180,90,90,0
118800,2026,4,29,0,0,0,0,0,91,91,0,2,2,180,90,90,0
118900,2026,4,29,0,0,0,0,0,91,91,0,2,2,180,90,90,0
119000,2026,4,29,0,0,0,0,0,91,91,0,2,2,180,90,90,0
119100,2026,4,30,0,0,0,0,0,91,91,0,2,2,180,90,90,0
119200,2026,4,30,0,0,0,0,0,91,91,0,2,2,180,90,90,0
119300,2026,4,30,0,0,0,0,0,91,91,0,2,2,180,90,90,0
119400,2026,4,30,0,0,0,0,0,91,91,0,2,2,180,90,90,0
119500,2026,4,30,0,0,0,0,0,91,91,0,2,2,180,90,90,0
119600,2026,4,30,0,0,0,0,0,91,91,0,2,2,180,90,90,0
119700,2026,4,30,0,0,0,0,0,91,91,0,2,2,180,90,90,0
119800,2026,4,30,0,0,0,0,0,91,91,0,2,2,180,90,90,0
119900,2026,4,30,0,0,0,0,0,91,91,0,2,2,180,90,90,0
120000,2026,4,30,0,0,0,0,0,91,91,0,2,2,180,90,90,0
120100,2026,5,1,0,0,0,0,0,91,91,0,2,2,180,90,90,0
120200,2026,5,1,0,0,0,0,0,91,91,0,2,2,180,90,90,0
120300,2026,5,1,0,0,0,0,0,91,91,0,2,2,180,90,90,0
120400,2026,5,1,0,0,0,0,0,91,91,0,2,2,180,90,90,0
120500,2026,5,1,0,0,0,0,0,91,91,0,2,2,180,90,90,0
120600,2026,5,1,0,0,0,0,0,91,91,0,2,2,180,90,90,0
120700,2026,5,1,0,0,0,0,0,91,91,0,2,2,180,90,90,0
120800,2026,5,1,0,0,0,0,0,91,91,0,2,2,180,90,90,0
120900,2026,5,1,0,0,0,0,0,91,91,0,2,2,180,90,90,0
121000,2026,5,1,0,0,0,0,0,91,91,0,2,2,180,90,90,0
121100,2026,5,2,0,0,0,0,0,91,91,0,2,2,180,90,90,0
121200,2026,5,2,0,0,0,0,0,91,91,0,2,2,180,90,90,0
121300,2026,5,2,0,0,0,0,0,91,91,0,2,2,180,90,90,0
121400,2026,5,2,0,0,0,0,0,91,91,0,2,2,180,90,90,0
121500,2026,5,2,0,0,0,0,0,91,91,0,2,2,180,90,90,0
121600,2026,5,2,0,0,0,0,0,91,91,0,2,2,180,90,90,0
121700,2026,5,2,0,0,0,0,0,91,91,0,2,2,180,90,90,0
121800,2026,5,2,0,0,0,0,0,91,91,0,2,2,180,90,90,0
121900,2026,5,2,0,0,0,0,0,91,91,0,2,2,180,90,90,0
122000,2026,5,2,0,0,0,0,0,91,91,0,2,2,180,90,90,0
122100,2026,5,3,0,0,0,0,0,91,91,0,2,2,180,90,90,0
122200,2026,5,3,0,0,0,0,0,91,91,0,2,2,180,90,90,0
122300,2026,5,3,0,0,0,0,0,91,91,0,2,2,180,90,90,0
122400,2026,5,3,0,0,0,0,0,91,91,0,2,2,180,90,90,0
122500,2026,5,3,0,0,0,0,0,91,91,0,2,2,180,90,90,0
122600,2026,5,3,0,0,0,0,0,91,91,0,2,2,180,90,90,0
122700,2026,5,3,0,0,0,0,0,91,91,0,2,2,180,90,90,0
122800,2026,5,3,0,0,0,0,0,91,91,0,2,2,180,90,90,0
122900,2026,5,3,0,0,0,0,0,91,91,0,2,2,180,90,90,0
123000,2026,5,3,0,0,0,0,0,91,91,0,2,2,180,90,90,0
123100,2026,5,4,0,0,0,0,0,91,91,0,2,2,180,90,90,0
123200,2026,5,4,0,0,0,0,0,91,91,0,2,2,180,90,90,0
123300,2026,5,4,0,0,0,0,0,91,91,0,2,2,180,90,90,0
123400,2026,5,4,0,0,0,0,0,91,91,0,2,2,180,90,90,0
123500,2026,5,4,0,0,0,0,0,91,91,0,2,2,180,90,90,0
123600,2026,5,4,0,0,0,0,0,91,91,0,2,2,180,90,90,0
123700,2026,5,4,0,0,0,0,0,91,91,0,2,2,180,90,90,0
123800,2026,5,4,0,0,0,0,0,91,91,0,2,2,180,90,90,0
123900,2026,5,4,0,0,0,0,0,91,91,0,2,2,180,90,90,0
124000,2026,5,4,0,0,0,0,0,91,91,0,2,2,180,90,90,0
124100,2026,5,5,0,0,0,0,0,91,91,0,2,2,180,90,90,0
124200,2026,5,5,0,0,0,0,0,91,91,0,2,2,180,90,90,0
124300,2026,5,5,0,0,0,0,0,91,91,0,2,2,180,90,90,0
124400,2026,5,5,0,0,0,0,0,91,91,0,2,2,180,90,90,0
124500,2026,5,5,0,0,0,0,0,91,91,0,2,2,180,90,90,0
124600,2026,5,5,0,0,0,0,0,91,91,0,2,2,180,90,90,0
124700,2026,5,5,0,0,0,0,0,91,91,0,2,2,180,90,90,0
124800,2026,5,5,0,0,0,0,0,91,91,0,2,2,180,90,90,0
124900,2026,5,5,0,0,0,0,0,91,91,0,2,2,180,90,90,0
125000,2026,5,5,0,0,0,0,0,91,91,0,2,2,180,90,90,0
125100,2026,5,6,0,0,0,0,0,91,91,0,2,2,180,90,90,0
125200,2026,5,6,0,0,0,0,0,91,91,0,2,2,180,90,90,0
125300,2026,5,6,0,0,0,0,0,91,91,0,2,2,180,90,90,0
125400,2026,5,6,0,0,0,0,0,91,91,0,2,2,180,90,90,0
125500,2026,5,6,0,0,0,0,0,91,91,0,2,2,180,90,90,0
125600,2026,5,6,0,0,0,0,0,91,91,0,2,2,180,90,90,0
125700,2026,5,6,0,0,0,0,0,91,91,0,2,2,180,90,90,0
125800,2026,5,6,0,0,0,0,0,91,91,0,2,2,180,90,90,0
125900,2026,5,6,0,0,0,0,0,91,91,0,2,2,180,90,90,0
126000,2026,5,6,0,0,0,0,0,91,91,0,2,2,180,90,90,0
126100,2026,5,7,0,0,0,0,0,91,91,0,2,2,180,90,90,0
126200,2026,5,7,0,0,0,0,0,91,91,0,2,2,180,90,90,0
126300,2026,5,7,0,0,0,0,0,91,91,0,2,2,180,90,90,0
126400,2026,5,7,0,0,0,0,0,91,91,0,2,2,180,90,90,0
126500,2026,5,7,0,0,0,0,0,91,91,0,2,2,180,90,90,0
126600,2026,5,7,0,0,0,0,0,91,91,0,2,2,180,90,90,0
126700,2026,5,7,0,0,0,0,0,91,91,0,2,2,180,90,90,0
126800,2026,5,7,0,0,0,0,0,91,91,0,2,2,180,90,90,0
126900,2026,5,7,0,0,0,0,0,91,91,0,2,2,180,90,90,0
127000,2026,5,7,0,0,0,0,0,91,91,0,2,2,180,90,90,0
127100,2026,5,8,0,0,0,0,0,91,91,0,2,2,180,90,90,0
127200,2026,5,8,0,0,0,0,0,91,91,0,2,2,180,90,90,0
127300,2026,5,8,0,0,0,0,0,91,91,0,2,2,180,90,90,0
127400,2026,5,8,0,0,0,0,0,91,91,0,2,2,180,90,90,0
127500,2026,5,8,0,0,0,0,0,91,91,0,2,2,180,90,90,0
127600,2026,5,8,0,0,0,0,0,91,91,0,2,2,180,90,90,0
127700,2026,5,8,0,0,0,0,0,91,91,0,2,2,180,90,90,0
127800,2026,5,8,0,0,0,0,0,91,91,0,2,2,180,90,90,0
127900,2026,5,8,0,0,0,0,0,91,91,0,2,2,180,90,90,0
128000,2026,5,8,0,0,0,0,0,91,91,0,2,2,180,90,90,0
128100,2026,5,9,0,0,0,0,0,91,91,0,2,2,180,90,90,0
128200,2026,5,9,0,0,0,0,0,91,91,0,2,2,180,90,90,0
128300,2026,5,9,0,0,0,0,0,91,91,0,2,2,180,90,90,0
128400,2026,5,9,0,0,0,0,0,91,91,0,2,2,180,90,90,0
128500,2026,5,9,0,0,0,0,0,91,91,0,2,2,180,90,90,0
128600,2026,5,9,0,0,0,0,0,91,91,0,2,2,180,90,90,0
128700,2026,5,9,0,0,0,0,0,91,91,0,2,2,180,90,90,0
128800,2026,5,9,0,0,0,0,0,91,91,0,2,2,180,90,90,0
128900,2026,5,9,0,0,0,0,0,91,91,0,2,2,180,90,90,0
129000,2026,5,9,0,0,0,0,0,91,91,0,2,2,180,90,90,0
129100,2026,5,10,0,0,0,0,0,91,91,0,2,2,180,90,90,0
129200,2026,5,10,0,0,0,0,0,91,91,0,2,2,180,90,90,0
129300,2026,5,10,0,0,0,0,0,91,91,0,2,2,180,90,90,0
129400,2026,5,10,0,0,0,0,0,91,91,0,2,2,180,90,90,0
129500,2026,5,10,0,0,0,0,0,91,91,0,2,2,180,90,90,0
129600,2026,5,10,0,0,0,0,0,91,91,0,2,2,180,90,90,0
129700,2026,5,10,0,0,0,0,0,91,91,0,2,2,180,90,90,0
129800,2026,5,10,0,0,0,0,0,91,91,0,2,2,180,90,90,0
129900,2026,5,10,0,0,0,0,0,91,91,0,2,2,180,90,90,0
130000,2026,5,10,0,0,0,0,0,91,91,0,2,2,180,90,90,0
130100,2026,5,11,0,0,0,0,0,91,91,0,2,2,180,90,90,0
130200,2026,5,11,0,0,0,0,0,91,91,0,2,2,180,90,90,0
130300,2026,5,11,0,0,0,0,0,91,91,0,2,2,180,90,90,0
130400,2026,5,11,0,0,0,0,0,91,91,0,2,2,180,90,90,0
130500,2026,5,11,0,0,0,0,0,91,91,0,2,2,180,90,90,0
130600,2026,5,11,0,0,0,0,0,91,91,0,2,2,180,90,90,0
130700,2026,5,11,0,0,0,0,0,91,91,0,2,2,180,90,90,0
130800,2026,5,11,0,0,0,0,0,91,91,0,2,2,180,90,90,0
130900,2026,5,11,0,0,0,0,0,91,91,0,2,2,180,90,90,0
131000,2026,5,11,0,0,0,0,0,91,91,0,2,2,180,90,90,0
131100,2026,5,12,0,0,0,0,0,91,91,0,2,2,180,90,90,0
131200,2026,5,12,0,0,0,0,0,91,91,0,2,2,180,90,90,0
131300,2026,5,12,0,0,0,0,0,91,91,0,2,2,180,90,90,0
131400,2026,5,12,0,0,0,0,0,91,91,0,2,2,180,90,90,0
131500,2026,5,12,0,0,0,0,0,91,91,0,2,2,180,90,90,0
131600,2026,5,12,0,0,0,0,0,91,91,0,2,2,180,90,90,0
131700,2026,5,12,0,0,0,0,0,91,91,0,2,2,180,90,90,0
131800,2026,5,12,0,0,0,0,0,91,91,0,2,2,180,90,90,0
131900,2026,5,12,0,0,0,0,0,91,91,0,2,2,180,90,90,0
132000,2026,5,12,0,0,0,0,0,91,91,0,2,2,180,90,90,0
132100,2026,5,13,0,0,0,0,0,91,91,0,2,2,180,90,90,0
132200,2026,5,13,0,0,0,0,0,91,91,0,2,2,180,90,90,0
132300,2026,5,13,0,0,0,0,0,91,91,0,2,2,180,90,90,0
132400,2026,5,13,0,0,0,0,0,91,91,0,2,2,180,90,90,0
132500,2026,5,13,0,0,0,0,0,91,91,0,2,2,180,90,90,0
132600,2026,5,13,0,0,0,0,0,91,91,0,2,2,180,90,90,0
132700,2026,5,13,0,0,0,0,0,91,91,0,2,2,180,90,90,0
132800,2026,5,13,0,0,0,0,0,91,91,0,2,2,180,90,90,0
132900,2026,5,13,0,0,0,0,0,91,91,0,2,2,180,90,90,0
133000,2026,5,13,0,0,0,0,0,91,91,0,2,2,180,90,90,0
133100,2026,5,14,0,0,0,0,0,91,91,0,2,2,180,90,90,0
133200,2026,5,14,0,0,0,0,0,91,91,0,2,2,180,90,90,0
133300,2026,5,14,0,0,0,0,0,91,91,0,2,2,180,90,90,0
133400,2026,5,14,0,0,0,0,0,91,91,0,2,2,180,90,90,0
133500,2026,5,14,0,0,0,0,0,91,91,0,2,2,180,90,90,0
133600,2026,5,14,0,0,0,0,0,91,91,0,2,2,180,90,90,0
133700,2026,5,14,0,0,0,0,0,91,91,0,2,2,180,90,90,0
133800,2026,5,14,0,0,0,0,0,91,91,0,2,2,180,90,90,0
133900,2026,5,14,0,0,0,0,0,91,91,0,2,2,180,90,90,0
134000,2026,5,14,0,0,0,0,0,91,91,0,2,2,180,90,90,0
134100,2026,5,15,0,0,0,0,0,91,91,0,2,2,180,90,90,0
134200,2026,5,15,0,0,0,0,0,91,91,0,2,2,180,90,90,0
134300,2026,5,15,0,0,0,0,0,91,91,0,2,2,180,90,90,0
134400,2026,5,15,0,0,0,0,0,91,91,0,2,2,180,90,90,0
134500,2026,5,15,0,0,0,0,0,91,91,0,2,2,180,90,90,0
134600,2026,5,15,0,0,0,0,0,91,91,0,2,2,180,90,90,0
134700,2026,5,15,0,0,0,0,0,91,91,0,2,2,180,90,90,0
134800,2026,5,15,0,0,0,0,0,91,91,0,2,2,180,90,90,0
134900,2026,5,15,0,0,0,0,0,91,91,0,2,2,180,90,90,0
135000,2026,5,15,0,0,0,0,0,91,91,0,2,2,180,90,90,0
135100,2026,5,16,0,0,0,0,0,91,91,0,2,2,180,90,90,0
135200,2026,5,16,0,0,0,0,0,91,91,0,2,2,180,90,90,0
135300,2026,5,16,0,0,0,0,0,91,91,0,2,2,180,90,90,0
135400,2026,5,16,0,0,0,0,0,91,91,0,2,2,180,90,90,0
135500,2026,5,16,0,0,0,0,0,91,91,0,2,2,180,90,90,0
135600,2026,5,16,0,0,0,0,0,91,91,0,2,2,180,90,90,0
135700,2026,5,16,0,0,0,0,0,91,91,0,2,2,180,90,90,0
135800,2026,5,16,0,0,0,0,0,91,91,0,2,2,180,90,90,0
135900,2026,5,16,0,0,0,0,0,91,91,0,2,2,180,90,90,0
136000,2026,5,16,0,0,0,0,0,91,91,0,2,2,180,90,90,0
136100,2026,5,17,0,0,0,0,0,91,91,0,2,2,180,90,90,0
136200,2026,5,17,0,0,0,0,0,91,91,0,2,2,180,90,90,0
136300,2026,5,17,0,0,0,0,0,91,91,0,2,2,180,90,90,0
136400,2026,5,17,0,0,0,0,0,91,91,0,2,2,180,90,90,0
136500,2026,5,17,0,0,0,0,0,91,91,0,2,2,180,90,90,0
136600,2026,5,17,0,0,0,0,0,91,91,0,2,2,180,90,90,0
136700,2026,5,17,0,0,0,0,0,91,91,0,2,2,180,90,90,0
136800,2026,5,17,0,0,0,0,0,91,91,0,2,2,180,90,90,0
136900,2026,5,17,0,0,0,0,0,91,91,0,2,2,180,90,90,0
137000,2026,5,17,0,0,0,0,0,91,91,0,2,2,180,90,90,0
137100,2026,5,18,0,0,0,0,0,91,91,0,2,2,180,90,90,0
137200,2026,5,18,0,0,0,0,0,91,91,0,2,2,180,90,90,0
137300,2026,5,18,0,0,0,0,0,91,91,0,2,2,180,90,90,0
137400,2026,5,18,0,0,0,0,0,91,91,0,2,2,180,90,90,0
137500,2026,5,18,0,0,0,0,0,91,91,0,2,2,180,90,90,0
137600,2026,5,18,0,0,0,0,0,91,91,0,2,2,180,90,90,0
137700,2026,5,18,0,0,0,0,0,91,91,0,2,2,180,90,90,0
137800,2026,5,18,0,0,0,0,0,91,91,0,2,2,180,90,90,0
137900,2026,5,18,0,0,0,0,0,91,91,0,2,2,180,90,90,0
138000,2026,5,18,0,0,0,0,0,91,91,0,2,2,180,90,90,0
138100,2026,5,19,0,0,0,0,0,91,91,0,2,2,180,90,90,0
138200,2026,5,19,0,0,0,0,0,91,91,0,2,2,180,90,90,0
138300,2026,5,19,0,0,0,0,0,91,91,0,2,2,180,90,90,0
138400,2026,5,19,0,0,0,0,0,91,91,0,2,2,180,90,90,0
138500,2026,5,19,0,0,0,0,0,91,91,0,2,2,180,90,90,0
138600,2026,5,19,0,0,0,0,0,91,91,0,2,2,180,90,90,0
138700,2026,5,19,0,0,0,0,0,91,91,0,2,2,180,90,90,0
138800,2026,5,19,0,0,0,0,0,91,91,0,2,2,180,90,90,0
138900,2026,5,19,0,0,0,0,0,91,91,0,2,2,180,90,90,0
139000,2026,5,19,0,0,0,0,0,91,91,0,2,2,180,90,90,0
139100,2026,5,20,0,0,0,0,0,91,91,0,2,2,180,90,90,0
139200,2026,5,20,0,0,0,0,0,91,91,0,2,2,180,90,90,0
139300,2026,5,20,0,0,0,0,0,91,91,0,2,2,180,90,90,0
139400,2026,5,20,0,0,0,0,0,91,91,0,2,2,180,90,90,0
139500,2026,5,20,0,0,0,0,0,91,91,0,2,2,180,90,90,0
139600,2026,5,20,0,0,0,0,0,91,91,0,2,2,180,90,90,0
139700,2026,5,20,0,0,0,0,0,91,91,0,2,2,180,90,90,0
139800,2026,5,20,0,0,0,0,0,91,91,0,2,2,180,90,90,0
139900,2026,5,20,0,0,0,0,0,91,91,0,2,2,180,90,90,0
140000,2026,5,20,0,0,0,0,0,91,91,0,2,2,180,90,90,0
140100,2026,5,21,0,0,0,0,0,91,91,0,2,2,180,90,90,0
140200,2026,5,21,0,0,0,0,0,91,91,0,2,2,180,90,90,0
140300,2026,5,21,0,0,0,0,0,91,91,0,2,2,180,90,90,0
140400,2026,5,21,0,0,0,0,0,91,91,0,2,2,180,90,90,0
140500,2026,5,21,0,0,0,0,0,91,91,0,2,2,180,90,90,0
140600,2026,5,21,0,0,0,0,0,91,91,0,2,2,180,90,90,0
140700,2026,5,21,0,0,0,0,0,91,91,0,2,2,180,90,90,0
140800,2026,5,21,0,0,0,0,0,91,91,0,2,2,180,90,90,0
140900,2026,5,21,0,0,0,0,0,91,91,0,2,2,180,90,90,0
141000,2026,5,21,0,0,0,0,0,91,91,0,2,2,180,90,90,0
141100,2026,5,22,0,0,0,0,0,91,91,0,2,2,180,90,90,0
141200,2026,5,22,0,0,0,0,0,91,91,0,2,2,180,90,90,0
141300,2026,5,22,0,0,0,0,0,91,91,0,2,2,180,90,90,0
141400,2026,5,22,0,0,0,0,0,91,91,0,2,2,180,90,90,0
141500,2026,5,22,0,0,0,0,0,91,91,0,2,2,180,90,90,0
141600,2026,5,22,0,0,0,0,0,91,91,0,2,2,180,90,90,0
141700,2026,5,22,0,0,0,0,0,91,91,0,2,2,180,90,90,0
141800,2026,5,22,0,0,0,0,0,91,91,0,2,2,180,90,90,0
141900,2026,5,22,0,0,0,0,0,91,91,0,2,2,180,90,90,0
142000,2026,5,22,0,0,0,0,0,91,91,0,2,2,180,90,90,0
142100,2026,5,23,0,0,0,0,0,91,91,0,2,2,180,90,90,0
142200,2026,5,23,0,0,0,0,0,91,91,0,2,2,180,90,90,0
142300,2026,5,23,0,0,0,0,0,91,91,0,2,2,180,90,90,0
142400,2026,5,23,0,0,0,0,0,91,91,0,2,2,180,90,90,0
142500,2026,5,23,0,0,0,0,0,91,91,0,2,2,180,90,90,0
142600,2026,5,23,0,0,0,0,0,91,91,0,2,2,180,90,90,0
142700,2026,5,23,0,0,0,0,0,91,91,0,2,2,180,90,90,0
142800,2026,5,23,0,0,0,0,0,91,91,0,2,2,180,90,90,0
142900,2026,5,23,0,0,0,0,0,91,91,0,2,2,180,90,90,0
143000,2026,5,23,0,0,0,0,0,91,91,0,2,2,180,90,90,0
143100,2026,5,24,0,0,0,0,0,91,91,0,2,2,180,90,90,0
143200,2026,5,24,0,0,0,0,0,91,91,0,2,2,180,90,90,0
143300,2026,5,24,0,0,0,0,0,91,91,0,2,2,180,90,90,0
143400,2026,5,24,0,0,0,0,0,91,91,0,2,2,180,90,90,0
143500,2026,5,24,0,0,0,0,0,91,91,0,2,2,180,90,90,0
143600,2026,5,24,0,0,0,0,0,91,91,0,2,2,180,90,90,0
143700,2026,5,24,0,0,0,0,0,91,91,0,2,2,180,90,90,0
143800,2026,5,24,0,0,0,0,0,91,91,0,2,2,180,90,90,0
143900,2026,5,24,0,0,0,0,0,91,91,0,2,2,180,90,90,0
144000,2026,5,24,0,0,0,0,0,91,91,0,2,2,180,90,90,0
144100,2026,5,25,0,0,0,0,0,91,91,0,2,2,180,90,90,0
144200,2026,5,25,0,0,0,0,0,91,91,0,2,2,180,90,90,0
144300,2026,5,25,0,0,0,0,0,91,91,0,2,2,180,90,90,0
144400,2026,5,25,0,0,0,0,0,91,91,0,2,2,180,90,90,0
144500,2026,5,25,0,0,0,0,0,91,91,0,2,2,180,90,90,0
144600,2026,5,25,0,0,0,0,0,91,91,0,2,2,180,90,90,0
144700,2026,5,25,0,0,0,0,0,91,91,0,2,2,180,90,90,0
144800,2026,5,25,0,0,0,0,0,91,91,0,2,2,180,90,90,0
144900,2026,5,25,0,0,0,0,0,91,91,0,2,2,180,90,90,0
145000,2026,5,25,0,0,0,0,0,91,91,0,2,2,180,90,90,0
145100,2026,5,26,0,0,0,0,0,91,91,0,2,2,180,90,90,0
145200,2026,5,26,0,0,0,0,0,91,91,0,2,2,180,90,90,0
145300,2026,5,26,0,0,0,0,0,91,91,0,2,2,180,90,90,0
145400,2026,5,26,0,0,0,0,0,91,91,0,2,2,180,90,90,0
145500,2026,5,26,0,0,0,0,0,91,91,0,2,2,180,90,90,0
145600,2026,5,26,0,0,0,0,0,91,91,0,2,2,180,90,90,0
145700,2026,5,26,0,0,0,0,0,91,91,0,2,2,180,90,90,0
145800,2026,5,26,0,0,0,0,0,91,91,0,2,2,180,90,90,0
145900,2026,5,26,0,0,0,0,0,91,91,0,2,2,180,90,90,0
146000,2026,5,26,0,0,0,0,0,91,91,0,2,2,180,90,90,0
146100,2026,5,27,0,0,0,0,0,91,91,0,2,2,180,90,90,0
146200,2026,5,27,0,0,0,0,0,91,91,0,2,2,180,90,90,0
146300,2026,5,27,0,0,0,0,0,91,91,0,2,2,180,90,90,0
146400,2026,5,27,0,0,0,0,0,91,91,0,2,2,180,90,90,0
146500,2026,5,27,0,0,0,0,0,91,91,0,2,2,180,90,90,0
146600,2026,5,27,0,0,0,0,0,91,91,0,2,2,180,90,90,0
146700,2026,5,27,0,0,0,0,0,91,91,0,2,2,180,90,90,0
146800,2026,5,27,0,0,0,0,0,91,91,0,2,2,180,90,90,0
146900,2026,5,27,0,0,0,0,0,91,91,0,2,2,180,90,90,0
147000,2026,5,27,0,0,0,0,0,91,91,0,2,2,180,90,90,0
147100,2026,5,28,0,0,0,0,0,91,91,0,2,2,180,90,90,0
147200,2026,5,28,0,0,0,0,0,91,91,0,2,2,180,90,90,0
147300,2026,5,28,0,0,0,0,0,91,91,0,2,2,180,90,90,0
147400,2026,5,28,0,0,0,0,0,91,91,0,2,2,180,90,90,0
147500,2026,5,28,0,0,0,0,0,91,91,0,2,2,180,90,90,0
147600,2026,5,28,0,0,0,0,0,91,91,0,2,2,180,90,90,0
147700,2026,5,28,0,0,0,0,0,91,91,0,2,2,180,90,90,0
147800,2026,5,28,0,0,0,0,0,91,91,0,2,2,180,90,90,0
147900,2026,5,28,0,0,0,0,0,91,91,0,2,2,180,90,90,0
148000,2026,5,28,0,0,0,0,0,91,91,0,2,2,180,90,90,0
148100,2026,5,29,0,0,0,0,0,91,91,0,2,2,180,90,90,0
148200,2026,5,29,0,0,0,0,0,91,91,0,2,2,180,90,90,0
148300,2026,5,29,0,0,0,0,0,91,91,0,2,2,180,90,90,0
148400,2026,5,29,0,0,0,0,0,91,91,0,2,2,180,90,90,0
148500,2026,5,29,0,0,0,0,0,91,91,0,2,2,180,90,90,0
148600,2026,5,29,0,0,0,0,0,91,91,0,2,2,180,90,90,0
148700,2026,5,29,0,0,0,0,0,91,91,0,2,2,180,90,90,0
148800,2026,5,29,0,0,0,0,0,91,91,0,2,2,180,90,90,0
148900,2026,5,29,0,0,0,0,0,91,91,0,2,2,180,90,90,0
149000,2026,5,29,0,0,0,0,0,91,91,0,2,2,180,90,90,0
149100,2026,5,30,0,0,0,0,0,91,91,0,2,2,180,90,90,0
149200,2026,5,30,0,0,0,0,0,91,91,0,2,2,180,90,90,0
149300,2026,5,30,0,0,0,0,0,91,91,0,2,2,180,90,90,0
149400,2026,5,30,0,0,0,0,0,91,91,0,2,2,180,90,90,0
149500,2026,5,30,0,0,0,0,0,91,91,0,2,2,180,90,90,0
149600,2026,5,30,0,0,0,0,0,91,91,0,2,2,180,90,90,0
149700,2026,5,30,0,0,0,0,0,91,91,0,2,2,180,90,90,0
149800,2026,5,30,0,0,0,0,0,91,91,0,2,2,180,90,90,0
149900,2026,5,30,0,0,0,0,0,91,91,0,2,2,180,90,90,0
150000,2026,5,30,0,0,0,0,0,91,91,0,2,2,180,90,90,0
150100,2026,5,31,0,0,0,0,0,91,91,0,2,2,180,90,90,0
150200,2026,5,31,0,0,0,0,0,91,91,0,2,2,180,90,90,0
150300,2026,5,31,0,0,0,0,0,91,91,0,2,2,180,90,90,0
150400,2026,5,31,0,0,0,0,0,91,91,0,2,2,180,90,90,0
150500,2026,5,31,0,0,0,0,0,91,91,0,2,2,180,90,90,0
150600,2026,5,31,0,0,0,0,0,91,91,0,2,2,180,90,90,0
150700,2026,5,31,0,0,0,0,0,91,91,0,2,2,180,90,90,0
150800,2026,5,31,0,0,0,0,0,91,91,0,2,2,180,90,90,0
150900,2026,5,31,0,0,0,0,0,91,91,0,2,2,180,90,90,0
151000,2026,5,31,0,0,0,0,0,91,91,0,2,2,180,90,90,0
151100,2026,6,1,0,0,0,0,0,91,91,0,2,2,180,90,90,0
151200,2026,6,1,0,0,0,0,0,91,91,0,2,2,180,90,90,0
151300,2026,6,1,0,0,0,0,0,91,91,0,2,2,180,90,90,0
151400,2026,6,1,0,0,0,0,0,91,91,0,2,2,180,90,90,0
151500,2026,6,1,0,0,0,0,0,91,91,0,2,2,180,90,90,0
151600,2026,6,1,0,0,0,0,0,91,91,0,2,2,180,90,90,0
151700,2026,6,1,0,0,0,0,0,91,91,0,2,2,180,90,90,0
151800,2026,6,1,0,0,0,0,0,91,91,0,2,2,180,90,90,0
151900,2026,6,1,0,0,0,0,0,91,91,0,2,2,180,90,90,0
152000,2026,6,1,0,0,0,0,0,91,91,0,2,2,180,90,90,0
152100,2026,6,2,0,0,0,0,0,91,91,0,2,2,180,90,90,0
152200,2026,6,2,0,0,0,0,0,91,91,0,2,2,180,90,90,0
152300,2026,6,2,0,0,0,0,0,91,91,0,2,2,180,90,90,0
152400,2026,6,2,0,0,0,0,0,91,91,0,2,2,180,90,90,0
152500,2026,6,2,0,0,0,0,0,91,91,0,2,2,180,90,90,0
152600,2026,6,2,0,0,0,0,0,91,91,0,2,2,180,90,90,0
152700,2026,6,2,0,0,0,0,0,91,91,0,2,2,180,90,90,0
152800,2026,6,2,0,0,0,0,0,91,91,0,2,2,180,90,90,0
152900,2026,6,2,0,0,0,0,0,91,91,0,2,2,180,90,90,0
153000,2026,6,2,0,0,0,0,0,91,91,0,2,2,180,90,90,0
153100,2026,6,3,0,0,0,0,0,91,91,0,2,2,180,90,90,0
153200,2026,6,3,0,0,0,0,0,91,91,0,2,2,180,90,90,0
153300,2026,6,3,0,0,0,0,0,91,91,0,2,2,180,90,90,0
153400,2026,6,3,0,0,0,0,0,91,91,0,2,2,180,90,90,0
153500,2026,6,3,0,0,0,0,0,91,91,0,2,2,180,90,90,0
153600,2026,6,3,0,0,0,0,0,91,91,0,2,2,180,90,90,0
153700,2026,6,3,0,0,0,0,0,91,91,0,2,2,180,90,90,0
153800,2026,6,3,0,0,0,0,0,91,91,0,2,2,180,90,90,0
153900,2026,6,3,0,0,0,0,0,91,91,0,2,2,180,90,90,0
154000,2026,6,3,0,0,0,0,0,91,91,0,2,2,180,90,90,0
154100,2026,6,4,0,0,0,0,0,91,91,0,2,2,180,90,90,0
154200,2026,6,4,0,0,0,0,0,91,91,0,2,2,180,90,90,0
154300,2026,6,4,0,0,0,0,0,91,91,0,2,2,180,90,90,0
154400,2026,6,4,0,0,0,0,0,91,91,0,2,2,180,90,90,0
154500,2026,6,4,0,0,0,0,0,91,91,0,2,2,180,90,90,0
154600,2026,6,4,0,0,0,0,0,91,91,0,2,2,180,90,90,0
154700,2026,6,4,0,0,0,0,0,91,91,0,2,2,180,90,90,0
154800,2026,6,4,0,0,0,0,0,91,91,0,2,2,180,90,90,0
154900,2026,6,4,0,0,0,0,0,91,91,0,2,2,180,90,90,0
155000,2026,6,4,0,0,0,0,0,91,91,0,2,2,180,90,90,0
155100,2026,6,5,0,0,0,0,0,91,91,0,2,2,180,90,90,0
155200,2026,6,5,0,0,0,0,0,91,91,0,2,2,180,90,90,0
155300,2026,6,5,0,0,0,0,0,91,91,0,2,2,180,90,90,0
155400,2026,6,5,0,0,0,0,0,91,91,0,2,2,180,90,90,0
155500,2026,6,5,0,0,0,0,0,91,91,0,2,2,180,90,90,0
155600,2026,6,5,0,0,0,0,0,91,91,0,2,2,180,90,90,0
155700,2026,6,5,0,0,0,0,0,91,91,0,2,2,180,90,90,0
155800,2026,6,5,0,0,0,0,0,91,91,0,2,2,180,90,90,0
155900,2026,6,5,0,0,0,0,0,91,91,0,2,2,180,90,90,0
156000,2026,6,5,0,0,0,0,0,91,91,0,2,2,180,90,90,0
156100,2026,6,6,0,0,0,0,0,91,91,0,2,2,180,90,90,0
156200,2026,6,6,0,0,0,0,0,91,91,0,2,2,180,90,90,0
156300,2026,6,6,0,0,0,0,0,91,91,0,2,2,180,90,90,0
156400,2026,6,6,0,0,0,0,0,91,91,0,2,2,180,90,90,0
156500,2026,6,6,0,0,0,0,0,91,91,0,2,2,180,90,90,0
156600,2026,6,6,0,0,0,0,0,91,91,0,2,2,180,90,90,0
156700,2026,6,6,0,0,0,0,0,91,91,0,2,2,180,90,90,0
156800,2026,6,6,0,0,0,0,0,91,91,0,2,2,180,90,90,0
156900,2026,6,6,0,0,0,0,0,91,91,0,2,2,180,90,90,0
157000,2026,6,6,0,0,0,0,0,91,91,0,2,2,180,90,90,0
157100,2026,6,7,0,0,0,0,0,91,91,0,2,2,180,90,90,0
157200,2026,6,7,0,0,0,0,0,91,91,0,2,2,180,90,90,0
157300,2026,6,7,0,0,0,0,0,91,91,0,2,2,180,90,90,0
157400,2026,6,7,0,0,0,0,0,91,91,0,2,2,180,90,90,0
157500,2026,6,7,0,0,0,0,0,91,91,0,2,2,180,90,90,0
157600,2026,6,7,0,0,0,0,0,91,91,0,2,2,180,90,90,0
157700,2026,6,7,0,0,0,0,0,91,91,0,2,2,180,90,90,0
157800,2026,6,7,0,0,0,0,0,91,91,0,2,2,180,90,90,0
157900,2026,6,7,0,0,0,0,0,91,91,0,2,2,180,90,90,0
158000,2026,6,7,0,0,0,0,0,91,91,0,2,2,180,90,90,0
158100,2026,6,8,0,0,0,0,0,91,91,0,2,2,180,90,90,0
158200,2026,6,8,0,0,0,0,0,91,91,0,2,2,180,90,90,0
158300,2026,6,8,0,0,0,0,0,91,91,0,2,2,180,90,90,0
158400,2026,6,8,0,0,0,0,0,91,91,0,2,2,180,90,90,0
158500,2026,6,8,0,0,0,0,0,91,91,0,2,2,180,90,90,0
158600,2026,6,8,0,0,0,0,0,91,91,0,2,2,180,90,90,0
158700,2026,6,8,0,0,0,0,0,91,91,0,2,2,180,90,90,0
158800,2026,6,8,0,0,0,0,0,91,91,0,2,2,180,90,90,0
158900,2026,6,8,0,0,0,0,0,91,91,0,2,2,180,90,90,0
159000,2026,6,8,0,0,0,0,0,91,91,0,2,2,180,90,90,0
159100,2026,6,9,0,0,0,0,0,91,91,0,2,2,180,90,90,0
159200,2026,6,9,0,0,0,0,0,91,91,0,2,2,180,90,90,0
159300,2026,6,9,0,0,0,0,0,91,91,0,2,2,180,90,90,0
159400,2026,6,9,0,0,0,0,0,91,91,0,2,2,180,90,90,0
159500,2026,6,9,0,0,0,0,0,91,91,0,2,2,180,90,90,0
159600,2026,6,9,0,0,0,0,0,91,91,0,2,2,180,90,90,0
159700,2026,6,9,0,0,0,0,0,91,91,0,2,2,180,90,90,0
159800,2026,6,9,0,0,0,0,0,91,91,0,2,2,180,90,90,0
159900,2026,6,9,0,0,0,0,0,91,91,0,2,2,180,90,90,0
160000,2026,6,9,0,0,0,0,0,91,91,0,2,2,180,90,90,0
160100,2026,6,10,0,0,0,0,0,91,91,0,2,2,180,90,90,0
160200,2026,6,10,0,0,0,0,0,91,91,0,2,2,180,90,90,0
160300,2026,6,10,0,0,0,0,0,91,91,0,2,2,180,90,90,0
160400,2026,6,10,0,0,0,0,0,91,91,0,2,2,180,90,90,0
160500,2026,6,10,0,0,0,0,0,91,91,0,2,2,180,90,90,0
160600,2026,6,10,0,0,0,0,0,91,91,0,2,2,180,90,90,0
160700,2026,6,10,0,0,0,0,0,91,91,0,2,2,180,90,90,0
160800,2026,6,10,0,0,0,0,0,91,91,0,2,2,180,90,90,0
160900,2026,6,10,0,0,0,0,0,91,91,0,2,2,180,90,90,0
161000,2026,6,10,0,0,0,0,0,91,91,0,2,2,180,90,90,0
161100,2026,6,11,0,0,0,0,0,91,91,0,2,2,180,90,90,0
161200,2026,6,11,0,0,0,0,0,91,91,0,2,2,180,90,90,0
161300,2026,6,11,0,0,0,0,0,91,91,0,2,2,180,90,90,0
161400,2026,6,11,0,0,0,0,0,91,91,0,2,2,180,90,90,0
161500,2026,6,11,0,0,0,0,0,91,91,0,2,2,180,90,90,0
161600,2026,6,11,0,0,0,0,0,91,91,0,2,2,180,90,90,0
161700,2026,6,11,0,0,0,0,0,91,91,0,2,2,180,90,90,0
161800,2026,6,11,0,0,0,0,0,91,91,0,2,2,180,90,90,0
161900,2026,6,11,0,0,0,0,0,91,91,0,2,2,180,90,90,0
162000,2026,6,11,0,0,0,0,0,91,91,0,2,2,180,90,90,0
162100,2026,6,12,0,0,0,0,0,91,91,0,2,2,180,90,90,0
162200,2026,6,12,0,0,0,0,0,91,91,0,2,2,180,90,90,0
162300,2026,6,12,0,0,0,0,0,91,91,0,2,2,180,90,90,0
162400,2026,6,12,0,0,0,0,0,91,91,0,2,2,180,90,90,0
162500,2026,6,12,0,0,0,0,0,91,91,0,2,2,180,90,90,0
162600,2026,6,12,0,0,0,0,0,91,91,0,2,2,180,90,90,0
162700,2026,6,12,0,0,0,0,0,91,91,0,2,2,180,90,90,0
162800,2026,6,12,0,0,0,0,0,91,91,0,2,2,180,90,90,0
162900,2026,6,12,0,0,0,0,0,91,91,0,2,2,180,90,90,0
163000,2026,6,12,0,0,0,0,0,91,91,0,2,2,180,90,90,0
163100,2026,6,13,0,0,0,0,0,91,91,0,2,2,180,90,90,0
163200,2026,6,13,0,0,0,0,0,91,91,0,2,2,180,90,90,0
163300,2026,6,13,0,0,0,0,0,91,91,0,2,2,180,90,90,0
163400,2026,6,13,0,0,0,0,0,91,91,0,2,2,180,90,90,0
163500,2026,6,13,0,0,0,0,0,91,91,0,2,2,180,90,90,0
163600,2026,6,13,0,0,0,0,0,91,91,0,2,2,180,90,90,0
163700,2026,6,13,0,0,0,0,0,91,91,0,2,2,180,90,90,0
163800,2026,6,13,0,0,0,0,0,91,91,0,2,2,180,90,90,0
163900,2026,6,13,0,0,0,0,0,91,91,0,2,2,180,90,90,0
164000,2026,6,13,0,0,0,0,0,91,91,0,2,2,180,90,90,0
164100,2026,6,14,0,0,0,0,0,91,91,0,2,2,180,90,90,0
164200,2026,6,14,0,0,0,0,0,91,91,0,2,2,180,90,90,0
164300,2026,6,14,0,0,0,0,0,91,91,0,2,2,180,90,90,0
164400,2026,6,14,0,0,0,0,0,91,91,0,2,2,180,90,90,0
164500,2026,6,14,0,0,0,0,0,91,91,0,2,2,180,90,90,0
164600,2026,6,14,0,0,0,0,0,91,91,0,2,2,180,90,90,0
164700,2026,6,14,0,0,0,0,0,91,91,0,2,2,180,90,90,0
164800,2026,6,14,0,0,0,0,0,91,91,0,2,2,180,90,90,0
164900,2026,6,14,0,0,0,0,0,91,91,0,2,2,180,90,90,0
165000,2026,6,14,0,0,0,0,0,91,91,0,2,2,180,90,90,0
165100,2026,6,15,0,0,0,0,0,91,91,0,2,2,180,90,90,0
165200,2026,6,15,0,0,0,0,0,91,91,0,2,2,180,90,90,0
165300,2026,6,15,0,0,0,0,0,91,91,0,2,2,180,90,90,0
165400,2026,6,15,0,0,0,0,0,91,91,0,2,2,180,90,90,0
165500,2026,6,15,0,0,0,0,0,91,91,0,2,2,180,90,90,0
165600,2026,6,15,0,0,0,0,0,91,91,0,2,2,180,90,90,0
165700,2026,6,15,0,0,0,0,0,91,91,0,2,2,180,90,90,0
165800,2026,6,15,0,0,0,0,0,91,91,0,2,2,180,90,90,0
165900,2026,6,15,0,0,0,0,0,91,91,0,2,2,180,90,90,0
166000,2026,6,15,0,0,0,0,0,91,91,0,2,2,180,90,90,0
166100,2026,6,16,0,0,0,0,0,91,91,0,2,2,180,90,90,0
166200,2026,6,16,0,0,0,0,0,91,91,0,2,2,180,90,90,0
166300,2026,6,16,0,0,0,0,0,91,91,0,2,2,180,90,90,0
166400,2026,6,16,0,0,0,0,0,91,91,0,2,2,180,90,90,0
166500,2026,6,16,0,0,0,0,0,91,91,0,2,2,180,90,90,0
166600,2026,6,16,0,0,0,0,0,91,91,0,2,2,180,90,90,0
166700,2026,6,16,0,0,0,0,0,91,91,0,2,2,180,90,90,0
166800,2026,6,16,0,0,0,0,0,91,91,0,2,2,180,90,90,0
166900,2026,6,16,0,0,0,0,0,91,91,0,2,2,180,90,90,0
167000,2026,6,16,0,0,0,0,0,91,91,0,2,2,180,90,90,0
167100,2026,6,17,0,0,0,0,0,91,91,0,2,2,180,90,90,0
167200,2026,6,17,0,0,0,0,0,91,91,0,2,2,180,90,90,0
167300,2026,6,17,0,0,0,0,0,91,91,0,2,2,180,90,90,0
167400,2026,6,17,0,0,0,0,0,91,91,0,2,2,180,90,90,0
167500,2026,6,17,0,0,0,0,0,91,91,0,2,2,180,90,90,0
167600,2026,6,17,0,0,0,0,0,91,91,0,2,2,180,90,90,0
167700,2026,6,17,0,0,0,0,0,91,91,0,2,2,180,90,90,0
167800,2026,6,17,0,0,0,0,0,91,91,0,2,2,180,90,90,0
167900,2026,6,17,0,0,0,0,0,91,91,0,2,2,180,90,90,0
168000,2026,6,17,0,0,0,0,0,91,91,0,2,2,180,90,90,0
168100,2026,6,18,0,0,0,0,0,91,91,0,2,2,180,90,90,0
168200,2026,6,18,0,0,0,0,0,91,91,0,2,2,180,90,90,0
168300,2026,6,18,0,0,0,0,0,91,91,0,2,2,180,90,90,0
168400,2026,6,18,0,0,0,0,0,91,91,0,2,2,180,90,90,0
168500,2026,6,18,0,0,0,0,0,91,91,0,2,2,180,90,90,0
168600,2026,6,18,0,0,0,0,0,91,91,0,2,2,180,90,90,0
168700,2026,6,18,0,0,0,0,0,91,91,0,2,2,180,90,90,0
168800,2026,6,18,0,0,0,0,0,91,91,0,2,2,180,90,90,0
168900,2026,6,18,0,0,0,0,0,91,91,0,2,2,180,90,90,0
169000,2026,6,18,0,0,0,0,0,91,91,0,2,2,180,90,90,0
169100,2026,6,19,0,0,0,0,0,91,91,0,2,2,180,90,90,0
169200,2026,6,19,0,0,0,0,0,91,91,0,2,2,180,90,90,0
169300,2026,6,19,0,0,0,0,0,91,91,0,2,2,180,90,90,0
169400,2026,6,19,0,0,0,0,0,91,91,0,2,2,180,90,90,0
169500,2026,6,19,0,0,0,0,0,91,91,0,2,2,180,90,90,0
169600,2026,6,19,0,0,0,0,0,91,91,0,2,2,180,90,90,0
169700,2026,6,19,0,0,0,0,0,91,91,0,2,2,180,90,90,0
169800,2026,6,19,0,0,0,0,0,91,91,0,2,2,180,90,90,0
169900,2026,6,19,0,0,0,0,0,91,91,0,2,2,180,90,90,0
170000,2026,6,19,0,0,0,0,0,91,91,0,2,2,180,90,90,0
170100,2026,6,20,0,0,0,0,0,91,91,0,2,2,180,90,90,0
170200,2026,6,20,0,0,0,0,0,91,91,0,2,2,180,90,90,0
170300,2026,6,20,0,0,0,0,0,91,91,0,2,2,180,90,90,0
170400,2026,6,20,0,0,0,0,0,91,91,0,2,2,180,90,90,0
170500,2026,6,20,0,0,0,0,0,91,91,0,2,2,180,90,90,0
170600,2026,6,20,0,0,0,0,0,91,91,0,2,2,180,90,90,0
170700,2026,6,20,0,0,0,0,0,91,91,0,2,2,180,90,90,0
170800,2026,6,20,0,0,0,0,0,91,91,0,2,2,180,90,90,0
170900,2026,6,20,0,0,0,0,0,91,91,0,2,2,180,90,90,0
171000,2026,6,20,0,0,0,0,0,91,91,0,2,2,180,90,90,0
171100,2026,6,21,0,0,0,0,0,91,91,0,2,2,180,90,90,0
171200,2026,6,21,0,0,0,0,0,91,91,0,2,2,180,90,90,0
171300,2026,6,21,0,0,0,0,0,91,91,0,2,2,180,90,90,0
171400,2026,6,21,0,0,0,0,0,91,91,0,2,2,180,90,90,0
171500,2026,6,21,0,0,0,0,0,91,91,0,2,2,180,90,90,0
171600,2026,6,21,0,0,0,0,0,91,91,0,2,2,180,90,90,0
171700,2026,6,21,0,0,0,0,0,91,91,0,2,2,180,90,90,0
171800,2026,6,21,0,0,0,0,0,91,91,0,2,2,180,90,90,0
171900,2026,6,21,0,0,0,0,0,91,91,0,2,2,180,90,90,0
172000,2026,6,21,0,0,0,0,0,91,91,0,2,2,180,90,90,0
172100,2026,6,22,0,0,0,0,0,91,91,0,2,2,180,90,90,0
172200,2026,6,22,0,0,0,0,0,91,91,0,2,2,180,90,90,0
172300,2026,6,22,0,0,0,0,0,91,91,0,2,2,180,90,90,0
172400,2026,6,22,0,0,0,0,0,91,91,0,2,2,180,90,90,0
172500,2026,6,22,0,0,0,0,0,91,91,0,2,2,180,90,90,0
172600,2026,6,22,0,0,0,0,0,91,91,0,2,2,180,90,90,0
172700,2026,6,22,0,0,0,0,0,91,91,0,2,2,180,90,90,0
172800,2026,6,22,0,0,0,0,0,91,91,0,2,2,180,90,90,0
172900,2026,6,22,0,0,0,0,0,91,91,0,2,2,180,90,90,0
173000,2026,6,22,0,0,0,0,0,91,91,0,2,2,180,90,90,0
173100,2026,6,23,0,0,0,0,0,91,91,0,2,2,180,90,90,0
173200,2026,6,23,0,0,0,0,0,91,91,0,2,2,180,90,90,0
173300,2026,6,23,0,0,0,0,0,91,91,0,2,2,180,90,90,0
173400,2026,6,23,0,0,0,0,0,91,91,0,2,2,180,90,90,0
173500,2026,6,23,0,0,0,0,0,91,91,0,2,2,180,90,90,0
173600,2026,6,23,0,0,0,0,0,91,91,0,2,2,180,90,90,0
173700,2026,6,23,0,0,0,0,0,91,91,0,2,2,180,90,90,0
173800,2026,6,23,0,0,0,0,0,91,91,0,2,2,180,90,90,0
173900,2026,6,23,0,0,0,0,0,91,91,0,2,2,180,90,90,0
174000,2026,6,23,0,0,0,0,0,91,91,0,2,2,180,90,90,0
174100,2026,6,24,0,0,0,0,0,91,91,0,2,2,180,90,90,0
174200,2026,6,24,0,0,0,0,0,91,91,0,2,2,180,90,90,0
174300,2026,6,24,0,0,0,0,0,91,91,0,2,2,180,90,90,0
174400,2026,6,24,0,0,0,0,0,91,91,0,2,2,180,90,90,0
174500,2026,6,24,0,0,0,0,0,91,91,0,2,2,180,90,90,0
174600,2026,6,24,0,0,0,0,0,91,91,0,2,2,180,90,90,0
174700,2026,6,24,0,0,0,0,0,91,91,0,2,2,180,90,90,0
174800,2026,6,24,0,0,0,0,0,91,91,0,2,2,180,90,90,0
174900,2026,6,24,0,0,0,0,0,91,91,0,2,2,180,90,90,0
175000,2026,6,24,0,0,0,0,0,91,91,0,2,2,180,90,90,0
175100,2026,6,25,0,0,0,0,0,91,91,0,2,2,180,90,90,0
175200,2026,6,25,0,0,0,0,0,91,91,0,2,2,180,90,90,0
175300,2026,6,25,0,0,0,0,0,91,91,0,2,2,180,90,90,0
175400,2026,6,25,0,0,0,0,0,91,91,0,2,2,180,90,90,0
175500,2026,6,25,0,0,0,0,0,91,91,0,2,2,180,90,90,0
175600,2026,6,25,0,0,0,0,0,91,91,0,2,2,180,90,90,0
175700,2026,6,25,0,0,0,0,0,91,91,0,2,2,180,90,90,0
175800,2026,6,25,0,0,0,0,0,91,91,0,2,2,180,90,90,0
175900,2026,6,25,0,0,0,0,0,91,91,0,2,2,180,90,90,0
176000,2026,6,25,0,0,0,0,0,91,91,0,2,2,180,90,90,0
176100,2026,6,26,0,0,0,0,0,91,91,0,2,2,180,90,90,0
176200,2026,6,26,0,0,0,0,0,91,91,0,2,2,180,90,90,0
176300,2026,6,26,0,0,0,0,0,91,91,0,2,2,180,90,90,0
176400,2026,6,26,0,0,0,0,0,91,91,0,2,2,180,90,90,0
176500,2026,6,26,0,0,0,0,0,91,91,0,2,2,180,90,90,0
176600,2026,6,26,0,0,0,0,0,91,91,0,2,2,180,90,90,0
176700,2026,6,26,0,0,0,0,0,91,91,0,2,2,180,90,90,0
176800,2026,6,26,0,0,0,0,0,91,91,0,2,2,180,90,90,0
176900,2026,6,26,0,0,0,0,0,91,91,0,2,2,180,90,90,0
177000,2026,6,26,0,0,0,0,0,91,91,0,2,2,180,90,90,0
177100,2026,6,27,0,0,0,0,0,91,91,0,2,2,180,90,90,0
177200,2026,6,27,0,0,0,0,0,91,91,0,2,2,180,90,90,0
177300,2026,6,27,0,0,0,0,0,91,91,0,2,2,180,90,90,0
177400,2026,6,27,0,0,0,0,0,91,91,0,2,2,180,90,90,0
177500,2026,6,27,0,0,0,0,0,91,91,0,2,2,180,90,90,0
177600,2026,6,27,0,0,0,0,0,91,91,0,2,2,180,90,90,0
177700,2026,6,27,0,0,0,0,0,91,91,0,2,2,180,90,90,0
177800,2026,6,27,0,0,0,0,0,91,91,0,2,2,180,90,90,0
177900,2026,6,27,0,0,0,0,0,91,91,0,2,2,180,90,90,0
178000,2026,6,27,0,0,0,0,0,91,91,0,2,2,180,90,90,0
178100,2026,6,28,0,0,0,0,0,91,91,0,2,2,180,90,90,0
178200,2026,6,28,0,0,0,0,0,91,91,0,2,2,180,90,90,0
178300,2026,6,28,0,0,0,0,0,91,91,0,2,2,180,90,90,0
178400,2026,6,28,0,0,0,0,0,91,91,0,2,2,180,90,90,0
178500,2026,6,28,0,0,0,0,0,91,91,0,2,2,180,90,90,0
178600,2026,6,28,0,0,0,0,0,91,91,0,2,2,180,90,90,0
178700,2026,6,28,0,0,0,0,0,91,91,0,2,2,180,90,90,0
178800,2026,6,28,0,0,0,0,0,91,91,0,2,2,180,90,90,0
178900,2026,6,28,0,0,0,0,0,91,91,0,2,2,180,90,90,0
179000,2026,6,28,0,0,0,0,0,91,91,0,2,2,180,90,90,0
179100,2026,6,29,0,0,0,0,0,91,91,0,2,2,180,90,90,0
179200,2026,6,29,0,0,0,0,0,91,91,0,2,2,180,90,90,0
179300,2026,6,29,0,0,0,0,0,91,91,0,2,2,180,90,90,0
179400,2026,6,29,0,0,0,0,0,91,91,0,2,2,180,90,90,0
179500,2026,6,29,0,0,0,0,0,91,91,0,2,2,180,90,90,0
179600,2026,6,29,0,0,0,0,0,91,91,0,2,2,180,90,90,0
179700,2026,6,29,0,0,0,0,0,91,91,0,2,2,180,90,90,0
179800,2026,6,29,0,0,0,0,0,91,91,0,2,2,180,90,90,0
179900,2026,6,29,0,0,0,0,0,91,91,0,2,2,180,90,90,0
180000,2026,6,29,0,0,0,0,0,91,91,0,2,2,180,90,90,0
180100,2026,6,30,0,0,0,0,0,91,91,0,2,2,180,90,90,0
180200,2026,6,30,0,0,0,0,0,91,91,0,2,2,180,90,90,0
180300,2026,6,30,0,0,0,0,0,91,91,0,2,2,180,90,90,0
180400,2026,6,30,0,0,0,0,0,91,91,0,2,2,180,90,90,0
180500,2026,6,30,0,0,0,0,0,91,91,0,2,2,180,90,90,0
180600,2026,6,30,0,0,0,0,0,91,91,0,2,2,180,90,90,0
180700,2026,6,30,0,0,0,0,0,91,91,0,2,2,180,90,90,0
180800,2026,6,30,0,0,0,0,0,91,91,0,2,2,180,90,90,0
180900,2026,6,30,0,0,0,0,0,91,91,0,2,2,180,90,90,0
181000,2026,6,30,0,0,0,0,0,91,91,0,2,2,180,90,90,0
181100,2026,7,1,0,0,0,0,0,91,91,0,2,2,180,90,90,0
181200,2026,7,1,0,0,0,0,0,91,91,0,2,2,180,90,90,0
181300,2026,7,1,0,0,0,0,0,91,91,0,2,2,180,90,90,0
181400,2026,7,1,0,0,0,0,0,91,91,0,2,2,180,90,90,0
181500,2026,7,1,0,0,0,0,0,91,91,0,2,2,180,90,90,0
181600,2026,7,1,0,0,0,0,0,91,91,0,2,2,180,90,90,0
181700,2026,7,1,0,0,0,0,0,91,91,0,2,2,180,90,90,0
181800,2026,7,1,0,0,0,0,0,91,91,0,2,2,180,90,90,0
181900,2026,7,1,0,0,0,0,0,91,91,0,2,2,180,90,90,0
182000,2026,7,1,0,0,0,0,0,91,91,0,2,2,180,90,90,0
182100,2026,7,2,0,0,0,0,0,91,91,0,2,2,180,90,90,0
182200,2026,7,2,0,0,0,0,0,91,91,0,2,2,180,90,90,0
182300,2026,7,2,0,0,0,0,0,91,91,0,2,2,180,90,90,0
182400,2026,7,2,0,0,0,0,0,91,91,0,2,2,180,90,90,0
182500,2026,7,2,0,0,0,0,0,91,91,0,2,2,180,90,90,0
182600,2026,7,2,0,0,0,0,0,91,91,0,2,2,180,90,90,0
182700,2026,7,2,0,0,0,0,0,91,91,0,2,2,180,90,90,0
182800,2026,7,2,0,0,0,0,0,91,91,0,2,2,180,90,90,0
182900,2026,7,2,0,0,0,0,0,91,91,0,2,2,180,90,90,0
183000,2026,7,2,0,0,0,0,0,91,91,0,2,2,180,90,90,0
183100,2026,7,3,0,0,0,0,0,91,91,0,2,2,180,90,90,0
183200,2026,7,3,0,0,0,0,0,91,91,0,2,2,180,90,90,0
183300,2026,7,3,0,0,0,0,0,91,91,0,2,2,180,90,90,0
183400,2026,7,3,0,0,0,0,0,91,91,0,2,2,180,90,90,0
183500,2026,7,3,0,0,0,0,0,91,91,0,2,2,180,90,90,0
183600,2026,7,3,0,0,0,0,0,91,91,0,2,2,180,90,90,0
183700,2026,7,3,0,0,0,0,0,91,91,0,2,2,180,90,90,0
183800,2026,7,3,0,0,0,0,0,91,91,0,2,2,180,90,90,0
183900,2026,7,3,0,0,0,0,0,91,91,0,2,2,180,90,90,0
184000,2026,7,3,0,0,0,0,0,91,91,0,2,2,180,90,90,0
184100,2026,7,4,0,0,0,0,0,91,91,0,2,2,180,90,90,0
184200,2026,7,4,0,0,0,0,0,91,91,0,2,2,180,90,90,0
184300,2026,7,4,0,0,0,0,0,91,91,0,2,2,180,90,90,0
184400,2026,7,4,0,0,0,0,0,91,91,0,2,2,180,90,90,0
184500,2026,7,4,0,0,0,0,0,91,91,0,2,2,180,90,90,0
184600,2026,7,4,0,0,0,0,0,91,91,0,2,2,180,90,90,0
184700,2026,7,4,0,0,0,0,0,91,91,0,2,2,180,90,90,0
184800,2026,7,4,0,0,0,0,0,91,91,0,2,2,180,90,90,0
184900,2026,7,4,0,0,0,0,0,91,91,0,2,2,180,90,90,0
185000,2026,7,4,0,0,0,0,0,91,91,0,2,2,180,90,90,0
185100,2026,7,5,0,0,0,0,0,91,91,0,2,2,180,90,90,0
185200,2026,7,5,0,0,0,0,0,91,91,0,2,2,180,90,90,0
185300,2026,7,5,0,0,0,0,0,91,91,0,2,2,180,90,90,0
185400,2026,7,5,0,0,0,0,0,91,91,0,2,2,180,90,90,0
185500,2026,7,5,0,0,0,0,0,91,91,0,2,2,180,90,90,0
185600,2026,7,5,0,0,0,0,0,91,91,0,2,2,180,90,90,0
185700,2026,7,5,0,0,0,0,0,91,91,0,2,2,180,90,90,0
185800,2026,7,5,0,0,0,0,0,91,91,0,2,2,180,90,90,0
185900,2026,7,5,0,0,0,0,0,91,91,0,2,2,180,90,90,0
186000,2026,7,5,0,0,0,0,0,91,91,0,2,2,180,90,90,0
186100,2026,7,6,0,0,0,0,0,91,91,0,2,2,180,90,90,0
186200,2026,7,6,0,0,0,0,0,91,91,0,2,2,180,90,90,0
186300,2026,7,6,0,0,0,0,0,91,91,0,2,2,180,90,90,0
186400,2026,7,6,0,0,0,0,0,91,91,0,2,2,180,90,90,0
186500,2026,7,6,0,0,0,0,0,91,91,0,2,2,180,90,90,0
186600,2026,7,6,0,0,0,0,0,91,91,0,2,2,180,90,90,0
186700,2026,7,6,0,0,0,0,0,91,91,0,2,2,180,90,90,0
186800,2026,7,6,0,0,0,0,0,91,91,0,2,2,180,90,90,0
186900,2026,7,6,0,0,0,0,0,91,91,0,2,2,180,90,90,0
187000,2026,7,6,0,0,0,0,0,91,91,0,2,2,180,90,90,0
187100,2026,7,7,0,0,0,0,0,91,91,0,2,2,180,90,90,0
187200,2026,7,7,0,0,0,0,0,91,91,0,2,2,180,90,90,0
187300,2026,7,7,0,0,0,0,0,91,91,0,2,2,180,90,90,0
187400,2026,7,7,0,0,0,0,0,91,91,0,2,2,180,90,90,0
187500,2026,7,7,0,0,0,0,0,91,91,0,2,2,180,90,90,0
187600,2026,7,7,0,0,0,0,0,91,91,0,2,2,180,90,90,0
187700,2026,7,7,0,0,0,0,0,91,91,0,2,2,180,90,90,0
187800,2026,7,7,0,0,0,0,0,91,91,0,2,2,180,90,90,0
187900,2026,7,7,0,0,0,0,0,91,91,0,2,2,180,90,90,0
188000,2026,7,7,0,0,0,0,0,91,91,0,2,2,180,90,90,0
188100,2026,7,8,0,0,0,0,0,91,91,0,2,2,180,90,90,0
188200,2026,7,8,0,0,0,0,0,91,91,0,2,2,180,90,90,0
188300,2026,7,8,0,0,0,0,0,91,91,0,2,2,180,90,90,0
188400,2026,7,8,0,0,0,0,0,91,91,0,2,2,180,90,90,0
188500,2026,7,8,0,0,0,0,0,91,91,0,2,2,180,90,90,0
188600,2026,7,8,0,0,0,0,0,91,91,0,2,2,180,90,90,0
188700,2026,7,8,0,0,0,0,0,91,91,0,2,2,180,90,90,0
188800,2026,7,8,0,0,0,0,0,91,91,0,2,2,180,90,90,0
188900,2026,7,8,0,0,0,0,0,91,91,0,2,2,180,90,90,0
189000,2026,7,8,0,0,0,0,0,91,91,0,2,2,180,90,90,0
189100,2026,7,9,0,0,0,0,0,91,91,0,2,2,180,90,90,0
189200,2026,7,9,0,0,0,0,0,91,91,0,2,2,180,90,90,0
189300,2026,7,9,0,0,0,0,0,91,91,0,2,2,180,90,90,0
189400,2026,7,9,0,0,0,0,0,91,91,0,2,2,180,90,90,0
189500,2026,7,9,0,0,0,0,0,91,91,0,2,2,180,90,90,0
189600,2026,7,9,0,0,0,0,0,91,91,0,2,2,180,90,90,0
189700,2026,7,9,0,0,0,0,0,91,91,0,2,2,180,90,90,0
189800,2026,7,9,0,0,0,0,0,91,91,0,2,2,180,90,90,0
189900,2026,7,9,0,0,0,0,0,91,91,0,2,2,180,90,90,0
190000,2026,7,9,0,0,0,0,0,91,91,0,2,2,180,90,90,0
190100,2026,7,10,0,0,0,0,0,91,91,0,2,2,180,90,90,0
190200,2026,7,10,0,0,0,0,0,91,91,0,2,2,180,90,90,0
190300,2026,7,10,0,0,0,0,0,91,91,0,2,2,180,90,90,0
190400,2026,7,10,0,0,0,0,0,91,91,0,2,2,180,90,90,0
190500,2026,7,10,0,0,0,0,0,91,91,0,2,2,180,90,90,0
190600,2026,7,10,0,0,0,0,0,91,91,0,2,2,180,90,90,0
190700,2026,7,10,0,0,0,0,0,91,91,0,2,2,180,90,90,0
190800,2026,7,10,0,0,0,0,0,91,91,0,2,2,180,90,90,0
190900,2026,7,10,0,0,0,0,0,91,91,0,2,2,180,90,90,0
191000,2026,7,10,0,0,0,0,0,91,91,0,2,2,180,90,90,0
191100,2026,7,11,0,0,0,0,0,91,91,0,2,2,180,90,90,0
191200,2026,7,11,0,0,0,0,0,91,91,0,2,2,180,90,90,0
191300,2026,7,11,0,0,0,0,0,91,91,0,2,2,180,90,90,0
191400,2026,7,11,0,0,0,0,0,91,91,0,2,2,180,90,90,0
191500,2026,7,11,0,0,0,0,0,91,91,0,2,2,180,90,90,0
191600,2026,7,11,0,0,0,0,0,91,91,0,2,2,180,90,90,0
191700,2026,7,11,0,0,0,0,0,91,91,0,2,2,180,90,90,0
191800,2026,7,11,0,0,0,0,0,91,91,0,2,2,180,90,90,0
191900,2026,7,11,0,0,0,0,0,91,91,0,2,2,180,90,90,0
192000,2026,7,11,0,0,0,0,0,91,91,0,2,2,180,90,90,0
192100,2026,7,12,0,0,0,0,0,91,91,0,2,2,180,90,90,0
192200,2026,7,12,0,0,0,0,0,91,91,0,2,2,180,90,90,0
192300,2026,7,12,0,0,0,0,0,91,91,0,2,2,180,90,90,0
192400,2026,7,12,0,0,0,0,0,91,91,0,2,2,180,90,90,0
192500,2026,7,12,0,0,0,0,0,91,91,0,2,2,180,90,90,0
192600,2026,7,12,0,0,0,0,0,91,91,0,2,2,180,90,90,0
192700,2026,7,12,0,0,0,0,0,91,91,0,2,2,180,90,90,0
192800,2026,7,12,0,0,0,0,0,91,91,0,2,2,180,90,90,0
192900,2026,7,12,0,0,0,0,0,91,91,0,2,2,180,90,90,0
193000,2026,7,12,0,0,0,0,0,91,91,0,2,2,180,90,90,0
193100,2026,7,13,0,0,0,0,0,91,91,0,2,2,180,90,90,0
193200,2026,7,13,0,0,0,0,0,91,91,0,2,2,180,90,90,0
193300,2026,7,13,0,0,0,0,0,91,91,0,2,2,180,90,90,0
193400,2026,7,13,0,0,0,0,0,91,91,0,2,2,180,90,90,0
193500,2026,7,13,0,0,0,0,0,91,91,0,2,2,180,90,90,0
193600,2026,7,13,0,0,0,0,0,91,91,0,2,2,180,90,90,0
193700,2026,7,13,0,0,0,0,0,91,91,0,2,2,180,90,90,0
193800,2026,7,13,0,0,0,0,0,91,91,0,2,2,180,90,90,0
193900,2026,7,13,0,0,0,0,0,91,91,0,2,2,180,90,90,0
194000,2026,7,13,0,0,0,0,0,91,91,0,2,2,180,90,90,0
194100,2026,7,14,0,0,0,0,0,91,91,0,2,2,180,90,90,0
194200,2026,7,14,0,0,0,0,0,91,91,0,2,2,180,90,90,0
194300,2026,7,14,0,0,0,0,0,91,91,0,2,2,180,90,90,0
194400,2026,7,14,0,0,0,0,0,91,91,0,2,2,180,90,90,0
194500,2026,7,14,0,0,0,0,0,91,91,0,2,2,180,90,90,0
194600,2026,7,14,0,0,0,0,0,91,91,0,2,2,180,90,90,0
194700,2026,7,14,0,0,0,0,0,91,91,0,2,2,180,90,90,0
194800,2026,7,14,0,0,0,0,0,91,91,0,2,2,180,90,90,0
194900,2026,7,14,0,0,0,0,0,91,91,0,2,2,180,90,90,0
195000,2026,7,14,0,0,0,0,0,91,91,0,2,2,180,90,90,0
195100,2026,7,15,0,0,0,0,0,91,91,0,2,2,180,90,90,0
195200,2026,7,15,0,0,0,0,0,91,91,0,2,2,180,90,90,0
195300,2026,7,15,0,0,0,0,0,91,91,0,2,2,180,90,90,0
195400,2026,7,15,0,0,0,0,0,91,91,0,2,2,180,90,90,0
195500,2026,7,15,0,0,0,0,0,91,91,0,2,2,180,90,90,0
195600,2026,7,15,0,0,0,0,0,91,91,0,2,2,180,90,90,0
195700,2026,7,15,0,0,0,0,0,91,91,0,2,2,180,90,90,0
195800,2026,7,15,0,0,0,0,0,91,91,0,2,2,180,90,90,0
195900,2026,7,15,0,0,0,0,0,91,91,0,2,2,180,90,90,0
196000,2026,7,15,0,0,0,0,0,91,91,0,2,2,180,90,90,0
196100,2026,7,16,0,0,0,0,0,91,91,0,2,2,180,90,90,0
196200,2026,7,16,0,0,0,0,0,91,91,0,2,2,180,90,90,0
196300,2026,7,16,0,0,0,0,0,91,91,0,2,2,180,90,90,0
196400,2026,7,16,0,0,0,0,0,91,91,0,2,2,180,90,90,0
196500,2026,7,16,0,0,0,0,0,91,91,0,2,2,180,90,90,0
196600,2026,7,16,0,0,0,0,0,91,91,0,2,2,180,90,90,0
196700,2026,7,16,0,0,0,0,0,91,91,0,2,2,180,90,90,0
196800,2026,7,16,0,0,0,0,0,91,91,0,2,2,180,90,90,0
196900,2026,7,16,0,0,0,0,0,91,91,0,2,2,180,90,90,0
197000,2026,7,16,0,0,0,0,0,91,91,0,2,2,180,90,90,0
197100,2026,7,17,0,0,0,0,0,91,91,0,2,2,180,90,90,0
197200,2026,7,17,0,0,0,0,0,91,91,0,2,2,180,90,90,0
197300,2026,7,17,0,0,0,0,0,91,91,0,2,2,180,90,90,0
197400,2026,7,17,0,0,0,0,0,91,91,0,2,2,180,90,90,0
197500,2026,7,17,0,0,0,0,0,91,91,0,2,2,180,90,90,0
197600,2026,7,17,0,0,0,0,0,91,91,0,2,2,180,90,90,0
197700,2026,7,17,0,0,0,0,0,91,91,0,2,2,180,90,90,0
197800,2026,7,17,0,0,0,0,0,91,91,0,2,2,180,90,90,0
197900,2026,7,17,0,0,0,0,0,91,91,0,2,2,180,90,90,0
198000,2026,7,17,0,0,0,0,0,91,91,0,2,2,180,90,90,0
198100,2026,7,18,0,0,0,0,0,91,91,0,2,2,180,90,90,0
198200,2026,7,18,0,0,0,0,0,91,91,0,2,2,180,90,90,0
198300,2026,7,18,0,0,0,0,0,91,91,0,2,2,180,90,90,0
198400,2026,7,18,0,0,0,0,0,91,91,0,2,2,180,90,90,0
198500,2026,7,18,0,0,0,0,0,91,91,0,2,2,180,90,90,0
198600,2026,7,18,0,0,0,0,0,91,91,0,2,2,180,90,90,0
198700,2026,7,18,0,0,0,0,0,91,91,0,2,2,180,90,90,0
198800,2026,7,18,0,0,0,0,0,91,91,0,2,2,180,90,90,0
198900,2026,7,18,0,0,0,0,0,91,91,0,2,2,180,90,90,0
199000,2026,7,18,0,0,0,0,0,91,91,0,2,2,180,90,90,0
199100,2026,7,19,0,0,0,0,0,91,91,0,2,2,180,90,90,0
199200,2026,7,19,0,0,0,0,0,91,91,0,2,2,180,90,90,0
199300,2026,7,19,0,0,0,0,0,91,91,0,2,2,180,90,90,0
199400,2026,7,19,0,0,0,0,0,91,91,0,2,2,180,90,90,0
199500,2026,7,19,0,0,0,0,0,91,91,0,2,2,180,90,90,0
199600,2026,7,19,0,0,0,0,0,91,91,0,2,2,180,90,90,0
199700,2026,7,19,0,0,0,0,0,91,91,0,2,2,180,90,90,0
199800,2026,7,19,0,0,0,0,0,91,91,0,2,2,180,90,90,0
199900,2026,7,19,0,0,0,0,0,91,91,0,2,2,180,90,90,0
200000,2026,7,19,0,0,0,0,0,91,91,0,2,2,180,90,90,0
200100,2026,7,20,0,0,0,0,0,91,91,0,2,2,180,90,90,0
200200,2026,7,20,0,0,0,0,0,91,91,0,2,2,180,90,90,0
200300,2026,7,20,0,0,0,0,0,91,91,0,2,2,180,90,90,0
200400,2026,7,20,0,0,0,0,0,91,91,0,2,2,180,90,90,0
200500,2026,7,20,0,0,0,0,0,91,91,0,2,2,180,90,90,0
200600,2026,7,20,0,0,0,0,0,91,91,0,2,2,180,90,90,0
200700,2026,7,20,0,0,0,0,0,91,91,0,2,2,180,90,90,0
200800,2026,7,20,0,0,0,0,0,91,91,0,2,2,180,90,90,0
200900,2026,7,20,0,0,0,0,0,91,91,0,2,2,180,90,90,0
201000,2026,7,20,0,0,0,0,0,91,91,0,2,2,180,90,90,0
201100,2026,7,21,0,0,0,0,0,91,91,0,2,2,180,90,90,0
201200,2026,7,21,0,0,0,0,0,91,91,0,2,2,180,90,90,0
201300,2026,7,21,0,0,0,0,0,91,91,0,2,2,180,90,90,0
201400,2026,7,21,0,0,0,0,0,91,91,0,2,2,180,90,90,0
201500,2026,7,21,0,0,0,0,0,91,91,0,2,2,180,90,90,0
201600,2026,7,21,0,0,0,0,0,91,91,0,2,2,180,90,90,0
201700,2026,7,21,0,0,0,0,0,91,91,0,2,2,180,90,90,0
201800,2026,7,21,0,0,0,0,0,91,91,0,2,2,180,90,90,0
201900,2026,7,21,0,0,0,0,0,91,91,0,2,2,180,90,90,0
202000,2026,7,21,0,0,0,0,0,91,91,0,2,2,180,90,90,0
202100,2026,7,22,0,0,0,0,0,91,91,0,2,2,180,90,90,0
202200,2026,7,22,0,0,0,0,0,91,91,0,2,2,180,90,90,0
202300,2026,7,22,0,0,0,0,0,91,91,0,2,2,180,90,90,0
202400,2026,7,22,0,0,0,0,0,91,91,0,2,2,180,90,90,0
202500,2026,7,22,0,0,0,0,0,91,91,0,2,2,180,90,90,0
202600,2026,7,22,0,0,0,0,0,91,91,0,2,2,180,90,90,0
202700,2026,7,22,0,0,0,0,0,91,91,0,2,2,180,90,90,0
202800,2026,7,22,0,0,0,0,0,91,91,0,2,2,180,90,90,0
202900,2026,7,22,0,0,0,0,0,91,91,0,2,2,180,90,90,0
203000,2026,7,22,0,0,0,0,0,91,91,0,2,2,180,90,90,0
203100,2026,7,23,0,0,0,0,0,91,91,0,2,2,180,90,90,0
203200,2026,7,23,0,0,0,0,0,91,91,0,2,2,180,90,90,0
203300,2026,7,23,0,0,0,0,0,91,91,0,2,2,180,90,90,0
203400,2026,7,23,0,0,0,0,0,91,91,0,2,2,180,90,90,0
203500,2026,7,23,0,0,0,0,0,91,91,0,2,2,180,90,90,0
203600,2026,7,23,0,0,0,0,0,91,91,0,2,2,180,90,90,0
203700,2026,7,23,0,0,0,0,0,91,91,0,2,2,180,90,90,0
203800,2026,7,23,0,0,0,0,0,91,91,0,2,2,180,90,90,0
203900,2026,7,23,0,0,0,0,0,91,91,0,2,2,180,90,90,0
204000,2026,7,23,0,0,0,0,0,91,91,0,2,2,180,90,90,0
204100,2026,7,24,0,0,0,0,0,91,91,0,2,2,180,90,90,0
204200,2026,7,24,0,0,0,0,0,91,91,0,2,2,180,90,90,0
204300,2026,7,24,0,0,0,0,0,91,91,0,2,2,180,90,90,0
204400,2026,7,24,0,0,0,0,0,91,91,0,2,2,180,90,90,0
204500,2026,7,24,0,0,0,0,0,91,91,0,2,2,180,90,90,0
204600,2026,7,24,0,0,0,0,0,91,91,0,2,2,180,90,90,0
204700,2026,7,24,0,0,0,0,0,91,91,0,2,2,180,90,90,0
204800,2026,7,24,0,0,0,0,0,91,91,0,2,2,180,90,90,0
204900,2026,7,24,0,0,0,0,0,91,91,0,2,2,180,90,90,0
205000,2026,7,24,0,0,0,0,0,91,91,0,2,2,180,90,90,0
205100,2026,7,25,0,0,0,0,0,91,91,0,2,2,180,90,90,0
205200,2026,7,25,0,0,0,0,0,91,91,0,2,2,180,90,90,0
205300,2026,7,25,0,0,0,0,0,91,91,0,2,2,180,90,90,0
205400,2026,7,25,0,0,0,0,0,91,91,0,2,2,180,90,90,0
205500,2026,7,25,0,0,0,0,0,91,91,0,2,2,180,90,90,0
205600,2026,7,25,0,0,0,0,0,91,91,0,2,2,180,90,90,0
205700,2026,7,25,0,0,0,0,0,91,91,0,2,2,180,90,90,0
205800,2026,7,25,0,0,0,0,0,91,91,0,2,2,180,90,90,0
205900,2026,7,25,0,0,0,0,0,91,91,0,2,2,180,90,90,0
206000,2026,7,25,0,0,0,0,0,91,91,0,2,2,180,90,90,0
206100,2026,7,26,0,0,0,0,0,91,91,0,2,2,180,90,90,0
206200,2026,7,26,0,0,0,0,0,91,91,0,2,2,180,90,90,0
206300,2026,7,26,0,0,0,0,0,91,91,0,2,2,180,90,90,0
206400,2026,7,26,0,0,0,0,0,91,91,0,2,2,180,90,90,0
206500,2026,7,26,0,0,0,0,0,91,91,0,2,2,180,90,90,0
206600,2026,7,26,0,0,0,0,0,91,91,0,2,2,180,90,90,0
206700,2026,7,26,0,0,0,0,0,91,91,0,2,2,180,90,90,0
206800,2026,7,26,0,0,0,0,0,91,91,0,2,2,180,90,90,0
206900,2026,7,26,0,0,0,0,0,91,91,0,2,2,180,90,90,0
207000,2026,7,26,0,0,0,0,0,91,91,0,2,2,180,90,90,0
207100,2026,7,27,0,0,0,0,0,91,91,0,2,2,180,90,90,0
207200,2026,7,27,0,0,0,0,0,91,91,0,2,2,180,90,90,0
207300,2026,7,27,0,0,0,0,0,91,91,0,2,2,180,90,90,0
207400,2026,7,27,0,0,0,0,0,91,91,0,2,2,180,90,90,0
207500,2026,7,27,0,0,0,0,0,91,91,0,2,2,180,90,90,0
207600,2026,7,27,0,0,0,0,0,91,91,0,2,2,180,90,90,0
207700,2026,7,27,0,0,0,0,0,91,91,0,2,2,180,90,90,0
207800,2026,7,27,0,0,0,0,0,91,91,0,2,2,180,90,90,0
207900,2026,7,27,0,0,0,0,0,91,91,0,2,2,180,90,90,0
208000,2026,7,27,0,0,0,0,0,91,91,0,2,2,180,90,90,0
208100,2026,7,28,0,0,0,0,0,91,91,0,2,2,180,90,90,0
208200,2026,7,28,0,0,0,0,0,91,91,0,2,2,180,90,90,0
208300,2026,7,28,0,0,0,0,0,91,91,0,2,2,180,90,90,0
208400,2026,7,28,0,0,0,0,0,91,91,0,2,2,180,90,90,0
208500,2026,7,28,0,0,0,0,0,91,91,0,2,2,180,90,90,0
208600,2026,7,28,0,0,0,0,0,91,91,0,2,2,180,90,90,0
208700,2026,7,28,0,0,0,0,0,91,91,0,2,2,180,90,90,0
208800,2026,7,28,0,0,0,0,0,91,91,0,2,2,180,90,90,0
208900,2026,7,28,0,0,0,0,0,91,91,0,2,2,180,90,90,0
209000,2026,7,28,0,0,0,0,0,91,91,0,2,2,180,90,90,0
209100,2026,7,29,0,0,0,0,0,91,91,0,2,2,180,90,90,0
209200,2026,7,29,0,0,0,0,0,91,91,0,2,2,180,90,90,0
209300,2026,7,29,0,0,0,0,0,91,91,0,2,2,180,90,90,0
209400,2026,7,29,0,0,0,0,0,91,91,0,2,2,180,90,90,0
209500,2026,7,29,0,0,0,0,0,91,91,0,2,2,180,90,90,0
209600,2026,7,29,0,0,0,0,0,91,91,0,2,2,180,90,90,0
209700,2026,7,29,0,0,0,0,0,91,91,0,2,2,180,90,90,0
209800,2026,7,29,0,0,0,0,0,91,91,0,2,2,180,90,90,0
209900,2026,7,29,0,0,0,0,0,91,91,0,2,2,180,90,90,0
210000,2026,7,29,0,0,0,0,0,91,91,0,2,2,180,90,90,0
210100,2026,7,30,0,0,0,0,0,91,91,0,2,2,180,90,90,0
210200,2026,7,30,0,0,0,0,0,91,91,0,2,2,180,90,90,0
210300,2026,7,30,0,0,0,0,0,91,91,0,2,2,180,90,90,0
210400,2026,7,30,0,0,0,0,0,91,91,0,2,2,180,90,90,0
210500,2026,7,30,0,0,0,0,0,91,91,0,2,2,180,90,90,0
210600,2026,7,30,0,0,0,0,0,91,91,0,2,2,180,90,90,0
210700,2026,7,30,0,0,0,0,0,91,91,0,2,2,180,90,90,0
210800,2026,7,30,0,0,0,0,0,91,91,0,2,2,180,90,90,0
210900,2026,7,30,0,0,0,0,0,91,91,0,2,2,180,90,90,0
211000,2026,7,30,0,0,0,0,0,91,91,0,2,2,180,90,90,0
211100,2026,7,31,0,0,0,0,0,91,91,0,2,2,180,90,90,0
211200,2026,7,31,0,0,0,0,0,91,91,0,2,2,180,90,90,0
211300,2026,7,31,0,0,0,0,0,91,91,0,2,2,180,90,90,0
211400,2026,7,31,0,0,0,0,0,91,91,0,2,2,180,90,90,0
211500,2026,7,31,0,0,0,0,0,91,91,0,2,2,180,90,90,0
211600,2026,7,31,0,0,0,0,0,91,91,0,2,2,180,90,90,0
211700,2026,7,31,0,0,0,0,0,91,91,0,2,2,180,90,90,0
211800,2026,7,31,0,0,0,0,0,91,91,0,2,2,180,90,90,0
211900,2026,7,31,0,0,0,0,0,91,91,0,2,2,180,90,90,0
212000,2026,7,31,0,0,0,0,0,91,91,0,2,2,180,90,90,0
212100,2026,8,1,0,0,0,0,0,91,91,0,2,2,180,90,90,0
212200,2026,8,1,0,0,0,0,0,91,91,0,2,2,180,90,90,0
212300,2026,8,1,0,0,0,0,0,91,91,0,2,2,180,90,90,0
212400,2026,8,1,0,0,0,0,0,91,91,0,2,2,180,90,90,0
212500,2026,8,1,0,0,0,0,0,91,91,0,2,2,180,90,90,0
212600,2026,8,1,0,0,0,0,0,91,91,0,2,2,180,90,90,0
212700,2026,8,1,0,0,0,0,0,91,91,0,2,2,180,90,90,0
212800,2026,8,1,0,0,0,0,0,91,91,0,2,2,180,90,90,0
212900,2026,8,1,0,0,0,0,0,91,91,0,2,2,180,90,90,0
213000,2026,8,1,0,0,0,0,0,91,91,0,2,2,180,90,90,0
213100,2026,8,2,0,0,0,0,0,91,91,0,2,2,180,90,90,0
213200,2026,8,2,0,0,0,0,0,91,91,0,2,2,180,90,90,0
213300,2026,8,2,0,0,0,0,0,91,91,0,2,2,180,90,90,0
213400,2026,8,2,0,0,0,0,0,91,91,0,2,2,180,90,90,0
213500,2026,8,2,0,0,0,0,0,91,91,0,2,2,180,90,90,0
213600,2026,8,2,0,0,0,0,0,91,91,0,2,2,180,90,90,0
213700,2026,8,2,0,0,0,0,0,91,91,0,2,2,180,90,90,0
213800,2026,8,2,0,0,0,0,0,91,91,0,2,2,180,90,90,0
213900,2026,8,2,0,0,0,0,0,91,91,0,2,2,180,90,90,0
214000,2026,8,2,0,0,0,0,0,91,91,0,2,2,180,90,90,0
214100,2026,8,3,0,0,0,0,0,91,91,0,2,2,180,90,90,0
214200,2026,8,3,0,0,0,0,0,91,91,0,2,2,180,90,90,0
214300,2026,8,3,0,0,0,0,0,91,91,0,2,2,180,90,90,0
214400,2026,8,3,0,0,0,0,0,91,91,0,2,2,180,90,90,0
214500,2026,8,3,0,0,0,0,0,91,91,0,2,2,180,90,90,0
214600,2026,8,3,0,0,0,0,0,91,91,0,2,2,180,90,90,0
214700,2026,8,3,0,0,0,0,0,91,91,0,2,2,180,90,90,0
214800,2026,8,3,0,0,0,0,0,91,91,0,2,2,180,90,90,0
214900,2026,8,3,0,0,0,0,0,91,91,0,2,2,180,90,90,0
215000,2026,8,3,0,0,0,0,0,91,91,0,2,2,180,90,90,0
215100,2026,8,4,0,0,0,0,0,91,91,0,2,2,180,90,90,0
215200,2026,8,4,0,0,0,0,0,91,91,0,2,2,180,90,90,0
215300,2026,8,4,0,0,0,0,0,91,91,0,2,2,180,90,90,0
215400,2026,8,4,0,0,0,0,0,91,91,0,2,2,180,90,90,0
215500,2026,8,4,0,0,0,0,0,91,91,0,2,2,180,90,90,0
215600,2026,8,4,0,0,0,0,0,91,91,0,2,2,180,90,90,0
215700,2026,8,4,0,0,0,0,0,91,91,0,2,2,180,90,90,0
215800,2026,8,4,0,0,0,0,0,91,91,0,2,2,180,90,90,0
215900,2026,8,4,0,0,0,0,0,91,91,0,2,2,180,90,90,0
216000,2026,8,4,0,0,0,0,0,91,91,0,2,2,180,90,90,0
216100,2026,8,5,0,0,0,0,0,91,91,0,2,2,180,90,90,0
216200,2026,8,5,0,0,0,0,0,91,91,0,2,2,180,90,90,0
216300,2026,8,5,0,0,0,0,0,91,91,0,2,2,180,90,90,0
216400,2026,8,5,0,0,0,0,0,91,91,0,2,2,180,90,90,0
216500,2026,8,5,0,0,0,0,0,91,91,0,2,2,180,90,90,0
216600,2026,8,5,0,0,0,0,0,91,91,0,2,2,180,90,90,0
216700,2026,8,5,0,0,0,0,0,91,91,0,2,2,180,90,90,0
216800,2026,8,5,0,0,0,0,0,91,91,0,2,2,180,90,90,0
216900,2026,8,5,0,0,0,0,0,91,91,0,2,2,180,90,90,0
217000,2026,8,5,0,0,0,0,0,91,91,0,2,2,180,90,90,0
217100,2026,8,6,0,0,0,0,0,91,91,0,2,2,180,90,90,0
217200,2026,8,6,0,0,0,0,0,91,91,0,2,2,180,90,90,0
217300,2026,8,6,0,0,0,0,0,91,91,0,2,2,180,90,90,0
217400,2026,8,6,0,0,0,0,0,91,91,0,2,2,180,90,90,0
217500,2026,8,6,0,0,0,0,0,91,91,0,2,2,180,90,90,0
217600,2026,8,6,0,0,0,0,0,91,91,0,2,2,180,90,90,0
217700,2026,8,6,0,0,0,0,0,91,91,0,2,2,180,90,90,0
217800,2026,8,6,0,0,0,0,0,91,91,0,2,2,180,90,90,0
217900,2026,8,6,0,0,0,0,0,91,91,0,2,2,180,90,90,0
218000,2026,8,6,0,0,0,0,0,91,91,0,2,2,180,90,90,0
218100,2026,8,7,0,0,0,0,0,91,91,0,2,2,180,90,90,0
218200,2026,8,7,0,0,0,0,0,91,91,0,2,2,180,90,90,0
218300,2026,8,7,0,0,0,0,0,91,91,0,2,2,180,90,90,0
218400,2026,8,7,0,0,0,0,0,91,91,0,2,2,180,90,90,0
218500,2026,8,7,0,0,0,0,0,91,91,0,2,2,180,90,90,0
218600,2026,8,7,0,0,0,0,0,91,91,0,2,2,180,90,90,0
218700,2026,8,7,0,0,0,0,0,91,91,0,2,2,180,90,90,0
218800,2026,8,7,0,0,0,0,0,91,91,0,2,2,180,90,90,0
218900,2026,8,7,0,0,0,0,0,91,91,0,2,2,180,90,90,0
219000,2026,8,7,0,0,0,0,0,91,91,0,2,2,180,90,90,0
219100,2026,8,8,0,0,0,0,0,91,91,0,2,2,180,90,90,0
219200,2026,8,8,0,0,0,0,0,91,91,0,2,2,180,90,90,0
219300,2026,8,8,0,0,0,0,0,91,91,0,2,2,180,90,90,0
219400,2026,8,8,0,0,0,0,0,91,91,0,2,2,180,90,90,0
219500,2026,8,8,0,0,0,0,0,91,91,0,2,2,180,90,90,0
219600,2026,8,8,0,0,0,0,0,91,91,0,2,2,180,90,90,0
219700,2026,8,8,0,0,0,0,0,91,91,0,2,2,180,90,90,0
219800,2026,8,8,0,0,0,0,0,91,91,0,2,2,180,90,90,0
219900,2026,8,8,0,0,0,0,0,91,91,0,2,2,180,90,90,0
220000,2026,8,8,0,0,0,0,0,91,91,0,2,2,180,90,90,0
220100,2026,8,9,0,0,0,0,0,91,91,0,2,2,180,90,90,0
220200,2026,8,9,0,0,0,0,0,91,91,0,2,2,180,90,90,0
220300,2026,8,9,0,0,0,0,0,91,91,0,2,2,180,90,90,0
220400,2026,8,9,0,0,0,0,0,91,91,0,2,2,180,90,90,0
220500,2026,8,9,0,0,0,0,0,91,91,0,2,2,180,90,90,0
220600,2026,8,9,0,0,0,0,0,91,91,0,2,2,180,90,90,0
220700,2026,8,9,0,0,0,0,0,91,91,0,2,2,180,90,90,0
220800,2026,8,9,0,0,0,0,0,91,91,0,2,2,180,90,90,0
220900,2026,8,9,0,0,0,0,0,91,91,0,2,2,180,90,90,0
221000,2026,8,9,0,0,0,0,0,91,91,0,2,2,180,90,90,0
221100,2026,8,10,0,0,0,0,0,91,91,0,2,2,180,90,90,0
221200,2026,8,10,0,0,0,0,0,91,91,0,2,2,180,90,90,0
221300,2026,8,10,0,0,0,0,0,91,91,0,2,2,180,90,90,0
221400,2026,8,10,0,0,0,0,0,91,91,0,2,2,180,90,90,0
221500,2026,8,10,0,0,0,0,0,91,91,0,2,2,180,90,90,0
221600,2026,8,10,0,0,0,0,0,91,91,0,2,2,180,90,90,0
221700,2026,8,10,0,0,0,0,0,91,91,0,2,2,180,90,90,0
221800,2026,8,10,0,0,0,0,0,91,91,0,2,2,180,90,90,0
221900,2026,8,10,0,0,0,0,0,91,91,0,2,2,180,90,90,0
222000,2026,8,10,0,0,0,0,0,91,91,0,2,2,180,90,90,0
222100,2026,8,11,0,0,0,0,0,91,91,0,2,2,180,90,90,0
222200,2026,8,11,0,0,0,0,0,91,91,0,2,2,180,90,90,0
222300,2026,8,11,0,0,0,0,0,91,91,0,2,2,180,90,90,0
222400,2026,8,11,0,0,0,0,0,91,91,0,2,2,180,90,90,0
222500,2026,8,11,0,0,0,0,0,91,91,0,2,2,180,90,90,0
222600,2026,8,11,0,0,0,0,0,91,91,0,2,2,180,90,90,0
222700,2026,8,11,0,0,0,0,0,91,91,0,2,2,180,90,90,0
222800,2026,8,11,0,0,0,0,0,91,91,0,2,2,180,90,90,0
222900,2026,8,11,0,0,0,0,0,91,91,0,2,2,180,90,90,0
223000,2026,8,11,0,0,0,0,0,91,91,0,2,2,180,90,90,0
223100,2026,8,12,0,0,0,0,0,91,91,0,2,2,180,90,90,0
223200,2026,8,12,0,0,0,0,0,91,91,0,2,2,180,90,90,0
223300,2026,8,12,0,0,0,0,0,91,91,0,2,2,180,90,90,0
223400,2026,8,12,0,0,0,0,0,91,91,0,2,2,180,90,90,0
223500,2026,8,12,0,0,0,0,0,91,91,0,2,2,180,90,90,0
223600,2026,8,12,0,0,0,0,0,91,91,0,2,2,180,90,90,0
223700,2026,8,12,0,0,0,0,0,91,91,0,2,2,180,90,90,0
223800,2026,8,12,0,0,0,0,0,91,91,0,2,2,180,90,90,0
223900,2026,8,12,0,0,0,0,0,91,91,0,2,2,180,90,90,0
224000,2026,8,12,0,0,0,0,0,91,91,0,2,2,180,90,90,0
224100,2026,8,13,0,0,0,0,0,91,91,0,2,2,180,90,90,0
224200,2026,8,13,0,0,0,0,0,91,91,0,2,2,180,90,90,0
224300,2026,8,13,0,0,0,0,0,91,91,0,2,2,180,90,90,0
224400,2026,8,13,0,0,0,0,0,91,91,0,2,2,180,90,90,0
224500,2026,8,13,0,0,0,0,0,91,91,0,2,2,180,90,90,0
224600,2026,8,13,0,0,0,0,0,91,91,0,2,2,180,90,90,0
224700,2026,8,13,0,0,0,0,0,91,91,0,2,2,180,90,90,0
224800,2026,8,13,0,0,0,0,0,91,91,0,2,2,180,90,90,0
224900,2026,8,13,0,0,0,0,0,91,91,0,2,2,180,90,90,0
225000,2026,8,13,0,0,0,0,0,91,91,0,2,2,180,90,90,0
225100,2026,8,14,0,0,0,0,0,91,91,0,2,2,180,90,90,0
225200,2026,8,14,0,0,0,0,0,91,91,0,2,2,180,90,90,0
225300,2026,8,14,0,0,0,0,0,91,91,0,2,2,180,90,90,0
225400,2026,8,14,0,0,0,0,0,91,91,0,2,2,180,90,90,0
225500,2026,8,14,0,0,0,0,0,91,91,0,2,2,180,90,90,0
225600,2026,8,14,0,0,0,0,0,91,91,0,2,2,180,90,90,0
225700,2026,8,14,0,0,0,0,0,91,91,0,2,2,180,90,90,0
225800,2026,8,14,0,0,0,0,0,91,91,0,2,2,180,90,90,0
225900,2026,8,14,0,0,0,0,0,91,91,0,2,2,180,90,90,0
226000,2026,8,14,0,0,0,0,0,91,91,0,2,2,180,90,90,0
226100,2026,8,15,0,0,0,0,0,91,91,0,2,2,180,90,90,0
226200,2026,8,15,0,0,0,0,0,91,91,0,2,2,180,90,90,0
226300,2026,8,15,0,0,0,0,0,91,91,0,2,2,180,90,90,0
226400,2026,8,15,0,0,0,0,0,91,91,0,2,2,180,90,90,0
226500,2026,8,15,0,0,0,0,0,91,91,0,2,2,180,90,90,0
226600,2026,8,15,0,0,0,0,0,91,91,0,2,2,180,90,90,0
226700,2026,8,15,0,0,0,0,0,91,91,0,2,2,180,90,90,0
226800,2026,8,15,0,0,0,0,0,91,91,0,2,2,180,90,90,0
226900,2026,8,15,0,0,0,0,0,91,91,0,2,2,180,90,90,0
227000,2026,8,15,0,0,0,0,0,91,91,0,2,2,180,90,90,0
227100,2026,8,16,0,0,0,0,0,91,91,0,2,2,180,90,90,0
227200,2026,8,16,0,0,0,0,0,91,91,0,2,2,180,90,90,0
227300,2026,8,16,0,0,0,0,0,91,91,0,2,2,180,90,90,0
227400,2026,8,16,0,0,0,0,0,91,91,0,2,2,180,90,90,0
227500,2026,8,16,0,0,0,0,0,91,91,0,2,2,180,90,90,0
227600,2026,8,16,0,0,0,0,0,91,91,0,2,2,180,90,90,0
227700,2026,8,16,0,0,0,0,0,91,91,0,2,2,180,90,90,0
227800,2026,8,16,0,0,0,0,0,91,91,0,2,2,180,90,90,0
227900,2026,8,16,0,0,0,0,0,91,91,0,2,2,180,90,90,0
228000,2026,8,16,0,0,0,0,0,91,91,0,2,2,180,90,90,0
228100,2026,8,17,0,0,0,0,0,91,91,0,2,2,180,90,90,0
228200,2026,8,17,0,0,0,0,0,91,91,0,2,2,180,90,90,0
228300,2026,8,17,0,0,0,0,0,91,91,0,2,2,180,90,90,0
228400,2026,8,17,0,0,0,0,0,91,91,0,2,2,180,90,90,0
228500,2026,8,17,0,0,0,0,0,91,91,0,2,2,180,90,90,0
228600,2026,8,17,0,0,0,0,0,91,91,0,2,2,180,90,90,0
228700,2026,8,17,0,0,0,0,0,91,91,0,2,2,180,90,90,0
228800,2026,8,17,0,0,0,0,0,91,91,0,2,2,180,90,90,0
228900,2026,8,17,0,0,0,0,0,91,91,0,2,2,180,90,90,0
229000,2026,8,17,0,0,0,0,0,91,91,0,2,2,180,90,90,0
229100,2026,8,18,0,0,0,0,0,91,91,0,2,2,180,90,90,0
229200,2026,8,18,0,0,0,0,0,91,91,0,2,2,180,90,90,0
229300,2026,8,18,0,0,0,0,0,91,91,0,2,2,180,90,90,0
229400,2026,8,18,0,0,0,0,0,91,91,0,2,2,180,90,90,0
229500,2026,8,18,0,0,0,0,0,91,91,0,2,2,180,90,90,0
229600,2026,8,18,0,0,0,0,0,91,91,0,2,2,180,90,90,0
229700,2026,8,18,0,0,0,0,0,91,91,0,2,2,180,90,90,0
229800,2026,8,18,0,0,0,0,0,91,91,0,2,2,180,90,90,0
229900,2026,8,18,0,0,0,0,0,91,91,0,2,2,180,90,90,0
230000,2026,8,18,0,0,0,0,0,91,91,0,2,2,180,90,90,0
230100,2026,8,19,0,0,0,0,0,91,91,0,2,2,180,90,90,0
230200,2026,8,19,0,0,0,0,0,91,91,0,2,2,180,90,90,0
230300,2026,8,19,0,0,0,0,0,91,91,0,2,2,180,90,90,0
230400,2026,8,19,0,0,0,0,0,91,91,0,2,2,180,90,90,0
230500,2026,8,19,0,0,0,0,0,91,91,0,2,2,180,90,90,0
230600,2026,8,19,0,0,0,0,0,91,91,0,2,2,180,90,90,0
230700,2026,8,19,0,0,0,0,0,91,91,0,2,2,180,90,90,0
230800,2026,8,19,0,0,0,0,0,91,91,0,2,2,180,90,90,0
230900,2026,8,19,0,0,0,0,0,91,91,0,2,2,180,90,90,0
231000,2026,8,19,0,0,0,0,0,91,91,0,2,2,180,90,90,0
231100,2026,8,20,0,0,0,0,0,91,91,0,2,2,180,90,90,0
231200,2026,8,20,0,0,0,0,0,91,91,0,2,2,180,90,90,0
231300,2026,8,20,0,0,0,0,0,91,91,0,2,2,180,90,90,0
231400,2026,8,20,0,0,0,0,0,91,91,0,2,2,180,90,90,0
231500,2026,8,20,0,0,0,0,0,91,91,0,2,2,180,90,90,0
231600,2026,8,20,0,0,0,0,0,91,91,0,2,2,180,90,90,0
231700,2026,8,20,0,0,0,0,0,91,91,0,2,2,180,90,90,0
231800,2026,8,20,0,0,0,0,0,91,91,0,2,2,180,90,90,0
231900,2026,8,20,0,0,0,0,0,91,91,0,2,2,180,90,90,0
232000,2026,8,20,0,0,0,0,0,91,91,0,2,2,180,90,90,0
232100,2026,8,21,0,0,0,0,0,91,91,0,2,2,180,90,90,0
232200,2026,8,21,0,0,0,0,0,91,91,0,2,2,180,90,90,0
232300,2026,8,21,0,0,0,0,0,91,91,0,2,2,180,90,90,0
232400,2026,8,21,0,0,0,0,0,91,91,0,2,2,180,90,90,0
232500,2026,8,21,0,0,0,0,0,91,91,0,2,2,180,90,90,0
232600,2026,8,21,0,0,0,0,0,91,91,0,2,2,180,90,90,0
232700,2026,8,21,0,0,0,0,0,91,91,0,2,2,180,90,90,0
232800,2026,8,21,0,0,0,0,0,91,91,0,2,2,180,90,90,0
232900,2026,8,21,0,0,0,0,0,91,91,0,2,2,180,90,90,0
233000,2026,8,21,0,0,0,0,0,91,91,0,2,2,180,90,90,0
233100,2026,8,22,0,0,0,0,0,91,91,0,2,2,180,90,90,0
233200,2026,8,22,0,0,0,0,0,91,91,0,2,2,180,90,90,0
233300,2026,8,22,0,0,0,0,0,91,91,0,2,2,180,90,90,0
233400,2026,8,22,0,0,0,0,0,91,91,0,2,2,180,90,90,0
233500,2026,8,22,0,0,0,0,0,91,91,0,2,2,180,90,90,0
233600,2026,8,22,0,0,0,0,0,91,91,0,2,2,180,90,90,0
233700,2026,8,22,0,0,0,0,0,91,91,0,2,2,180,90,90,0
233800,2026,8,22,0,0,0,0,0,91,91,0,2,2,180,90,90,0
233900,2026,8,22,0,0,0,0,0,91,91,0,2,2,180,90,90,0
234000,2026,8,22,0,0,0,0,0,91,91,0,2,2,180,90,90,0
234100,2026,8,23,0,0,0,0,0,91,91,0,2,2,180,90,90,0
234200,2026,8,23,0,0,0,0,0,91,91,0,2,2,180,90,90,0
234300,2026,8,23,0,0,0,0,0,91,91,0,2,2,180,90,90,0
234400,2026,8,23,0,0,0,0,0,91,91,0,2,2,180,90,90,0
234500,2026,8,23,0,0,0,0,0,91,91,0,2,2,180,90,90,0
234600,2026,8,23,0,0,0,0,0,91,91,0,2,2,180,90,90,0
234700,2026,8,23,0,0,0,0,0,91,91,0,2,2,180,90,90,0
234800,2026,8,23,0,0,0,0,0,91,91,0,2,2,180,90,90,0
234900,2026,8,23,0,0,0,0,0,91,91,0,2,2,180,90,90,0
235000,2026,8,23,0,0,0,0,0,91,91,0,2,2,180,90,90,0
235100,2026,8,24,0,0,0,0,0,91,91,0,2,2,180,90,90,0
235200,2026,8,24,0,0,0,0,0,91,91,0,2,2,180,90,90,0
235300,2026,8,24,0,0,0,0,0,91,91,0,2,2,180,90,90,0
235400,2026,8,24,0,0,0,0,0,91,91,0,2,2,180,90,90,0
235500,2026,8,24,0,0,0,0,0,91,91,0,2,2,180,90,90,0
235600,2026,8,24,0,0,0,0,0,91,91,0,2,2,180,90,90,0
235700,2026,8,24,0,0,0,0,0,91,91,0,2,2,180,90,90,0
235800,2026,8,24,0,0,0,0,0,91,91,0,2,2,180,90,90,0
235900,2026,8,24,0,0,0,0,0,91,91,0,2,2,180,90,90,0
236000,2026,8,24,0,0,0,0,0,91,91,0,2,2,180,90,90,0
236100,2026,8,25,0,0,0,0,0,91,91,0,2,2,180,90,90,0
236200,2026,8,25,0,0,0,0,0,91,91,0,2,2,180,90,90,0
236300,2026,8,25,0,0,0,0,0,91,91,0,2,2,180,90,90,0
236400,2026,8,25,0,0,0,0,0,91,91,0,2,2,180,90,90,0
236500,2026,8,25,0,0,0,0,0,91,91,0,2,2,180,90,90,0
236600,2026,8,25,0,0,0,0,0,91,91,0,2,2,180,90,90,0
236700,2026,8,25,0,0,0,0,0,91,91,0,2,2,180,90,90,0
236800,2026,8,25,0,0,0,0,0,91,91,0,2,2,180,90,90,0
236900,2026,8,25,0,0,0,0,0,91,91,0,2,2,180,90,90,0
237000,2026,8,25,0,0,0,0,0,91,91,0,2,2,180,90,90,0
237100,2026,8,26,0,0,0,0,0,91,91,0,2,2,180,90,90,0
237200,2026,8,26,0,0,0,0,0,91,91,0,2,2,180,90,90,0
237300,2026,8,26,0,0,0,0,0,91,91,0,2,2,180,90,90,0
237400,2026,8,26,0,0,0,0,0,91,91,0,2,2,180,90,90,0
237500,2026,8,26,0,0,0,0,0,91,91,0,2,2,180,90,90,0
237600,2026,8,26,0,0,0,0,0,91,91,0,2,2,180,90,90,0
237700,2026,8,26,0,0,0,0,0,91,91,0,2,2,180,90,90,0
237800,2026,8,26,0,0,0,0,0,91,91,0,2,2,180,90,90,0
237900,2026,8,26,0,0,0,0,0,91,91,0,2,2,180,90,90,0
238000,2026,8,26,0,0,0,0,0,91,91,0,2,2,180,90,90,0
238100,2026,8,27,0,0,0,0,0,91,91,0,2,2,180,90,90,0
238200,2026,8,27,0,0,0,0,0,91,91,0,2,2,180,90,90,0
238300,2026,8,27,0,0,0,0,0,91,91,0,2,2,180,90,90,0
238400,2026,8,27,0,0,0,0,0,91,91,0,2,2,180,90,90,0
238500,2026,8,27,0,0,0,0,0,91,91,0,2,2,180,90,90,0
238600,2026,8,27,0,0,0,0,0,91,91,0,2,2,180,90,90,0
238700,2026,8,27,0,0,0,0,0,91,91,0,2,2,180,90,90,0
238800,2026,8,27,0,0,0,0,0,91,91,0,2,2,180,90,90,0
238900,2026,8,27,0,0,0,0,0,91,91,0,2,2,180,90,90,0
239000,2026,8,27,0,0,0,0,0,91,91,0,2,2,180,90,90,0
239100,2026,8,28,0,0,0,0,0,91,91,0,2,2,180,90,90,0
239200,2026,8,28,0,0,0,0,0,91,91,0,2,2,180,90,90,0
239300,2026,8,28,0,0,0,0,0,91,91,0,2,2,180,90,90,0
239400,2026,8,28,0,0,0,0,0,91,91,0,2,2,180,90,90,0
239500,2026,8,28,0,0,0,0,0,91,91,0,2,2,180,90,90,0
239600,2026,8,28,0,0,0,0,0,91,91,0,2,2,180,90,90,0
239700,2026,8,28,0,0,0,0,0,91,91,0,2,2,180,90,90,0
239800,2026,8,28,0,0,0,0,0,91,91,0,2,2,180,90,90,0
239900,2026,8,28,0,0,0,0,0,91,91,0,2,2,180,90,90,0
240000,2026,8,28,0,0,0,0,0,91,91,0,2,2,180,90,90,0
240100,2026,8,29,0,0,0,0,0,91,91,0,2,2,180,90,90,0
240200,2026,8,29,0,0,0,0,0,91,91,0,2,2,180,90,90,0
240300,2026,8,29,0,0,0,0,0,91,91,0,2,2,180,90,90,0
240400,2026,8,29,0,0,0,0,0,91,91,0,2,2,180,90,90,0
240500,2026,8,29,0,0,0,0,0,91,91,0,2,2,180,90,90,0
240600,2026,8,29,0,0,0,0,0,91,91,0,2,2,180,90,90,0
240700,2026,8,29,0,0,0,0,0,91,91,0,2,2,180,90,90,0
240800,2026,8,29,0,0,0,0,0,91,91,0,2,2,180,90,90,0
240900,2026,8,29,0,0,0,0,0,91,91,0,2,2,180,90,90,0
241000,2026,8,29,0,0,0,0,0,91,91,0,2,2,180,90,90,0
241100,2026,8,30,0,0,0,0,0,91,91,0,2,2,180,90,90,0
241200,2026,8,30,0,0,0,0,0,91,91,0,2,2,180,90,90,0
241300,2026,8,30,0,0,0,0,0,91,91,0,2,2,180,90,90,0
241400,2026,8,30,0,0,0,0,0,91,91,0,2,2,180,90,90,0
241500,2026,8,30,0,0,0,0,0,91,91,0,2,2,180,90,90,0
241600,2026,8,30,0,0,0,0,0,91,91,0,2,2,180,90,90,0
241700,2026,8,30,0,0,0,0,0,91,91,0,2,2,180,90,90,0
241800,2026,8,30,0,0,0,0,0,91,91,0,2,2,180,90,90,0
241900,2026,8,30,0,0,0,0,0,91,91,0,2,2,180,90,90,0
242000,2026,8,30,0,0,0,0,0,91,91,0,2,2,180,90,90,0
242100,2026,8,31,0,0,0,0,0,91,91,0,2,2,180,90,90,0
242200,2026,8,31,0,0,0,0,0,91,91,0,2,2,180,90,90,0
242300,2026,8,31,0,0,0,0,0,91,91,0,2,2,180,90,90,0
242400,2026,8,31,0,0,0,0,0,91,91,0,2,2,180,90,90,0
242500,2026,8,31,0,0,0,0,0,91,91,0,2,2,180,90,90,0
242600,2026,8,31,0,0,0,0,0,91,91,0,2,2,180,90,90,0
242700,2026,8,31,0,0,0,0,0,91,91,0,2,2,180,90,90,0
242800,2026,8,31,0,0,0,0,0,91,91,0,2,2,180,90,90,0
242900,2026,8,31,0,0,0,0,0,91,91,0,2,2,180,90,90,0
243000,2026,8,31,0,0,0,0,0,91,91,0,2,2,180,90,90,0
243100,2026,9,1,0,0,0,0,0,91,91,0,2,2,180,90,90,0
243200,2026,9,1,0,0,0,0,0,91,91,0,2,2,180,90,90,0
243300,2026,9,1,0,0,0,0,0,91,91,0,2,2,180,90,90,0
243400,2026,9,1,0,0,0,0,0,91,91,0,2,2,180,90,90,0
243500,2026,9,1,0,0,0,0,0,91,91,0,2,2,180,90,90,0
243600,2026,9,1,0,0,0,0,0,91,91,0,2,2,180,90,90,0
243700,2026,9,1,0,0,0,0,0,91,91,0,2,2,180,90,90,0
243800,2026,9,1,0,0,0,0,0,91,91,0,2,2,180,90,90,0
243900,2026,9,1,0,0,0,0,0,91,91,0,2,2,180,90,90,0
244000,2026,9,1,0,0,0,0,0,91,91,0,2,2,180,90,90,0
244100,2026,9,2,0,0,0,0,0,91,91,0,2,2,180,90,90,0
244200,2026,9,2,0,0,0,0,0,91,91,0,2,2,180,90,90,0
244300,2026,9,2,0,0,0,0,0,91,91,0,2,2,180,90,90,0
244400,2026,9,2,0,0,0,0,0,91,91,0,2,2,180,90,90,0
244500,2026,9,2,0,0,0,0,0,91,91,0,2,2,180,90,90,0
244600,2026,9,2,0,0,0,0,0,91,91,0,2,2,180,90,90,0
244700,2026,9,2,0,0,0,0,0,91,91,0,2,2,180,90,90,0
244800,2026,9,2,0,0,0,0,0,91,91,0,2,2,180,90,90,0
244900,2026,9,2,0,0,0,0,0,91,91,0,2,2,180,90,90,0
245000,2026,9,2,0,0,0,0,0,91,91,0,2,2,180,90,90,0
245100,2026,9,3,0,0,0,0,0,91,91,0,2,2,180,90,90,0
245200,2026,9,3,0,0,0,0,0,91,91,0,2,2,180,90,90,0
245300,2026,9,3,0,0,0,0,0,91,91,0,2,2,180,90,90,0
245400,2026,9,3,0,0,0,0,0,91,91,0,2,2,180,90,90,0
245500,2026,9,3,0,0,0,0,0,91,91,0,2,2,180,90,90,0
245600,2026,9,3,0,0,0,0,0,91,91,0,2,2,180,90,90,0
245700,2026,9,3,0,0,0,0,0,91,91,0,2,2,180,90,90,0
245800,2026,9,3,0,0,0,0,0,91,91,0,2,2,180,90,90,0
245900,2026,9,3,0,0,0,0,0,91,91,0,2,2,180,90,90,0
246000,2026,9,3,0,0,0,0,0,91,91,0,2,2,180,90,90,0
246100,2026,9,4,0,0,0,0,0,91,91,0,2,2,180,90,90,0
246200,2026,9,4,0,0,0,0,0,91,91,0,2,2,180,90,90,0
246300,2026,9,4,0,0,0,0,0,91,91,0,2,2,180,90,90,0
246400,2026,9,4,0,0,0,0,0,91,91,0,2,2,180,90,90,0
246500,2026,9,4,0,0,0,0,0,91,91,0,2,2,180,90,90,0
246600,2026,9,4,0,0,0,0,0,91,91,0,2,2,180,90,90,0
246700,2026,9,4,0,0,0,0,0,91,91,0,2,2,180,90,90,0
246800,2026,9,4,0,0,0,0,0,91,91,0,2,2,180,90,90,0
246900,2026,9,4,0,0,0,0,0,91,91,0,2,2,180,90,90,0
247000,2026,9,4,0,0,0,0,0,91,91,0,2,2,180,90,90,0
247100,2026,9,5,0,0,0,0,0,91,91,0,2,2,180,90,90,0
247200,2026,9,5,0,0,0,0,0,91,91,0,2,2,180,90,90,0
247300,2026,9,5,0,0,0,0,0,91,91,0,2,2,180,90,90,0
247400,2026,9,5,0,0,0,0,0,91,91,0,2,2,180,90,90,0
247500,2026,9,5,0,0,0,0,0,91,91,0,2,2,180,90,90,0
247600,2026,9,5,0,0,0,0,0,91,91,0,2,2,180,90,90,0
247700,2026,9,5,0,0,0,0,0,91,91,0,2,2,180,90,90,0
247800,2026,9,5,0,0,0,0,0,91,91,0,2,2,180,90,90,0
247900,2026,9,5,0,0,0,0,0,91,91,0,2,2,180,90,90,0
248000,2026,9,5,0,0,0,0,0,91,91,0,2,2,180,90,90,0
248100,2026,9,6,0,0,0,0,0,91,91,0,2,2,180,90,90,0
248200,2026,9,6,0,0,0,0,0,91,91,0,2,2,180,90,90,0
248300,2026,9,6,0,0,0,0,0,91,91,0,2,2,180,90,90,0
248400,2026,9,6,0,0,0,0,0,91,91,0,2,2,180,90,90,0
248500,2026,9,6,0,0,0,0,0,91,91,0,2,2,180,90,90,0
248600,2026,9,6,0,0,0,0,0,91,91,0,2,2,180,90,90,0
248700,2026,9,6,0,0,0,0,0,91,91,0,2,2,180,90,90,0
248800,2026,9,6,0,0,0,0,0,91,91,0,2,2,180,90,90,0
248900,2026,9,6,0,0,0,0,0,91,91,0,2,2,180,90,90,0
249000,2026,9,6,0,0,0,0,0,91,91,0,2,2,180,90,90,0
249100,2026,9,7,0,0,0,0,0,91,91,0,2,2,180,90,90,0
249200,2026,9,7,0,0,0,0,0,91,91,0,2,2,180,90,90,0
249300,2026,9,7,0,0,0,0,0,91,91,0,2,2,180,90,90,0
249400,2026,9,7,0,0,0,0,0,91,91,0,2,2,180,90,90,0
249500,2026,9,7,0,0,0,0,0,91,91,0,2,2,180,90,90,0
249600,2026,9,7,0,0,0,0,0,91,91,0,2,2,180,90,90,0
249700,2026,9,7,0,0,0,0,0,91,91,0,2,2,180,90,90,0
249800,2026,9,7,0,0,0,0,0,91,91,0,2,2,180,90,90,0
249900,2026,9,7,0,0,0,0,0,91,91,0,2,2,180,90,90,0
250000,2026,9,7,0,0,0,0,0,91,91,0,2,2,180,90,90,0
250100,2026,9,8,0,0,0,0,0,91,91,0,2,2,180,90,90,0
250200,2026,9,8,0,0,0,0,0,91,91,0,2,2,180,90,90,0
250300,2026,9,8,0,0,0,0,0,91,91,0,2,2,180,90,90,0
250400,2026,9,8,0,0,0,0,0,91,91,0,2,2,180,90,90,0
250500,2026,9,8,0,0,0,0,0,91,91,0,2,2,180,90,90,0
250600,2026,9,8,0,0,0,0,0,91,91,0,2,2,180,90,90,0
250700,2026,9,8,0,0,0,0,0,91,91,0,2,2,180,90,90,0
250800,2026,9,8,0,0,0,0,0,91,91,0,2,2,180,90,90,0
250900,2026,9,8,0,0,0,0,0,91,91,0,2,2,180,90,90,0
251000,2026,9,8,0,0,0,0,0,91,91,0,2,2,180,90,90,0
251100,2026,9,9,0,0,0,0,0,91,91,0,2,2,180,90,90,0
251200,2026,9,9,0,0,0,0,0,91,91,0,2,2,180,90,90,0
251300,2026,9,9,0,0,0,0,0,91,91,0,2,2,180,90,90,0
251400,2026,9,9,0,0,0,0,0,91,91,0,2,2,180,90,90,0
251500,2026,9,9,0,0,0,0,0,91,91,0,2,2,180,90,90,0
251600,2026,9,9,0,0,0,0,0,91,91,0,2,2,180,90,90,0
251700,2026,9,9,0,0,0,0,0,91,91,0,2,2,180,90,90,0
251800,2026,9,9,0,0,0,0,0,91,91,0,2,2,180,90,90,0
251900,2026,9,9,0,0,0,0,0,91,91,0,2,2,180,90,90,0
252000,2026,9,9,0,0,0,0,0,91,91,0,2,2,180,90,90,0
252100,2026,9,10,0,0,0,0,0,91,91,0,2,2,180,90,90,0
252200,2026,9,10,0,0,0,0,0,91,91,0,2,2,180,90,90,0
252300,2026,9,10,0,0,0,0,0,91,91,0,2,2,180,90,90,0
252400,2026,9,10,0,0,0,0,0,91,91,0,2,2,180,90,90,0
252500,2026,9,10,0,0,0,0,0,91,91,0,2,2,180,90,90,0
252600,2026,9,10,0,0,0,0,0,91,91,0,2,2,180,90,90,0
252700,2026,9,10,0,0,0,0,0,91,91,0,2,2,180,90,90,0
252800,2026,9,10,0,0,0,0,0,91,91,0,2,2,180,90,90,0
252900,2026,9,10,0,0,0,0,0,91,91,0,2,2,180,90,90,0
253000,2026,9,10,0,0,0,0,0,91,91,0,2,2,180,90,90,0
253100,2026,9,11,0,0,0,0,0,91,91,0,2,2,180,90,90,0
253200,2026,9,11,0,0,0,0,0,91,91,0,2,2,180,90,90,0
253300,2026,9,11,0,0,0,0,0,91,91,0,2,2,180,90,90,0
253400,2026,9,11,0,0,0,0,0,91,91,0,2,2,180,90,90,0
253500,2026,9,11,0,0,0,0,0,91,91,0,2,2,180,90,90,0
253600,2026,9,11,0,0,0,0,0,91,91,0,2,2,180,90,90,0
253700,2026,9,11,0,0,0,0,0,91,91,0,2,2,180,90,90,0
253800,2026,9,11,0,0,0,0,0,91,91,0,2,2,180,90,90,0
253900,2026,9,11,0,0,0,0,0,91,91,0,2,2,180,90,90,0
254000,2026,9,11,0,0,0,0,0,91,91,0,2,2,180,90,90,0
254100,2026,9,12,0,0,0,0,0,91,91,0,2,2,180,90,90,0
254200,2026,9,12,0,0,0,0,0,91,91,0,2,2,180,90,90,0
254300,2026,9,12,0,0,0,0,0,91,91,0,2,2,180,90,90,0
254400,2026,9,12,0,0,0,0,0,91,91,0,2,2,180,90,90,0
254500,2026,9,12,0,0,0,0,0,91,91,0,2,2,180,90,90,0
254600,2026,9,12,0,0,0,0,0,91,91,0,2,2,180,90,90,0
254700,2026,9,12,0,0,0,0,0,91,91,0,2,2,180,90,90,0
254800,2026,9,12,0,0,0,0,0,91,91,0,2,2,180,90,90,0
254900,2026,9,12,0,0,0,0,0,91,91,0,2,2,180,90,90,0
255000,2026,9,12,0,0,0,0,0,91,91,0,2,2,180,90,90,0
255100,2026,9,13,0,0,0,0,0,91,91,0,2,2,180,90,90,0
255200,2026,9,13,0,0,0,0,0,91,91,0,2,2,180,90,90,0
255300,2026,9,13,0,0,0,0,0,91,91,0,2,2,180,90,90,0
255400,2026,9,13,0,0,0,0,0,91,91,0,2,2,180,90,90,0
255500,2026,9,13,0,0,0,0,0,91,91,0,2,2,180,90,90,0
255600,2026,9,13,0,0,0,0,0,91,91,0,2,2,180,90,90,0
255700,2026,9,13,0,0,0,0,0,91,91,0,2,2,180,90,90,0
255800,2026,9,13,0,0,0,0,0,91,91,0,2,2,180,90,90,0
255900,2026,9,13,0,0,0,0,0,91,91,0,2,2,180,90,90,0
256000,2026,9,13,0,0,0,0,0,91,91,0,2,2,180,90,90,0
256100,2026,9,14,0,0,0,0,0,91,91,0,2,2,180,90,90,0
256200,2026,9,14,0,0,0,0,0,91,91,0,2,2,180,90,90,0
256300,2026,9,14,0,0,0,0,0,91,91,0,2,2,180,90,90,0
256400,2026,9,14,0,0,0,0,0,91,91,0,2,2,180,90,90,0
256500,2026,9,14,0,0,0,0,0,91,91,0,2,2,180,90,90,0
256600,2026,9,14,0,0,0,0,0,91,91,0,2,2,180,90,90,0
256700,2026,9,14,0,0,0,0,0,91,91,0,2,2,180,90,90,0
256800,2026,9,14,0,0,0,0,0,91,91,0,2,2,180,90,90,0
256900,2026,9,14,0,0,0,0,0,91,91,0,2,2,180,90,90,0
257000,2026,9,14,0,0,0,0,0,91,91,0,2,2,180,90,90,0
257100,2026,9,15,0,0,0,0,0,91,91,0,2,2,180,90,90,0
257200,2026,9,15,0,0,0,0,0,91,91,0,2,2,180,90,90,0
257300,2026,9,15,0,0,0,0,0,91,91,0,2,2,180,90,90,0
257400,2026,9,15,0,0,0,0,0,91,91,0,2,2,180,90,90,0
257500,2026,9,15,0,0,0,0,0,91,91,0,2,2,180,90,90,0
257600,2026,9,15,0,0,0,0,0,91,91,0,2,2,180,90,90,0
257700,2026,9,15,0,0,0,0,0,91,91,0,2,2,180,90,90,0
257800,2026,9,15,0,0,0,0,0,91,91,0,2,2,180,90,90,0
257900,2026,9,15,0,0,0,0,0,91,91,0,2,2,180,90,90,0
258000,2026,9,15,0,0,0,0,0,91,91,0,2,2,180,90,90,0
258100,2026,9,16,0,0,0,0,0,91,91,0,2,2,180,90,90,0
258200,2026,9,16,0,0,0,0,0,91,91,0,2,2,180,90,90,0
258300,2026,9,16,0,0,0,0,0,91,91,0,2,2,180,90,90,0
258400,2026,9,16,0,0,0,0,0,91,91,0,2,2,180,90,90,0
258500,2026,9,16,0,0,0,0,0,91,91,0,2,2,180,90,90,0
258600,2026,9,16,0,0,0,0,0,91,91,0,2,2,180,90,90,0
258700,2026,9,16,0,0,0,0,0,91,91,0,2,2,180,90,90,0
258800,2026,9,16,0,0,0,0,0,91,91,0,2,2,180,90,90,0
258900,2026,9,16,0,0,0,0,0,91,91,0,2,2,180,90,90,0
259000,2026,9,16,0,0,0,0,0,91,91,0,2,2,180,90,90,0
259100,2026,9,17,0,0,0,0,0,91,91,0,2,2,180,90,90,0
259200,2026,9,17,0,0,0,0,0,91,91,0,2,2,180,90,90,0
259300,2026,9,17,0,0,0,0,0,91,91,0,2,2,180,90,90,0
259400,2026,9,17,0,0,0,0,0,91,91,0,2,2,180,90,90,0
259500,2026,9,17,0,0,0,0,0,91,91,0,2,2,180,90,90,0
259600,2026,9,17,0,0,0,0,0,91,91,0,2,2,180,90,90,0
259700,2026,9,17,0,0,0,0,0,91,91,0,2,2,180,90,90,0
259800,2026,9,17,0,0,0,0,0,91,91,0,2,2,180,90,90,0
259900,2026,9,17,0,0,0,0,0,91,91,0,2,2,180,90,90,0
260000,2026,9,17,0,0,0,0,0,91,91,0,2,2,180,90,90,0
260100,2026,9,18,0,0,0,0,0,91,91,0,2,2,180,90,90,0
260200,2026,9,18,0,0,0,0,0,91,91,0,2,2,180,90,90,0
260300,2026,9,18,0,0,0,0,0,91,91,0,2,2,180,90,90,0
260400,2026,9,18,0,0,0,0,0,91,91,0,2,2,180,90,90,0
260500,2026,9,18,0,0,0,0,0,91,91,0,2,2,180,90,90,0
260600,2026,9,18,0,0,0,0,0,91,91,0,2,2,180,90,90,0
260700,2026,9,18,0,0,0,0,0,91,91,0,2,2,180,90,90,0
260800,2026,9,18,0,0,0,0,0,91,91,0,2,2,180,90,90,0
260900,2026,9,18,0,0,0,0,0,91,91,0,2,2,180,90,90,0
261000,2026,9,18,0,0,0,0,0,91,91,0,2,2,180,90,90,0
261100,2026,9,19,0,0,0,0,0,91,91,0,2,2,180,90,90,0
261200,2026,9,19,0,0,0,0,0,91,91,0,2,2,180,90,90,0
261300,2026,9,19,0,0,0,0,0,91,91,0,2,2,180,90,90,0
261400,2026,9,19,0,0,0,0,0,91,91,0,2,2,180,90,90,0
261500,2026,9,19,0,0,0,0,0,91,91,0,2,2,180,90,90,0
261600,2026,9,19,0,0,0,0,0,91,91,0,2,2,180,90,90,0
261700,2026,9,19,0,0,0,0,0,91,91,0,2,2,180,90,90,0
261800,2026,9,19,0,0,0,0,0,91,91,0,2,2,180,90,90,0
261900,2026,9,19,0,0,0,0,0,91,91,0,2,2,180,90,90,0
262000,2026,9,19,0,0,0,0,0,91,91,0,2,2,180,90,90,0
262100,2026,9,20,0,0,0,0,0,91,91,0,2,2,180,90,90,0
262200,2026,9,20,0,0,0,0,0,91,91,0,2,2,180,90,90,0
262300,2026,9,20,0,0,0,0,0,91,91,0,2,2,180,90,90,0
262400,2026,9,20,0,0,0,0,0,91,91,0,2,2,180,90,90,0
262500,2026,9,20,0,0,0,0,0,91,91,0,2,2,180,90,90,0
262600,2026,9,20,0,0,0,0,0,91,91,0,2,2,180,90,90,0
262700,2026,9,20,0,0,0,0,0,91,91,0,2,2,180,90,90,0
262800,2026,9,20,0,0,0,0,0,91,91,0,2,2,180,90,90,0
262900,2026,9,20,0,0,0,0,0,91,91,0,2,2,180,90,90,0
263000,2026,9,20,0,0,0,0,0,91,91,0,2,2,180,90,90,0
263100,2026,9,21,0,0,0,0,0,91,91,0,2,2,180,90,90,0
263200,2026,9,21,0,0,0,0,0,91,91,0,2,2,180,90,90,0
263300,2026,9,21,0,0,0,0,0,91,91,0,2,2,180,90,90,0
263400,2026,9,21,0,0,0,0,0,91,91,0,2,2,180,90,90,0
263500,2026,9,21,0,0,0,0,0,91,91,0,2,2,180,90,90,0
263600,2026,9,21,0,0,0,0,0,91,91,0,2,2,180,90,90,0
263700,2026,9,21,0,0,0,0,0,91,91,0,2,2,180,90,90,0
263800,2026,9,21,0,0,0,0,0,91,91,0,2,2,180,90,90,0
263900,2026,9,21,0,0,0,0,0,91,91,0,2,2,180,90,90,0
264000,2026,9,21,0,0,0,0,0,91,91,0,2,2,180,90,90,0
264100,2026,9,22,0,0,0,0,0,91,91,0,2,2,180,90,90,0
264200,2026,9,22,0,0,0,0,0,91,91,0,2,2,180,90,90,0
264300,2026,9,22,0,0,0,0,0,91,91,0,2,2,180,90,90,0
264400,2026,9,22,0,0,0,0,0,91,91,0,2,2,180,90,90,0
264500,2026,9,22,0,0,0,0,0,91,91,0,2,2,180,90,90,0
264600,2026,9,22,0,0,0,0,0,91,91,0,2,2,180,90,90,0
264700,2026,9,22,0,0,0,0,0,91,91,0,2,2,180,90,90,0
264800,2026,9,22,0,0,0,0,0,91,91,0,2,2,180,90,90,0
264900,2026,9,22,0,0,0,0,0,91,91,0,2,2,180,90,90,0
265000,2026,9,22,0,0,0,0,0,91,91,0,2,2,180,90,90,0
265100,2026,9,23,0,0,0,0,0,91,91,0,2,2,180,90,90,0
265200,2026,9,23,0,0,0,0,0,91,91,0,2,2,180,90,90,0
265300,2026,9,23,0,0,0,0,0,91,91,0,2,2,180,90,90,0
265400,2026,9,23,0,0,0,0,0,91,91,0,2,2,180,90,90,0
265500,2026,9,23,0,0,0,0,0,91,91,0,2,2,180,90,90,0
265600,2026,9,23,0,0,0,0,0,91,91,0,2,2,180,90,90,0
265700,2026,9,23,0,0,0,0,0,91,91,0,2,2,180,90,90,0
265800,2026,9,23,0,0,0,0,0,91,91,0,2,2,180,90,90,0
265900,2026,9,23,0,0,0,0,0,91,91,0,2,2,180,90,90,0
266000,2026,9,23,0,0,0,0,0,91,91,0,2,2,180,90,90,0
266100,2026,9,24,0,0,0,0,0,91,91,0,2,2,180,90,90,0
266200,2026,9,24,0,0,0,0,0,91,91,0,2,2,180,90,90,0
266300,2026,9,24,0,0,0,0,0,91,91,0,2,2,180,90,90,0
266400,2026,9,24,0,0,0,0,0,91,91,0,2,2,180,90,90,0
266500,2026,9,24,0,0,0,0,0,91,91,0,2,2,180,90,90,0
266600,2026,9,24,0,0,0,0,0,91,91,0,2,2,180,90,90,0
266700,2026,9,24,0,0,0,0,0,91,91,0,2,2,180,90,90,0
266800,2026,9,24,0,0,0,0,0,91,91,0,2,2,180,90,90,0
266900,2026,9,24,0,0,0,0,0,91,91,0,2,2,180,90,90,0
267000,2026,9,24,0,0,0,0,0,91,91,0,2,2,180,90,90,0
267100,2026,9,25,0,0,0,0,0,91,91,0,2,2,180,90,90,0
267200,2026,9,25,0,0,0,0,0,91,91,0,2,2,180,90,90,0
267300,2026,9,25,0,0,0,0,0,91,91,0,2,2,180,90,90,0
267400,2026,9,25,0,0,0,0,0,91,91,0,2,2,180,90,90,0
267500,2026,9,25,0,0,0,0,0,91,91,0,2,2,180,90,90,0
267600,2026,9,25,0,0,0,0,0,91,91,0,2,2,180,90,90,0
267700,2026,9,25,0,0,0,0,0,91,91,0,2,2,180,90,90,0
267800,2026,9,25,0,0,0,0,0,91,91,0,2,2,180,90,90,0
267900,2026,9,25,0,0,0,0,0,91,91,0,2,2,180,90,90,0
268000,2026,9,25,0,0,0,0,0,91,91,0,2,2,180,90,90,0
268100,2026,9,26,0,0,0,0,0,91,91,0,2,2,180,90,90,0
268200,2026,9,26,0,0,0,0,0,91,91,0,2,2,180,90,90,0
268300,2026,9,26,0,0,0,0,0,91,91,0,2,2,180,90,90,0
268400,2026,9,26,0,0,0,0,0,91,91,0,2,2,180,90,90,0
268500,2026,9,26,0,0,0,0,0,91,91,0,2,2,180,90,90,0
268600,2026,9,26,0,0,0,0,0,91,91,0,2,2,180,90,90,0
268700,2026,9,26,0,0,0,0,0,91,91,0,2,2,180,90,90,0
268800,2026,9,26,0,0,0,0,0,91,91,0,2,2,180,90,90,0
268900,2026,9,26,0,0,0,0,0,91,91,0,2,2,180,90,90,0
269000,2026,9,26,0,0,0,0,0,91,91,0,2,2,180,90,90,0
269100,2026,9,27,0,0,0,0,0,91,91,0,2,2,180,90,90,0
269200,2026,9,27,0,0,0,0,0,91,91,0,2,2,180,90,90,0
269300,2026,9,27,0,0,0,0,0,91,91,0,2,2,180,90,90,0
269400,2026,9,27,0,0,0,0,0,91,91,0,2,2,180,90,90,0
269500,2026,9,27,0,0,0,0,0,91,91,0,2,2,180,90,90,0
269600,2026,9,27,0,0,0,0,0,91,91,0,2,2,180,90,90,0
269700,2026,9,27,0,0,0,0,0,91,91,0,2,2,180,90,90,0
269800,2026,9,27,0,0,0,0,0,91,91,0,2,2,180,90,90,0
269900,2026,9,27,0,0,0,0,0,91,91,0,2,2,180,90,90,0
270000,2026,9,27,0,0,0,0,0,91,91,0,2,2,180,90,90,0
270100,2026,9,28,0,0,0,0,0,91,91,0,2,2,180,90,90,0
270200,2026,9,28,0,0,0,0,0,91,91,0,2,2,180,90,90,0
270300,2026,9,28,0,0,0,0,0,91,91,0,2,2,180,90,90,0
270400,2026,9,28,0,0,0,0,0,91,91,0,2,2,180,90,90,0
270500,2026,9,28,0,0,0,0,0,91,91,0,2,2,180,90,90,0
270600,2026,9,28,0,0,0,0,0,91,91,0,2,2,180,90,90,0
270700,2026,9,28,0,0,0,0,0,91,91,0,2,2,180,90,90,0
270800,2026,9,28,0,0,0,0,0,91,91,0,2,2,180,90,90,0
270900,2026,9,28,0,0,0,0,0,91,91,0,2,2,180,90,90,0
271000,2026,9,28,0,0,0,0,0,91,91,0,2,2,180,90,90,0
271100,2026,9,29,0,0,0,0,0,91,91,0,2,2,180,90,90,0
271200,2026,9,29,0,0,0,0,0,91,91,0,2,2,180,90,90,0
271300,2026,9,29,0,0,0,0,0,91,91,0,2,2,180,90,90,0
271400,2026,9,29,0,0,0,0,0,91,91,0,2,2,180,90,90,0
271500,2026,9,29,0,0,0,0,0,91,91,0,2,2,180,90,90,0
271600,2026,9,29,0,0,0,0,0,91,91,0,2,2,180,90,90,0
271700,2026,9,29,0,0,0,0,0,91,91,0,2,2,180,90,90,0
271800,2026,9,29,0,0,0,0,0,91,91,0,2,2,180,90,90,0
271900,2026,9,29,0,0,0,0,0,91,91,0,2,2,180,90,90,0
272000,2026,9,29,0,0,0,0,0,91,91,0,2,2,180,90,90,0
272100,2026,9,30,0,0,0,0,0,91,91,0,2,2,180,90,90,0
272200,2026,9,30,0,0,0,0,0,91,91,0,2,2,180,90,90,0
272300,2026,9,30,0,0,0,0,0,91,91,0,2,2,180,90,90,0
272400,2026,9,30,0,0,0,0,0,91,91,0,2,2,180,90,90,0
272500,2026,9,30,0,0,0,0,0,91,91,0,2,2,180,90,90,0
272600,2026,9,30,0,0,0,0,0,91,91,0,2,2,180,90,90,0
272700,2026,9,30,0,0,0,0,0,91,91,0,2,2,180,90,90,0
272800,2026,9,30,0,0,0,0,0,91,91,0,2,2,180,90,90,0
272900,2026,9,30,0,0,0,0,0,91,91,0,2,2,180,90,90,0
273000,2026,9,30,0,0,0,0,0,91,91,0,2,2,180,90,90,0
273100,2026,10,1,0,0,0,0,0,91,91,0,2,2,180,90,90,0
273200,2026,10,1,0,0,0,0,0,91,91,0,2,2,180,90,90,0
273300,2026,10,1,0,0,0,0,0,91,91,0,2,2,180,90,90,0
273400,2026,10,1,0,0,0,0,0,91,91,0,2,2,180,90,90,0
273500,2026,10,1,0,0,0,0,0,91,91,0,2,2,180,90,90,0
273600,2026,10,1,0,0,0,0,0,91,91,0,2,2,180,90,90,0
273700,2026,10,1,0,0,0,0,0,91,91,0,2,2,180,90,90,0
273800,2026,10,1,0,0,0,0,0,91,91,0,2,2,180,90,90,0
273900,2026,10,1,0,0,0,0,0,91,91,0,2,2,180,90,90,0
274000,2026,10,1,0,0,0,0,0,91,91,0,2,2,180,90,90,0
274100,2026,10,2,0,0,0,0,0,91,91,0,2,2,180,90,90,0
274200,2026,10,2,0,0,0,0,0,91,91,0,2,2,180,90,90,0
274300,2026,10,2,0,0,0,0,0,91,91,0,2,2,180,90,90,0
274400,2026,10,2,0,0,0,0,0,91,91,0,2,2,180,90,90,0
274500,2026,10,2,0,0,0,0,0,91,91,0,2,2,180,90,90,0
274600,2026,10,2,0,0,0,0,0,91,91,0,2,2,180,90,90,0
274700,2026,10,2,0,0,0,0,0,91,91,0,2,2,180,90,90,0
274800,2026,10,2,0,0,0,0,0,91,91,0,2,2,180,90,90,0
274900,2026,10,2,0,0,0,0,0,91,91,0,2,2,180,90,90,0
275000,2026,10,2,0,0,0,0,0,91,91,0,2,2,180,90,90,0
275100,2026,10,3,0,0,0,0,0,91,91,0,2,2,180,90,90,0
275200,2026,10,3,0,0,0,0,0,91,91,0,2,2,180,90,90,0
275300,2026,10,3,0,0,0,0,0,91,91,0,2,2,180,90,90,0
275400,2026,10,3,0,0,0,0,0,91,91,0,2,2,180,90,90,0
275500,2026,10,3,0,0,0,0,0,91,91,0,2,2,180,90,90,0
275600,2026,10,3,0,0,0,0,0,91,91,0,2,2,180,90,90,0
275700,2026,10,3,0,0,0,0,0,91,91,0,2,2,180,90,90,0
275800,2026,10,3,0,0,0,0,0,91,91,0,2,2,180,90,90,0
275900,2026,10,3,0,0,0,0,0,91,91,0,2,2,180,90,90,0
276000,2026,10,3,0,0,0,0,0,91,91,0,2,2,180,90,90,0
276100,2026,10,4,0,0,0,0,0,91,91,0,2,2,180,90,90,0
276200,2026,10,4,0,0,0,0,0,91,91,0,2,2,180,90,90,0
276300,2026,10,4,0,0,0,0,0,91,91,0,2,2,180,90,90,0
276400,2026,10,4,0,0,0,0,0,91,91,0,2,2,180,90,90,0
276500,2026,10,4,0,0,0,0,0,91,91,0,2,2,180,90,90,0
276600,2026,10,4,0,0,0,0,0,91,91,0,2,2,180,90,90,0
276700,2026,10,4,0,0,0,0,0,91,91,0,2,2,180,90,90,0
276800,2026,10,4,0,0,0,0,0,91,91,0,2,2,180,90,90,0
276900,2026,10,4,0,0,0,0,0,91,91,0,2,2,180,90,90,0
277000,2026,10,4,0,0,0,0,0,91,91,0,2,2,180,90,90,0
277100,2026,10,5,0,0,0,0,0,91,91,0,2,2,180,90,90,0
277200,2026,10,5,0,0,0,0,0,91,91,0,2,2,180,90,90,0
277300,2026,10,5,0,0,0,0,0,91,91,0,2,2,180,90,90,0
277400,2026,10,5,0,0,0,0,0,91,91,0,2,2,180,90,90,0
277500,2026,10,5,0,0,0,0,0,91,91,0,2,2,180,90,90,0
277600,2026,10,5,0,0,0,0,0,91,91,0,2,2,180,90,90,0
277700,2026,10,5,0,0,0,0,0,91,91,0,2,2,180,90,90,0
277800,2026,10,5,0,0,0,0,0,91,91,0,2,2,180,90,90,0
277900,2026,10,5,0,0,0,0,0,91,91,0,2,2,180,90,90,0
278000,2026,10,5,0,0,0,0,0,91,91,0,2,2,180,90,90,0
278100,2026,10,6,0,0,0,0,0,91,91,0,2,2,180,90,90,0
278200,2026,10,6,0,0,0,0,0,91,91,0,2,2,180,90,90,0
278300,2026,10,6,0,0,0,0,0,91,91,0,2,2,180,90,90,0
278400,2026,10,6,0,0,0,0,0,91,91,0,2,2,180,90,90,0
278500,2026,10,6,0,0,0,0,0,91,91,0,2,2,180,90,90,0
278600,2026,10,6,0,0,0,0,0,91,91,0,2,2,180,90,90,0
278700,2026,10,6,0,0,0,0,0,91,91,0,2,2,180,90,90,0
278800,2026,10,6,0,0,0,0,0,91,91,0,2,2,180,90,90,0
278900,2026,10,6,0,0,0,0,0,91,91,0,2,2,180,90,90,0
279000,2026,10,6,0,0,0,0,0,91,91,0,2,2,180,90,90,0
279100,2026,10,7,0,0,0,0,0,91,91,0,2,2,180,90,90,0
279200,2026,10,7,0,0,0,0,0,91,91,0,2,2,180,90,90,0
279300,2026,10,7,0,0,0,0,0,91,91,0,2,2,180,90,90,0
279400,2026,10,7,0,0,0,0,0,91,91,0,2,2,180,90,90,0
279500,2026,10,7,0,0,0,0,0,91,91,0,2,2,180,90,90,0
279600,2026,10,7,0,0,0,0,0,91,91,0,2,2,180,90,90,0
279700,2026,10,7,0,0,0,0,0,91,91,0,2,2,180,90,90,0
279800,2026,10,7,0,0,0,0,0,91,91,0,2,2,180,90,90,0
279900,2026,10,7,0,0,0,0,0,91,91,0,2,2,180,90,90,0
280000,2026,10,7,0,0,0,0,0,91,91,0,2,2,180,90,90,0
280100,2026,10,8,0,0,0,0,0,91,91,0,2,2,180,90,90,0
280200,2026,10,8,0,0,0,0,0,91,91,0,2,2,180,90,90,0
280300,2026,10,8,0,0,0,0,0,91,91,0,2,2,180,90,90,0
280400,2026,10,8,0,0,0,0,0,91,91,0,2,2,180,90,90,0
280500,2026,10,8,0,0,0,0,0,91,91,0,2,2,180,90,90,0
280600,2026,10,8,0,0,0,0,0,91,91,0,2,2,180,90,90,0
280700,2026,10,8,0,0,0,0,0,91,91,0,2,2,180,90,90,0
280800,2026,10,8,0,0,0,0,0,91,91,0,2,2,180,90,90,0
280900,2026,10,8,0,0,0,0,0,91,91,0,2,2,180,90,90,0
281000,2026,10,8,0,0,0,0,0,91,91,0,2,2,180,90,90,0
281100,2026,10,9,0,0,0,0,0,91,91,0,2,2,180,90,90,0
281200,2026,10,9,0,0,0,0,0,91,91,0,2,2,180,90,90,0
281300,2026,10,9,0,0,0,0,0,91,91,0,2,2,180,90,90,0
281400,2026,10,9,0,0,0,0,0,91,91,0,2,2,180,90,90,0
281500,2026,10,9,0,0,0,0,0,91,91,0,2,2,180,90,90,0
281600,2026,10,9,0,0,0,0,0,91,91,0,2,2,180,90,90,0
281700,2026,10,9,0,0,0,0,0,91,91,0,2,2,180,90,90,0
281800,2026,10,9,0,0,0,0,0,91,91,0,2,2,180,90,90,0
281900,2026,10,9,0,0,0,0,0,91,91,0,2,2,180,90,90,0
282000,2026,10,9,0,0,0,0,0,91,91,0,2,2,180,90,90,0
282100,2026,10,10,0,0,0,0,0,91,91,0,2,2,180,90,90,0
282200,2026,10,10,0,0,0,0,0,91,91,0,2,2,180,90,90,0
282300,2026,10,10,0,0,0,0,0,91,91,0,2,2,180,90,90,0
282400,2026,10,10,0,0,0,0,0,91,91,0,2,2,180,90,90,0
282500,2026,10,10,0,0,0,0,0,91,91,0,2,2,180,90,90,0
282600,2026,10,10,0,0,0,0,0,91,91,0,2,2,180,90,90,0
282700,2026,10,10,0,0,0,0,0,91,91,0,2,2,180,90,90,0
282800,2026,10,10,0,0,0,0,0,91,91,0,2,2,180,90,90,0
282900,2026,10,10,0,0,0,0,0,91,91,0,2,2,180,90,90,0
283000,2026,10,10,0,0,0,0,0,91,91,0,2,2,180,90,90,0
283100,2026,10,11,0,0,0,0,0,91,91,0,2,2,180,90,90,0
283200,2026,10,11,0,0,0,0,0,91,91,0,2,2,180,90,90,0
283300,2026,10,11,0,0,0,0,0,91,91,0,2,2,180,90,90,0
283400,2026,10,11,0,0,0,0,0,91,91,0,2,2,180,90,90,0
283500,2026,10,11,0,0,0,0,0,91,91,0,2,2,180,90,90,0
283600,2026,10,11,0,0,0,0,0,91,91,0,2,2,180,90,90,0
283700,2026,10,11,0,0,0,0,0,91,91,0,2,2,180,90,90,0
283800,2026,10,11,0,0,0,0,0,91,91,0,2,2,180,90,90,0
283900,2026,10,11,0,0,0,0,0,91,91,0,2,2,180,90,90,0
284000,2026,10,11,0,0,0,0,0,91,91,0,2,2,180,90,90,0
284100,2026,10,12,0,0,0,0,0,91,91,0,2,2,180,90,90,0
284200,2026,10,12,0,0,0,0,0,91,91,0,2,2,180,90,90,0
284300,2026,10,12,0,0,0,0,0,91,91,0,2,2,180,90,90,0
284400,2026,10,12,0,0,0,0,0,91,91,0,2,2,180,90,90,0
284500,2026,10,12,0,0,0,0,0,91,91,0,2,2,180,90,90,0
284600,2026,10,12,0,0,0,0,0,91,91,0,2,2,180,90,90,0
284700,2026,10,12,0,0,0,0,0,91,91,0,2,2,180,90,90,0
284800,2026,10,12,0,0,0,0,0,91,91,0,2,2,180,90,90,0
284900,2026,10,12,0,0,0,0,0,91,91,0,2,2,180,90,90,0
285000,2026,10,12,0,0,0,0,0,91,91,0,2,2,180,90,90,0
285100,2026,10,13,0,0,0,0,0,91,91,0,2,2,180,90,90,0
285200,2026,10,13,0,0,0,0,0,91,91,0,2,2,180,90,90,0
285300,2026,10,13,0,0,0,0,0,91,91,0,2,2,180,90,90,0
285400,2026,10,13,0,0,0,0,0,91,91,0,2,2,180,90,90,0
285500,2026,10,13,0,0,0,0,0,91,91,0,2,2,180,90,90,0
285600,2026,10,13,0,0,0,0,0,91,91,0,2,2,180,90,90,0
285700,2026,10,13,0,0,0,0,0,91,91,0,2,2,180,90,90,0
285800,2026,10,13,0,0,0,0,0,91,91,0,2,2,180,90,90,0
285900,2026,10,13,0,0,0,0,0,91,91,0,2,2,180,90,90,0
286000,2026,10,13,0,0,0,0,0,91,91,0,2,2,180,90,90,0
286100,2026,10,14,0,0,0,0,0,91,91,0,2,2,180,90,90,0
286200,2026,10,14,0,0,0,0,0,91,91,0,2,2,180,90,90,0
286300,2026,10,14,0,0,0,0,0,91,91,0,2,2,180,90,90,0
286400,2026,10,14,0,0,0,0,0,91,91,0,2,2,180,90,90,0
286500,2026,10,14,0,0,0,0,0,91,91,0,2,2,180,90,90,0
286600,2026,10,14,0,0,0,0,0,91,91,0,2,2,180,90,90,0
286700,2026,10,14,0,0,0,0,0,91,91,0,2,2,180,90,90,0
286800,2026,10,14,0,0,0,0,0,91,91,0,2,2,180,90,90,0
286900,2026,10,14,0,0,0,0,0,91,91,0,2,2,180,90,90,0
287000,2026,10,14,0,0,0,0,0,91,91,0,2,2,180,90,90,0
287100,2026,10,15,0,0,0,0,0,91,91,0,2,2,180,90,90,0
287200,2026,10,15,0,0,0,0,0,91,91,0,2,2,180,90,90,0
287300,2026,10,15,0,0,0,0,0,91,91,0,2,2,180,90,90,0
287400,2026,10,15,0,0,0,0,0,91,91,0,2,2,180,90,90,0
287500,2026,10,15,0,0,0,0,0,91,91,0,2,2,180,90,90,0
287600,2026,10,15,0,0,0,0,0,91,91,0,2,2,180,90,90,0
287700,2026,10,15,0,0,0,0,0,91,91,0,2,2,180,90,90,0
287800,2026,10,15,0,0,0,0,0,91,91,0,2,2,180,90,90,0
287900,2026,10,15,0,0,0,0,0,91,91,0,2,2,180,90,90,0
288000,2026,10,15,0,0,0,0,0,91,91,0,2,2,180,90,90,0
288100,2026,10,16,0,0,0,0,0,91,91,0,2,2,180,90,90,0
288200,2026,10,16,0,0,0,0,0,91,91,0,2,2,180,90,90,0
288300,2026,10,16,0,0,0,0,0,91,91,0,2,2,180,90,90,0
288400,2026,10,16,0,0,0,0,0,91,91,0,2,2,180,90,90,0
288500,2026,10,16,0,0,0,0,0,91,91,0,2,2,180,90,90,0
288600,2026,10,16,0,0,0,0,0,91,91,0,2,2,180,90,90,0
288700,2026,10,16,0,0,0,0,0,91,91,0,2,2,180,90,90,0
288800,2026,10,16,0,0,0,0,0,91,91,0,2,2,180,90,90,0
288900,2026,10,16,0,0,0,0,0,91,91,0,2,2,180,90,90,0
289000,2026,10,16,0,0,0,0,0,91,91,0,2,2,180,90,90,0
289100,2026,10,17,0,0,0,0,0,91,91,0,2,2,180,90,90,0
289200,2026,10,17,0,0,0,0,0,91,91,0,2,2,180,90,90,0
289300,2026,10,17,0,0,0,0,0,91,91,0,2,2,180,90,90,0
289400,2026,10,17,0,0,0,0,0,91,91,0,2,2,180,90,90,0
289500,2026,10,17,0,0,0,0,0,91,91,0,2,2,180,90,90,0
289600,2026,10,17,0,0,0,0,0,91,91,0,2,2,180,90,90,0
289700,2026,10,17,0,0,0,0,0,91,91,0,2,2,180,90,90,0
289800,2026,10,17,0,0,0,0,0,91,91,0,2,2,180,90,90,0
289900,2026,10,17,0,0,0,0,0,91,91,0,2,2,180,90,90,0
290000,2026,10,17,0,0,0,0,0,91,91,0,2,2,180,90,90,0
290100,2026,10,18,0,0,0,0,0,91,91,0,2,2,180,90,90,0
290200,2026,10,18,0,0,0,0,0,91,91,0,2,2,180,90,90,0
290300,2026,10,18,0,0,0,0,0,91,91,0,2,2,180,90,90,0
290400,2026,10,18,0,0,0,0,0,91,91,0,2,2,180,90,90,0
290500,2026,10,18,0,0,0,0,0,91,91,0,2,2,180,90,90,0
290600,2026,10,18,0,0,0,0,0,91,91,0,2,2,180,90,90,0
290700,2026,10,18,0,0,0,0,0,91,91,0,2,2,180,90,90,0
290800,2026,10,18,0,0,0,0,0,91,91,0,2,2,180,90,90,0
290900,2026,10,18,0,0,0,0,0,91,91,0,2,2,180,90,90,0
291000,2026,10,18,0,0,0,0,0,91,91,0,2,2,180,90,90,0
291100,2026,10,19,0,0,0,0,0,91,91,0,2,2,180,90,90,0
291200,2026,10,19,0,0,0,0,0,91,91,0,2,2,180,90,90,0
291300,2026,10,19,0,0,0,0,0,91,91,0,2,2,180,90,90,0
291400,2026,10,19,0,0,0,0,0,91,91,0,2,2,180,90,90,0
291500,2026,10,19,0,0,0,0,0,91,91,0,2,2,180,90,90,0
291600,2026,10,19,0,0,0,0,0,91,91,0,2,2,180,90,90,0
291700,2026,10,19,0,0,0,0,0,91,91,0,2,2,180,90,90,0
291800,2026,10,19,0,0,0,0,0,91,91,0,2,2,180,90,90,0
291900,2026,10,19,0,0,0,0,0,91,91,0,2,2,180,90,90,0
292000,2026,10,19,0,0,0,0,0,91,91,0,2,2,180,90,90,0
292100,2026,10,20,0,0,0,0,0,91,91,0,2,2,180,90,90,0
292200,2026,10,20,0,0,0,0,0,91,91,0,2,2,180,90,90,0
292300,2026,10,20,0,0,0,0,0,91,91,0,2,2,180,90,90,0
292400,2026,10,20,0,0,0,0,0,91,91,0,2,2,180,90,90,0
292500,2026,10,20,0,0,0,0,0,91,91,0,2,2,180,90,90,0
292600,2026,10,20,0,0,0,0,0,91,91,0,2,2,180,90,90,0
292700,2026,10,20,0,0,0,0,0,91,91,0,2,2,180,90,90,0
292800,2026,10,20,0,0,0,0,0,91,91,0,2,2,180,90,90,0
292900,2026,10,20,0,0,0,0,0,91,91,0,2,2,180,90,90,0
293000,2026,10,20,0,0,0,0,0,91,91,0,2,2,180,90,90,0
293100,2026,10,21,0,0,0,0,0,91,91,0,2,2,180,90,90,0
293200,2026,10,21,0,0,0,0,0,91,91,0,2,2,180,90,90,0
293300,2026,10,21,0,0,0,0,0,91,91,0,2,2,180,90,90,0
293400,2026,10,21,0,0,0,0,0,91,91,0,2,2,180,90,90,0
293500,2026,10,21,0,0,0,0,0,91,91,0,2,2,180,90,90,0
293600,2026,10,21,0,0,0,0,0,91,91,0,2,2,180,90,90,0
293700,2026,10,21,0,0,0,0,0,91,91,0,2,2,180,90,90,0
293800,2026,10,21,0,0,0,0,0,91,91,0,2,2,180,90,90,0
293900,2026,10,21,0,0,0,0,0,91,91,0,2,2,180,90,90,0
294000,2026,10,21,0,0,0,0,0,91,91,0,2,2,180,90,90,0
294100,2026,10,22,0,0,0,0,0,91,91,0,2,2,180,90,90,0
294200,2026,10,22,0,0,0,0,0,91,91,0,2,2,180,90,90,0
294300,2026,10,22,0,0,0,0,0,91,91,0,2,2,180,90,90,0
294400,2026,10,22,0,0,0,0,0,91,91,0,2,2,180,90,90,0
294500,2026,10,22,0,0,0,0,0,91,91,0,2,2,180,90,90,0
294600,2026,10,22,0,0,0,0,0,91,91,0,2,2,180,90,90,0
294700,2026,10,22,0,0,0,0,0,91,91,0,2,2,180,90,90,0
294800,2026,10,22,0,0,0,0,0,91,91,0,2,2,180,90,90,0
294900,2026,10,22,0,0,0,0,0,91,91,0,2,2,180,90,90,0
295000,2026,10,22,0,0,0,0,0,91,91,0,2,2,180,90,90,0
295100,2026,10,23,0,0,0,0,0,91,91,0,2,2,180,90,90,0
295200,2026,10,23,0,0,0,0,0,91,91,0,2,2,180,90,90,0
295300,2026,10,23,0,0,0,0,0,91,91,0,2,2,180,90,90,0
295400,2026,10,23,0,0,0,0,0,91,91,0,2,2,180,90,90,0
295500,2026,10,23,0,0,0,0,0,91,91,0,2,2,180,90,90,0
295600,2026,10,23,0,0,0,0,0,91,91,0,2,2,180,90,90,0
295700,2026,10,23,0,0,0,0,0,91,91,0,2,2,180,90,90,0
295800,2026,10,23,0,0,0,0,0,91,91,0,2,2,180,90,90,0
295900,2026,10,23,0,0,0,0,0,91,91,0,2,2,180,90,90,0
296000,2026,10,23,0,0,0,0,0,91,91,0,2,2,180,90,90,0
296100,2026,10,24,0,0,0,0,0,91,91,0,2,2,180,90,90,0
296200,2026,10,24,0,0,0,0,0,91,91,0,2,2,180,90,90,0
296300,2026,10,24,0,0,0,0,0,91,91,0,2,2,180,90,90,0
296400,2026,10,24,0,0,0,0,0,91,91,0,2,2,180,90,90,0
296500,2026,10,24,0,0,0,0,0,91,91,0,2,2,180,90,90,0
296600,2026,10,24,0,0,0,0,0,91,91,0,2,2,180,90,90,0
296700,2026,10,24,0,0,0,0,0,91,91,0,2,2,180,90,90,0
296800,2026,10,24,0,0,0,0,0,91,91,0,2,2,180,90,90,0
296900,2026,10,24,0,0,0,0,0,91,91,0,2,2,180,90,90,0
297000,2026,10,24,0,0,0,0,0,91,91,0,2,2,180,90,90,0
297100,2026,10,25,0,0,0,0,0,91,91,0,2,2,180,90,90,0
297200,2026,10,25,0,0,0,0,0,91,91,0,2,2,180,90,90,0
297300,2026,10,25,0,0,0,0,0,91,91,0,2,2,180,90,90,0
297400,2026,10,25,0,0,0,0,0,91,91,0,2,2,180,90,90,0
297500,2026,10,25,0,0,0,0,0,91,91,0,2,2,180,90,90,0
297600,2026,10,25,0,0,0,0,0,91,91,0,2,2,180,90,90,0
297700,2026,10,25,0,0,0,0,0,91,91,0,2,2,180,90,90,0
297800,2026,10,25,0,0,0,0,0,91,91,0,2,2,180,90,90,0
297900,2026,10,25,0,0,0,0,0,91,91,0,2,2,180,90,90,0
298000,2026,10,25,0,0,0,0,0,91,91,0,2,2,180,90,90,0
298100,2026,10,26,0,0,0,0,0,91,91,0,2,2,180,90,90,0
298200,2026,10,26,0,0,0,0,0,91,91,0,2,2,180,90,90,0
298300,2026,10,26,0,0,0,0,0,91,91,0,2,2,180,90,90,0
298400,2026,10,26,0,0,0,0,0,91,91,0,2,2,180,90,90,0
298500,2026,10,26,0,0,0,0,0,91,91,0,2,2,180,90,90,0
298600,2026,10,26,0,0,0,0,0,91,91,0,2,2,180,90,90,0
298700,2026,10,26,0,0,0,0,0,91,91,0,2,2,180,90,90,0
298800,2026,10,26,0,0,0,0,0,91,91,0,2,2,180,90,90,0
298900,2026,10,26,0,0,0,0,0,91,91,0,2,2,180,90,90,0
299000,2026,10,26,0,0,0,0,0,91,91,0,2,2,180,90,90,0
299100,2026,10,27,0,0,0,0,0,91,91,0,2,2,180,90,90,0
299200,2026,10,27,0,0,0,0,0,91,91,0,2,2,180,90,90,0
299300,2026,10,27,0,0,0,0,0,91,91,0,2,2,180,90,90,0
299400,2026,10,27,0,0,0,0,0,91,91,0,2,2,180,90,90,0
299500,2026,10,27,0,0,0,0,0,91,91,0,2,2,180,90,90,0
299600,2026,10,27,0,0,0,0,0,91,91,0,2,2,180,90,90,0
299700,2026,10,27,0,0,0,0,0,91,91,0,2,2,180,90,90,0
299800,2026,10,27,0,0,0,0,0,91,91,0,2,2,180,90,90,0
299900,2026,10,27,0,0,0,0,0,91,91,0,2,2,180,90,90,0
300000,2026,10,27,0,0,0,0,0,91,91,0,2,2,180,90,90,0
300100,2026,10,28,0,0,0,0,0,91,91,0,2,2,180,90,90,0
300200,2026,10,28,0,0,0,0,0,91,91,0,2,2,180,90,90,0
300300,2026,10,28,0,0,0,0,0,91,91,0,2,2,180,90,90,0
300400,2026,10,28,0,0,0,0,0,91,91,0,2,2,180,90,90,0
300500,2026,10,28,0,0,0,0,0,91,91,0,2,2,180,90,90,0
300600,2026,10,28,0,0,0,0,0,91,91,0,2,2,180,90,90,0
300700,2026,10,28,0,0,0,0,0,91,91,0,2,2,180,90,90,0
300800,2026,10,28,0,0,0,0,0,91,91,0,2,2,180,90,90,0
300900,2026,10,28,0,0,0,0,0,91,91,0,2,2,180,90,90,0
301000,2026,10,28,0,0,0,0,0,91,91,0,2,2,180,90,90,0
301100,2026,10,29,0,0,0,0,0,91,91,0,2,2,180,90,90,0
301200,2026,10,29,0,0,0,0,0,91,91,0,2,2,180,90,90,0
301300,2026,10,29,0,0,0,0,0,91,91,0,2,2,180,90,90,0
301400,2026,10,29,0,0,0,0,0,91,91,0,2,2,180,90,90,0
301500,2026,10,29,0,0,0,0,0,91,91,0,2,2,180,90,90,0
301600,2026,10,29,0,0,0,0,0,91,91,0,2,2,180,90,90,0
301700,2026,10,29,0,0,0,0,0,91,91,0,2,2,180,90,90,0
301800,2026,10,29,0,0,0,0,0,91,91,0,2,2,180,90,90,0
301900,2026,10,29,0,0,0,0,0,91,91,0,2,2,180,90,90,0
302000,2026,10,29,0,0,0,0,0,91,91,0,2,2,180,90,90,0
302100,2026,10,30,0,0,0,0,0,91,91,0,2,2,180,90,90,0
302200,2026,10,30,0,0,0,0,0,91,91,0,2,2,180,90,90,0
302300,2026,10,30,0,0,0,0,0,91,91,0,2,2,180,90,90,0
302400,2026,10,30,0,0,0,0,0,91,91,0,2,2,180,90,90,0
302500,2026,10,30,0,0,0,0,0,91,91,0,2,2,180,90,90,0
302600,2026,10,30,0,0,0,0,0,91,91,0,2,2,180,90,90,0
302700,2026,10,30,0,0,0,0,0,91,91,0,2,2,180,90,90,0
302800,2026,10,30,0,0,0,0,0,91,91,0,2,2,180,90,90,0
302900,2026,10,30,0,0,0,0,0,91,91,0,2,2,180,90,90,0
303000,2026,10,30,0,0,0,0,0,91,91,0,2,2,180,90,90,0
303100,2026,10,31,0,0,0,0,0,91,91,0,2,2,180,90,90,0
303200,2026,10,31,0,0,0,0,0,91,91,0,2,2,180,90,90,0
303300,2026,10,31,0,0,0,0,0,91,91,0,2,2,180,90,90,0
303400,2026,10,31,0,0,0,0,0,91,91,0,2,2,180,90,90,0
303500,2026,10,31,0,0,0,0,0,91,91,0,2,2,180,90,90,0
303600,2026,10,31,0,0,0,0,0,91,91,0,2,2,180,90,90,0
303700,2026,10,31,0,0,0,0,0,91,91,0,2,2,180,90,90,0
303800,2026,10,31,0,0,0,0,0,91,91,0,2,2,180,90,90,0
303900,2026,10,31,0,0,0,0,0,91,91,0,2,2,180,90,90,0
304000,2026,10,31,0,0,0,0,0,91,91,0,2,2,180,90,90,0
304100,2026,11,1,0,0,0,0,0,91,91,0,2,2,180,90,90,0
304200,2026,11,1,0,0,0,0,0,91,91,0,2,2,180,90,90,0
304300,2026,11,1,0,0,0,0,0,91,91,0,2,2,180,90,90,0
304400,2026,11,1,0,0,0,0,0,91,91,0,2,2,180,90,90,0
304500,2026,11,1,0,0,0,0,0,91,91,0,2,2,180,90,90,0
304600,2026,11,1,0,0,0,0,0,91,91,0,2,2,180,90,90,0
304700,2026,11,1,0,0,0,0,0,91,91,0,2,2,180,90,90,0
304800,2026,11,1,0,0,0,0,0,91,91,0,2,2,180,90,90,0
304900,2026,11,1,0,0,0,0,0,91,91,0,2,2,180,90,90,0
305000,2026,11,1,0,0,0,0,0,91,91,0,2,2,180,90,90,0
305100,2026,11,2,0,0,0,0,0,91,91,0,2,2,180,90,90,0
305200,2026,11,2,0,0,0,0,0,91,91,0,2,2,180,90,90,0
305300,2026,11,2,0,0,0,0,0,91,91,0,2,2,180,90,90,0
305400,2026,11,2,0,0,0,0,0,91,91,0,2,2,180,90,90,0
305500,2026,11,2,0,0,0,0,0,91,91,0,2,2,180,90,90,0
305600,2026,11,2,0,0,0,0,0,91,91,0,2,2,180,90,90,0
305700,2026,11,2,0,0,0,0,0,91,91,0,2,2,180,90,90,0
305800,2026,11,2,0,0,0,0,0,91,91,0,2,2,180,90,90,0
305900,2026,11,2,0,0,0,0,0,91,91,0,2,2,180,90,90,0
306000,2026,11,2,0,0,0,0,0,91,91,0,2,2,180,90,90,0
306100,2026,11,3,0,0,0,0,0,91,91,0,2,2,180,90,90,0
306200,2026,11,3,0,0,0,0,0,91,91,0,2,2,180,90,90,0
306300,2026,11,3,0,0,0,0,0,91,91,0,2,2,180,90,90,0
306400,2026,11,3,0,0,0,0,0,91,91,0,2,2,180,90,90,0
306500,2026,11,3,0,0,0,0,0,91,91,0,2,2,180,90,90,0
306600,2026,11,3,0,0,0,0,0,91,91,0,2,2,180,90,90,0
306700,2026,11,3,0,0,0,0,0,91,91,0,2,2,180,90,90,0
306800,2026,11,3,0,0,0,0,0,91,91,0,2,2,180,90,90,0
306900,2026,11,3,0,0,0,0,0,91,91,0,2,2,180,90,90,0
307000,2026,11,3,0,0,0,0,0,91,91,0,2,2,180,90,90,0
307100,2026,11,4,0,0,0,0,0,91,91,0,2,2,180,90,90,0
307200,2026,11,4,0,0,0,0,0,91,91,0,2,2,180,90,90,0
307300,2026,11,4,0,0,0,0,0,91,91,0,2,2,180,90,90,0
307400,2026,11,4,0,0,0,0,0,91,91,0,2,2,180,90,90,0
307500,2026,11,4,0,0,0,0,0,91,91,0,2,2,180,90,90,0
307600,2026,11,4,0,0,0,0,0,91,91,0,2,2,180,90,90,0
307700,2026,11,4,0,0,0,0,0,91,91,0,2,2,180,90,90,0
307800,2026,11,4,0,0,0,0,0,91,91,0,2,2,180,90,90,0
307900,2026,11,4,0,0,0,0,0,91,91,0,2,2,180,90,90,0
308000,2026,11,4,0,0,0,0,0,91,91,0,2,2,180,90,90,0
308100,2026,11,5,0,0,0,0,0,91,91,0,2,2,180,90,90,0
308200,2026,11,5,0,0,0,0,0,91,91,0,2,2,180,90,90,0
308300,2026,11,5,0,0,0,0,0,91,91,0,2,2,180,90,90,0
308400,2026,11,5,0,0,0,0,0,91,91,0,2,2,180,90,90,0
308500,2026,11,5,0,0,0,0,0,91,91,0,2,2,180,90,90,0
308600,2026,11,5,0,0,0,0,0,91,91,0,2,2,180,90,90,0
308700,2026,11,5,0,0,0,0,0,91,91,0,2,2,180,90,90,0
308800,2026,11,5,0,0,0,0,0,91,91,0,2,2,180,90,90,0
308900,2026,11,5,0,0,0,0,0,91,91,0,2,2,180,90,90,0
309000,2026,11,5,0,0,0,0,0,91,91,0,2,2,180,90,90,0
309100,2026,11,6,0,0,0,0,0,91,91,0,2,2,180,90,90,0
309200,2026,11,6,0,0,0,0,0,91,91,0,2,2,180,90,90,0
309300,2026,11,6,0,0,0,0,0,91,91,0,2,2,180,90,90,0
309400,2026,11,6,0,0,0,0,0,91,91,0,2,2,180,90,90,0
309500,2026,11,6,0,0,0,0,0,91,91,0,2,2,180,90,90,0
309600,2026,11,6,0,0,0,0,0,91,91,0,2,2,180,90,90,0
309700,2026,11,6,0,0,0,0,0,91,91,0,2,2,180,90,90,0
309800,2026,11,6,0,0,0,0,0,91,91,0,2,2,180,90,90,0
309900,2026,11,6,0,0,0,0,0,91,91,0,2,2,180,90,90,0
310000,2026,11,6,0,0,0,0,0,91,91,0,2,2,180,90,90,0
310100,2026,11,7,0,0,0,0,0,91,91,0,2,2,180,90,90,0
310200,2026,11,7,0,0,0,0,0,91,91,0,2,2,180,90,90,0
310300,2026,11,7,0,0,0,0,0,91,91,0,2,2,180,90,90,0
310400,2026,11,7,0,0,0,0,0,91,91,0,2,2,180,90,90,0
310500,2026,11,7,0,0,0,0,0,91,91,0,2,2,180,90,90,0
310600,2026,11,7,0,0,0,0,0,91,91,0,2,2,180,90,90,0
310700,2026,11,7,0,0,0,0,0,91,91,0,2,2,180,90,90,0
310800,2026,11,7,0,0,0,0,0,91,91,0,2,2,180,90,90,0
310900,2026,11,7,0,0,0,0,0,91,91,0,2,2,180,90,90,0
311000,2026,11,7,0,0,0,0,0,91,91,0,2,2,180,90,90,0
311100,2026,11,8,0,0,0,0,0,91,91,0,2,2,180,90,90,0
311200,2026,11,8,0,0,0,0,0,91,91,0,2,2,180,90,90,0
311300,2026,11,8,0,0,0,0,0,91,91,0,2,2,180,90,90,0
311400,2026,11,8,0,0,0,0,0,91,91,0,2,2,180,90,90,0
311500,2026,11,8,0,0,0,0,0,91,91,0,2,2,180,90,90,0
311600,2026,11,8,0,0,0,0,0,91,91,0,2,2,180,90,90,0
311700,2026,11,8,0,0,0,0,0,91,91,0,2,2,180,90,90,0
311800,2026,11,8,0,0,0,0,0,91,91,0,2,2,180,90,90,0
311900,2026,11,8,0,0,0,0,0,91,91,0,2,2,180,90,90,0
312000,2026,11,8,0,0,0,0,0,91,91,0,2,2,180,90,90,0
312100,2026,11,9,0,0,0,0,0,91,91,0,2,2,180,90,90,0
312200,2026,11,9,0,0,0,0,0,91,91,0,2,2,180,90,90,0
312300,2026,11,9,0,0,0,0,0,91,91,0,2,2,180,90,90,0
312400,2026,11,9,0,0,0,0,0,91,91,0,2,2,180,90,90,0
312500,2026,11,9,0,0,0,0,0,91,91,0,2,2,180,90,90,0
312600,2026,11,9,0,0,0,0,0,91,91,0,2,2,180,90,90,0
312700,2026,11,9,0,0,0,0,0,91,91,0,2,2,180,90,90,0
312800,2026,11,9,0,0,0,0,0,91,91,0,2,2,180,90,90,0
312900,2026,11,9,0,0,0,0,0,91,91,0,2,2,180,90,90,0
313000,2026,11,9,0,0,0,0,0,91,91,0,2,2,180,90,90,0
313100,2026,11,10,0,0,0,0,0,91,91,0,2,2,180,90,90,0
313200,2026,11,10,0,0,0,0,0,91,91,0,2,2,180,90,90,0
313300,2026,11,10,0,0,0,0,0,91,91,0,2,2,180,90,90,0
313400,2026,11,10,0,0,0,0,0,91,91,0,2,2,180,90,90,0
313500,2026,11,10,0,0,0,0,0,91,91,0,2,2,180,90,90,0
313600,2026,11,10,0,0,0,0,0,91,91,0,2,2,180,90,90,0
313700,2026,11,10,0,0,0,0,0,91,91,0,2,2,180,90,90,0
313800,2026,11,10,0,0,0,0,0,91,91,0,2,2,180,90,90,0
313900,2026,11,10,0,0,0,0,0,91,91,0,2,2,180,90,90,0
314000,2026,11,10,0,0,0,0,0,91,91,0,2,2,180,90,90,0
314100,2026,11,11,0,0,0,0,0,91,91,0,2,2,180,90,90,0
314200,2026,11,11,0,0,0,0,0,91,91,0,2,2,180,90,90,0
314300,2026,11,11,0,0,0,0,0,91,91,0,2,2,180,90,90,0
314400,2026,11,11,0,0,0,0,0,91,91,0,2,2,180,90,90,0
314500,2026,11,11,0,0,0,0,0,91,91,0,2,2,180,90,90,0
314600,2026,11,11,0,0,0,0,0,91,91,0,2,2,180,90,90,0
314700,2026,11,11,0,0,0,0,0,91,91,0,2,2,180,90,90,0
314800,2026,11,11,0,0,0,0,0,91,91,0,2,2,180,90,90,0
314900,2026,11,11,0,0,0,0,0,91,91,0,2,2,180,90,90,0
315000,2026,11,11,0,0,0,0,0,91,91,0,2,2,180,90,90,0
315100,2026,11,12,0,0,0,0,0,91,91,0,2,2,180,90,90,0
315200,2026,11,12,0,0,0,0,0,91,91,0,2,2,180,90,90,0
315300,2026,11,12,0,0,0,0,0,91,91,0,2,2,180,90,90,0
315400,2026,11,12,0,0,0,0,0,91,91,0,2,2,180,90,90,0
315500,2026,11,12,0,0,0,0,0,91,91,0,2,2,180,90,90,0
315600,2026,11,12,0,0,0,0,0,91,91,0,2,2,180,90,90,0
315700,2026,11,12,0,0,0,0,0,91,91,0,2,2,180,90,90,0
315800,2026,11,12,0,0,0,0,0,91,91,0,2,2,180,90,90,0
315900,2026,11,12,0,0,0,0,0,91,91,0,2,2,180,90,90,0
316000,2026,11,12,0,0,0,0,0,91,91,0,2,2,180,90,90,0
316100,2026,11,13,0,0,0,0,0,91,91,0,2,2,180,90,90,0
316200,2026,11,13,0,0,0,0,0,91,91,0,2,2,180,90,90,0
316300,2026,11,13,0,0,0,0,0,91,91,0,2,2,180,90,90,0
316400,2026,11,13,0,0,0,0,0,91,91,0,2,2,180,90,90,0
316500,2026,11,13,0,0,0,0,0,91,91,0,2,2,180,90,90,0
316600,2026,11,13,0,0,0,0,0,91,91,0,2,2,180,90,90,0
316700,2026,11,13,0,0,0,0,0,91,91,0,2,2,180,90,90,0
316800,2026,11,13,0,0,0,0,0,91,91,0,2,2,180,90,90,0
316900,2026,11,13,0,0,0,0,0,91,91,0,2,2,180,90,90,0
317000,2026,11,13,0,0,0,0,0,91,91,0,2,2,180,90,90,0
317100,2026,11,14,0,0,0,0,0,91,91,0,2,2,180,90,90,0
317200,2026,11,14,0,0,0,0,0,91,91,0,2,2,180,90,90,0
317300,2026,11,14,0,0,0,0,0,91,91,0,2,2,180,90,90,0
317400,2026,11,14,0,0,0,0,0,91,91,0,2,2,180,90,90,0
317500,2026,11,14,0,0,0,0,0,91,91,0,2,2,180,90,90,0
317600,2026,11,14,0,0,0,0,0,91,91,0,2,2,180,90,90,0
317700,2026,11,14,0,0,0,0,0,91,91,0,2,2,180,90,90,0
317800,2026,11,14,0,0,0,0,0,91,91,0,2,2,180,90,90,0
317900,2026,11,14,0,0,0,0,0,91,91,0,2,2,180,90,90,0
318000,2026,11,14,0,0,0,0,0,91,91,0,2,2,180,90,90,0
318100,2026,11,15,0,0,0,0,0,91,91,0,2,2,180,90,90,0
318200,2026,11,15,0,0,0,0,0,91,91,0,2,2,180,90,90,0
318300,2026,11,15,0,0,0,0,0,91,91,0,2,2,180,90,90,0
318400,2026,11,15,0,0,0,0,0,91,91,0,2,2,180,90,90,0
318500,2026,11,15,0,0,0,0,0,91,91,0,2,2,180,90,90,0
318600,2026,11,15,0,0,0,0,0,91,91,0,2,2,180,90,90,0
318700,2026,11,15,0,0,0,0,0,91,91,0,2,2,180,90,90,0
318800,2026,11,15,0,0,0,0,0,91,91,0,2,2,180,90,90,0
318900,2026,11,15,0,0,0,0,0,91,91,0,2,2,180,90,90,0
319000,2026,11,15,0,0,0,0,0,91,91,0,2,2,180,90,90,0
319100,2026,11,16,0,0,0,0,0,91,91,0,2,2,180,90,90,0
319200,2026,11,16,0,0,0,0,0,91,91,0,2,2,180,90,90,0
319300,2026,11,16,0,0,0,0,0,91,91,0,2,2,180,90,90,0
319400,2026,11,16,0,0,0,0,0,91,91,0,2,2,180,90,90,0
319500,2026,11,16,0,0,0,0,0,91,91,0,2,2,180,90,90,0
319600,2026,11,16,0,0,0,0,0,91,91,0,2,2,180,90,90,0
319700,2026,11,16,0,0,0,0,0,91,91,0,2,2,180,90,90,0
319800,2026,11,16,0,0,0,0,0,91,91,0,2,2,180,90,90,0
319900,2026,11,16,0,0,0,0,0,91,91,0,2,2,180,90,90,0
320000,2026,11,16,0,0,0,0,0,91,91,0,2,2,180,90,90,0
320100,2026,11,17,0,0,0,0,0,91,91,0,2,2,180,90,90,0
320200,2026,11,17,0,0,0,0,0,91,91,0,2,2,180,90,90,0
320300,2026,11,17,0,0,0,0,0,91,91,0,2,2,180,90,90,0
320400,2026,11,17,0,0,0,0,0,91,91,0,2,2,180,90,90,0
320500,2026,11,17,0,0,0,0,0,91,91,0,2,2,180,90,90,0
320600,2026,11,17,0,0,0,0,0,91,91,0,2,2,180,90,90,0
320700,2026,11,17,0,0,0,0,0,91,91,0,2,2,180,90,90,0
320800,2026,11,17,0,0,0,0,0,91,91,0,2,2,180,90,90,0
320900,2026,11,17,0,0,0,0,0,91,91,0,2,2,180,90,90,0
321000,2026,11,17,0,0,0,0,0,91,91,0,2,2,180,90,90,0
321100,2026,11,18,0,0,0,0,0,91,91,0,2,2,180,90,90,0
321200,2026,11,18,0,0,0,0,0,91,91,0,2,2,180,90,90,0
321300,2026,11,18,0,0,0,0,0,91,91,0,2,2,180,90,90,0
321400,2026,11,18,0,0,0,0,0,91,91,0,2,2,180,90,90,0
321500,2026,11,18,0,0,0,0,0,91,91,0,2,2,180,90,90,0
321600,2026,11,18,0,0,0,0,0,91,91,0,2,2,180,90,90,0
321700,2026,11,18,0,0,0,0,0,91,91,0,2,2,180,90,90,0
321800,2026,11,18,0,0,0,0,0,91,91,0,2,2,180,90,90,0
321900,2026,11,18,0,0,0,0,0,91,91,0,2,2,180,90,90,0
322000,2026,11,18,0,0,0,0,0,91,91,0,2,2,180,90,90,0
322100,2026,11,19,0,0,0,0,0,91,91,0,2,2,180,90,90,0
322200,2026,11,19,0,0,0,0,0,91,91,0,2,2,180,90,90,0
322300,2026,11,19,0,0,0,0,0,91,91,0,2,2,180,90,90,0
322400,2026,11,19,0,0,0,0,0,91,91,0,2,2,180,90,90,0
322500,2026,11,19,0,0,0,0,0,91,91,0,2,2,180,90,90,0
322600,2026,11,19,0,0,0,0,0,91,91,0,2,2,180,90,90,0
322700,2026,11,19,0,0,0,0,0,91,91,0,2,2,180,90,90,0
322800,2026,11,19,0,0,0,0,0,91,91,0,2,2,180,90,90,0
322900,2026,11,19,0,0,0,0,0,91,91,0,2,2,180,90,90,0
323000,2026,11,19,0,0,0,0,0,91,91,0,2,2,180,90,90,0
323100,2026,11,20,0,0,0,0,0,91,91,0,2,2,180,90,90,0
323200,2026,11,20,0,0,0,0,0,91,91,0,2,2,180,90,90,0
323300,2026,11,20,0,0,0,0,0,91,91,0,2,2,180,90,90,0
323400,2026,11,20,0,0,0,0,0,91,91,0,2,2,180,90,90,0
323500,2026,11,20,0,0,0,0,0,91,91,0,2,2,180,90,90,0
323600,2026,11,20,0,0,0,0,0,91,91,0,2,2,180,90,90,0
323700,2026,11,20,0,0,0,0,0,91,91,0,2,2,180,90,90,0
323800,2026,11,20,0,0,0,0,0,91,91,0,2,2,180,90,90,0
323900,2026,11,20,0,0,0,0,0,91,91,0,2,2,180,90,90,0
324000,2026,11,20,0,0,0,0,0,91,91,0,2,2,180,90,90,0
324100,2026,11,21,0,0,0,0,0,91,91,0,2,2,180,90,90,0
324200,2026,11,21,0,0,0,0,0,91,91,0,2,2,180,90,90,0
324300,2026,11,21,0,0,0,0,0,91,91,0,2,2,180,90,90,0
324400,2026,11,21,0,0,0,0,0,91,91,0,2,2,180,90,90,0
324500,2026,11,21,0,0,0,0,0,91,91,0,2,2,180,90,90,0
324600,2026,11,21,0,0,0,0,0,91,91,0,2,2,180,90,90,0
324700,2026,11,21,0,0,0,0,0,91,91,0,2,2,180,90,90,0
324800,2026,11,21,0,0,0,0,0,91,91,0,2,2,180,90,90,0
324900,2026,11,21,0,0,0,0,0,91,91,0,2,2,180,90,90,0
325000,2026,11,21,0,0,0,0,0,91,91,0,2,2,180,90,90,0
325100,2026,11,22,0,0,0,0,0,91,91,0,2,2,180,90,90,0
325200,2026,11,22,0,0,0,0,0,91,91,0,2,2,180,90,90,0
325300,2026,11,22,0,0,0,0,0,91,91,0,2,2,180,90,90,0
325400,2026,11,22,0,0,0,0,0,91,91,0,2,2,180,90,90,0
325500,2026,11,22,0,0,0,0,0,91,91,0,2,2,180,90,90,0
325600,2026,11,22,0,0,0,0,0,91,91,0,2,2,180,90,90,0
325700,2026,11,22,0,0,0,0,0,91,91,0,2,2,180,90,90,0
325800,2026,11,22,0,0,0,0,0,91,91,0,2,2,180,90,90,0
325900,2026,11,22,0,0,0,0,0,91,91,0,2,2,180,90,90,0
326000,2026,11,22,0,0,0,0,0,91,91,0,2,2,180,90,90,0
326100,2026,11,23,0,0,0,0,0,91,91,0,2,2,180,90,90,0
326200,2026,11,23,0,0,0,0,0,91,91,0,2,2,180,90,90,0
326300,2026,11,23,0,0,0,0,0,91,91,0,2,2,180,90,90,0
326400,2026,11,23,0,0,0,0,0,91,91,0,2,2,180,90,90,0
326500,2026,11,23,0,0,0,0,0,91,91,0,2,2,180,90,90,0
326600,2026,11,23,0,0,0,0,0,91,91,0,2,2,180,90,90,0
326700,2026,11,23,0,0,0,0,0,91,91,0,2,2,180,90,90,0
326800,2026,11,23,0,0,0,0,0,91,91,0,2,2,180,90,90,0
326900,2026,11,23,0,0,0,0,0,91,91,0,2,2,180,90,90,0
327000,2026,11,23,0,0,0,0,0,91,91,0,2,2,180,90,90,0
327100,2026,11,24,0,0,0,0,0,91,91,0,2,2,180,90,90,0
327200,2026,11,24,0,0,0,0,0,91,91,0,2,2,180,90,90,0
327300,2026,11,24,0,0,0,0,0,91,91,0,2,2,180,90,90,0
327400,2026,11,24,0,0,0,0,0,91,91,0,2,2,180,90,90,0
327500,2026,11,24,0,0,0,0,0,91,91,0,2,2,180,90,90,0
327600,2026,11,24,0,0,0,0,0,91,91,0,2,2,180,90,90,0
327700,2026,11,24,0,0,0,0,0,91,91,0,2,2,180,90,90,0
327800,2026,11,24,0,0,0,0,0,91,91,0,2,2,180,90,90,0
327900,2026,11,24,0,0,0,0,0,91,91,0,2,2,180,90,90,0
328000,2026,11,24,0,0,0,0,0,91,91,0,2,2,180,90,90,0
328100,2026,11,25,0,0,0,0,0,91,91,0,2,2,180,90,90,0
328200,2026,11,25,0,0,0,0,0,91,91,0,2,2,180,90,90,0
328300,2026,11,25,0,0,0,0,0,91,91,0,2,2,180,90,90,0
328400,2026,11,25,0,0,0,0,0,91,91,0,2,2,180,90,90,0
328500,2026,11,25,0,0,0,0,0,91,91,0,2,2,180,90,90,0
328600,2026,11,25,0,0,0,0,0,91,91,0,2,2,180,90,90,0
328700,2026,11,25,0,0,0,0,0,91,91,0,2,2,180,90,90,0
328800,2026,11,25,0,0,0,0,0,91,91,0,2,2,180,90,90,0
328900,2026,11,25,0,0,0,0,0,91,91,0,2,2,180,90,90,0
329000,2026,11,25,0,0,0,0,0,91,91,0,2,2,180,90,90,0
329100,2026,11,26,0,0,0,0,0,91,91,0,2,2,180,90,90,0
329200,2026,11,26,0,0,0,0,0,91,91,0,2,2,180,90,90,0
329300,2026,11,26,0,0,0,0,0,91,91,0,2,2,180,90,90,0
329400,2026,11,26,0,0,0,0,0,91,91,0,2,2,180,90,90,0
329500,2026,11,26,0,0,0,0,0,91,91,0,2,2,180,90,90,0
329600,2026,11,26,0,0,0,0,0,91,91,0,2,2,180,90,90,0
329700,2026,11,26,0,0,0,0,0,91,91,0,2,2,180,90,90,0
329800,2026,11,26,0,0,0,0,0,91,91,0,2,2,180,90,90,0
329900,2026,11,26,0,0,0,0,0,91,91,0,2,2,180,90,90,0
330000,2026,11,26,0,0,0,0,0,91,91,0,2,2,180,90,90,0
330100,2026,11,27,0,0,0,0,0,91,91,0,2,2,180,90,90,0
330200,2026,11,27,0,0,0,0,0,91,91,0,2,2,180,90,90,0
330300,2026,11,27,0,0,0,0,0,91,91,0,2,2,180,90,90,0
330400,2026,11,27,0,0,0,0,0,91,91,0,2,2,180,90,90,0
330500,2026,11,27,0,0,0,0,0,91,91,0,2,2,180,90,90,0
330600,2026,11,27,0,0,0,0,0,91,91,0,2,2,180,90,90,0
330700,2026,11,27,0,0,0,0,0,91,91,0,2,2,180,90,90,0
330800,2026,11,27,0,0,0,0,0,91,91,0,2,2,180,90,90,0
330900,2026,11,27,0,0,0,0,0,91,91,0,2,2,180,90,90,0
331000,2026,11,27,0,0,0,0,0,91,91,0,2,2,180,90,90,0
331100,2026,11,28,0,0,0,0,0,91,91,0,2,2,180,90,90,0
331200,2026,11,28,0,0,0,0,0,91,91,0,2,2,180,90,90,0
331300,2026,11,28,0,0,0,0,0,91,91,0,2,2,180,90,90,0
331400,2026,11,28,0,0,0,0,0,91,91,0,2,2,180,90,90,0
331500,2026,11,28,0,0,0,0,0,91,91,0,2,2,180,90,90,0
331600,2026,11,28,0,0,0,0,0,91,91,0,2,2,180,90,90,0
331700,2026,11,28,0,0,0,0,0,91,91,0,2,2,180,90,90,0
331800,2026,11,28,0,0,0,0,0,91,91,0,2,2,180,90,90,0
331900,2026,11,28,0,0,0,0,0,91,91,0,2,2,180,90,90,0
332000,2026,11,28,0,0,0,0,0,91,91,0,2,2,180,90,90,0
332100,2026,11,29,0,0,0,0,0,91,91,0,2,2,180,90,90,0
332200,2026,11,29,0,0,0,0,0,91,91,0,2,2,180,90,90,0
332300,2026,11,29,0,0,0,0,0,91,91,0,2,2,180,90,90,0
332400,2026,11,29,0,0,0,0,0,91,91,0,2,2,180,90,90,0
332500,2026,11,29,0,0,0,0,0,91,91,0,2,2,180,90,90,0
332600,2026,11,29,0,0,0,0,0,91,91,0,2,2,180,90,90,0
332700,2026,11,29,0,0,0,0,0,91,91,0,2,2,180,90,90,0
332800,2026,11,29,0,0,0,0,0,91,91,0,2,2,180,90,90,0
332900,2026,11,29,0,0,0,0,0,91,91,0,2,2,180,90,90,0
333000,2026,11,29,0,0,0,0,0,91,91,0,2,2,180,90,90,0
333100,2026,11,30,0,0,0,0,0,91,91,0,2,2,180,90,90,0
333200,2026,11,30,0,0,0,0,0,91,91,0,2,2,180,90,90,0
333300,2026,11,30,0,0,0,0,0,91,91,0,2,2,180,90,90,0
333400,2026,11,30,0,0,0,0,0,91,91,0,2,2,180,90,90,0
333500,2026,11,30,0,0,0,0,0,91,91,0,2,2,180,90,90,0
333600,2026,11,30,0,0,0,0,0,91,91,0,2,2,180,90,90,0
333700,2026,11,30,0,0,0,0,0,91,91,0,2,2,180,90,90,0
333800,2026,11,30,0,0,0,0,0,91,91,0,2,2,180,90,90,0
333900,2026,11,30,0,0,0,0,0,91,91,0,2,2,180,90,90,0
334000,2026,11,30,0,0,0,0,0,91,91,0,2,2,180,90,90,0
334100,2026,12,1,0,0,0,0,0,91,91,0,2,2,180,90,90,0
334200,2026,12,1,0,0,0,0,0,91,91,0,2,2,180,90,90,0
334300,2026,12,1,0,0,0,0,0,91,91,0,2,2,180,90,90,0
334400,2026,12,1,0,0,0,0,0,91,91,0,2,2,180,90,90,0
334500,2026,12,1,0,0,0,0,0,91,91,0,2,2,180,90,90,0
334600,2026,12,1,0,0,0,0,0,91,91,0,2,2,180,90,90,0
334700,2026,12,1,0,0,0,0,0,91,91,0,2,2,180,90,90,0
334800,2026,12,1,0,0,0,0,0,91,91,0,2,2,180,90,90,0
334900,2026,12,1,0,0,0,0,0,91,91,0,2,2,180,90,90,0
335000,2026,12,1,0,0,0,0,0,91,91,0,2,2,180,90,90,0
335100,2026,12,2,0,0,0,0,0,91,91,0,2,2,180,90,90,0
335200,2026,12,2,0,0,0,0,0,91,91,0,2,2,180,90,90,0
335300,2026,12,2,0,0,0,0,0,91,91,0,2,2,180,90,90,0
335400,2026,12,2,0,0,0,0,0,91,91,0,2,2,180,90,90,0
335500,2026,12,2,0,0,0,0,0,91,91,0,2,2,180,90,90,0
335600,2026,12,2,0,0,0,0,0,91,91,0,2,2,180,90,90,0
335700,2026,12,2,0,0,0,0,0,91,91,0,2,2,180,90,90,0
335800,2026,12,2,0,0,0,0,0,91,91,0,2,2,180,90,90,0
335900,2026,12,2,0,0,0,0,0,91,91,0,2,2,180,90,90,0
336000,2026,12,2,0,0,0,0,0,91,91,0,2,2,180,90,90,0
336100,2026,12,3,0,0,0,0,0,91,91,0,2,2,180,90,90,0
336200,2026,12,3,0,0,0,0,0,91,91,0,2,2,180,90,90,0
336300,2026,12,3,0,0,0,0,0,91,91,0,2,2,180,90,90,0
336400,2026,12,3,0,0,0,0,0,91,91,0,2,2,180,90,90,0
336500,2026,12,3,0,0,0,0,0,91,91,0,2,2,180,90,90,0
336600,2026,12,3,0,0,0,0,0,91,91,0,2,2,180,90,90,0
336700,2026,12,3,0,0,0,0,0,91,91,0,2,2,180,90,90,0
336800,2026,12,3,0,0,0,0,0,91,91,0,2,2,180,90,90,0
336900,2026,12,3,0,0,0,0,0,91,91,0,2,2,180,90,90,0
337000,2026,12,3,0,0,0,0,0,91,91,0,2,2,180,90,90,0
337100,2026,12,4,0,0,0,0,0,91,91,0,2,2,180,90,90,0
337200,2026,12,4,0,0,0,0,0,91,91,0,2,2,180,90,90,0
337300,2026,12,4,0,0,0,0,0,91,91,0,2,2,180,90,90,0
337400,2026,12,4,0,0,0,0,0,91,91,0,2,2,180,90,90,0
337500,2026,12,4,0,0,0,0,0,91,91,0,2,2,180,90,90,0
337600,2026,12,4,0,0,0,0,0,91,91,0,2,2,180,90,90,0
337700,2026,12,4,0,0,0,0,0,91,91,0,2,2,180,90,90,0
337800,2026,12,4,0,0,0,0,0,91,91,0,2,2,180,90,90,0
337900,2026,12,4,0,0,0,0,0,91,91,0,2,2,180,90,90,0
338000,2026,12,4,0,0,0,0,0,91,91,0,2,2,180,90,90,0
338100,2026,12,5,0,0,0,0,0,91,91,0,2,2,180,90,90,0
338200,2026,12,5,0,0,0,0,0,91,91,0,2,2,180,90,90,0
338300,2026,12,5,0,0,0,0,0,91,91,0,2,2,180,90,90,0
338400,2026,12,5,0,0,0,0,0,91,91,0,2,2,180,90,90,0
338500,2026,12,5,0,0,0,0,0,91,91,0,2,2,180,90,90,0
338600,2026,12,5,0,0,0,0,0,91,91,0,2,2,180,90,90,0
338700,2026,12,5,0,0,0,0,0,91,91,0,2,2,180,90,90,0
338800,2026,12,5,0,0,0,0,0,91,91,0,2,2,180,90,90,0
338900,2026,12,5,0,0,0,0,0,91,91,0,2,2,180,90,90,0
339000,2026,12,5,0,0,0,0,0,91,91,0,2,2,180,90,90,0
339100,2026,12,6,0,0,0,0,0,91,91,0,2,2,180,90,90,0
339200,2026,12,6,0,0,0,0,0,91,91,0,2,2,180,90,90,0
339300,2026,12,6,0,0,0,0,0,91,91,0,2,2,180,90,90,0
339400,2026,12,6,0,0,0,0,0,91,91,0,2,2,180,90,90,0
339500,2026,12,6,0,0,0,0,0,91,91,0,2,2,180,90,90,0
339600,2026,12,6,0,0,0,0,0,91,91,0,2,2,180,90,90,0
339700,2026,12,6,0,0,0,0,0,91,91,0,2,2,180,90,90,0
339800,2026,12,6,0,0,0,0,0,91,91,0,2,2,180,90,90,0
339900,2026,12,6,0,0,0,0,0,91,91,0,2,2,180,90,90,0
340000,2026,12,6,0,0,0,0,0,91,91,0,2,2,180,90,90,0
340100,2026,12,7,0,0,0,0,0,91,91,0,2,2,180,90,90,0
340200,2026,12,7,0,0,0,0,0,91,91,0,2,2,180,90,90,0
340300,2026,12,7,0,0,0,0,0,91,91,0,2,2,180,90,90,0
340400,2026,12,7,0,0,0,0,0,91,91,0,2,2,180,90,90,0
340500,2026,12,7,0,0,0,0,0,91,91,0,2,2,180,90,90,0
340600,2026,12,7,0,0,0,0,0,91,91,0,2,2,180,90,90,0
340700,2026,12,7,0,0,0,0,0,91,91,0,2,2,180,90,90,0
340800,2026,12,7,0,0,0,0,0,91,91,0,2,2,180,90,90,0
340900,2026,12,7,0,0,0,0,0,91,91,0,2,2,180,90,90,0
341000,2026,12,7,0,0,0,0,0,91,91,0,2,2,180,90,90,0
341100,2026,12,8,0,0,0,0,0,91,91,0,2,2,180,90,90,0
341200,2026,12,8,0,0,0,0,0,91,91,0,2,2,180,90,90,0
341300,2026,12,8,0,0,0,0,0,91,91,0,2,2,180,90,90,0
341400,2026,12,8,0,0,0,0,0,91,91,0,2,2,180,90,90,0
341500,2026,12,8,0,0,0,0,0,91,91,0,2,2,180,90,90,0
341600,2026,12,8,0,0,0,0,0,91,91,0,2,2,180,90,90,0
341700,2026,12,8,0,0,0,0,0,91,91,0,2,2,180,90,90,0
341800,2026,12,8,0,0,0,0,0,91,91,0,2,2,180,90,90,0
341900,2026,12,8,0,0,0,0,0,91,91,0,2,2,180,90,90,0
342000,2026,12,8,0,0,0,0,0,91,91,0,2,2,180,90,90,0
342100,2026,12,9,0,0,0,0,0,91,91,0,2,2,180,90,90,0
342200,2026,12,9,0,0,0,0,0,91,91,0,2,2,180,90,90,0
342300,2026,12,9,0,0,0,0,0,91,91,0,2,2,180,90,90,0
342400,2026,12,9,0,0,0,0,0,91,91,0,2,2,180,90,90,0
342500,2026,12,9,0,0,0,0,0,91,91,0,2,2,180,90,90,0
342600,2026,12,9,0,0,0,0,0,91,91,0,2,2,180,90,90,0
342700,2026,12,9,0,0,0,0,0,91,91,0,2,2,180,90,90,0
342800,2026,12,9,0,0,0,0,0,91,91,0,2,2,180,90,90,0
342900,2026,12,9,0,0,0,0,0,91,91,0,2,2,180,90,90,0
343000,2026,12,9,0,0,0,0,0,91,91,0,2,2,180,90,90,0
343100,2026,12,10,0,0,0,0,0,91,91,0,2,2,180,90,90,0
343200,2026,12,10,0,0,0,0,0,91,91,0,2,2,180,90,90,0
343300,2026,12,10,0,0,0,0,0,91,91,0,2,2,180,90,90,0
343400,2026,12,10,0,0,0,0,0,91,91,0,2,2,180,90,90,0
343500,2026,12,10,0,0,0,0,0,91,91,0,2,2,180,90,90,0
343600,2026,12,10,0,0,0,0,0,91,91,0,2,2,180,90,90,0
343700,2026,12,10,0,0,0,0,0,91,91,0,2,2,180,90,90,0
343800,2026,12,10,0,0,0,0,0,91,91,0,2,2,180,90,90,0
343900,2026,12,10,0,0,0,0,0,91,91,0,2,2,180,90,90,0
344000,2026,12,10,0,0,0,0,0,91,91,0,2,2,180,90,90,0
344100,2026,12,11,0,0,0,0,0,91,91,0,2,2,180,90,90,0
344200,2026,12,11,0,0,0,0,0,91,91,0,2,2,180,90,90,0
344300,2026,12,11,0,0,0,0,0,91,91,0,2,2,180,90,90,0
344400,2026,12,11,0,0,0,0,0,91,91,0,2,2,180,90,90,0
344500,2026,12,11,0,0,0,0,0,91,91,0,2,2,180,90,90,0
344600,2026,12,11,0,0,0,0,0,91,91,0,2,2,180,90,90,0
344700,2026,12,11,0,0,0,0,0,91,91,0,2,2,180,90,90,0
344800,2026,12,11,0,0,0,0,0,91,91,0,2,2,180,90,90,0
344900,2026,12,11,0,0,0,0,0,91,91,0,2,2,180,90,90,0
345000,2026,12,11,0,0,0,0,0,91,91,0,2,2,180,90,90,0
345100,2026,12,12,0,0,0,0,0,91,91,0,2,2,180,90,90,0
345200,2026,12,12,0,0,0,0,0,91,91,0,2,2,180,90,90,0
345300,2026,12,12,0,0,0,0,0,91,91,0,2,2,180,90,90,0
345400,2026,12,12,0,0,0,0,0,91,91,0,2,2,180,90,90,0
345500,2026,12,12,0,0,0,0,0,91,91,0,2,2,180,90,90,0
345600,2026,12,12,0,0,0,0,0,91,91,0,2,2,180,90,90,0
345700,2026,12,12,0,0,0,0,0,91,91,0,2,2,180,90,90,0
345800,2026,12,12,0,0,0,0,0,91,91,0,2,2,180,90,90,0
345900,2026,12,12,0,0,0,0,0,91,91,0,2,2,180,90,90,0
346000,2026,12,12,0,0,0,0,0,91,91,0,2,2,180,90,90,0
346100,2026,12,13,0,0,0,0,0,91,91,0,2,2,180,90,90,0
346200,2026,12,13,0,0,0,0,0,91,91,0,2,2,180,90,90,0
346300,2026,12,13,0,0,0,0,0,91,91,0,2,2,180,90,90,0
346400,2026,12,13,0,0,0,0,0,91,91,0,2,2,180,90,90,0
346500,2026,12,13,0,0,0,0,0,91,91,0,2,2,180,90,90,0
346600,2026,12,13,0,0,0,0,0,91,91,0,2,2,180,90,90,0
346700,2026,12,13,0,0,0,0,0,91,91,0,2,2,180,90,90,0
346800,2026,12,13,0,0,0,0,0,91,91,0,2,2,180,90,90,0
346900,2026,12,13,0,0,0,0,0,91,91,0,2,2,180,90,90,0
347000,2026,12,13,0,0,0,0,0,91,91,0,2,2,180,90,90,0
347100,2026,12,14,0,0,0,0,0,91,91,0,2,2,180,90,90,0
347200,2026,12,14,0,0,0,0,0,91,91,0,2,2,180,90,90,0
347300,2026,12,14,0,0,0,0,0,91,91,0,2,2,180,90,90,0
347400,2026,12,14,0,0,0,0,0,91,91,0,2,2,180,90,90,0
347500,2026,12,14,0,0,0,0,0,91,91,0,2,2,180,90,90,0
347600,2026,12,14,0,0,0,0,0,91,91,0,2,2,180,90,90,0
347700,2026,12,14,0,0,0,0,0,91,91,0,2,2,180,90,90,0
347800,2026,12,14,0,0,0,0,0,91,91,0,2,2,180,90,90,0
347900,2026,12,14,0,0,0,0,0,91,91,0,2,2,180,90,90,0
348000,2026,12,14,0,0,0,0,0,91,91,0,2,2,180,90,90,0
348100,2026,12,15,0,0,0,0,0,91,91,0,2,2,180,90,90,0
348200,2026,12,15,0,0,0,0,0,91,91,0,2,2,180,90,90,0
348300,2026,12,15,0,0,0,0,0,91,91,0,2,2,180,90,90,0
348400,2026,12,15,0,0,0,0,0,91,91,0,2,2,180,90,90,0
348500,2026,12,15,0,0,0,0,0,91,91,0,2,2,180,90,90,0
348600,2026,12,15,0,0,0,0,0,91,91,0,2,2,180,90,90,0
348700,2026,12,15,0,0,0,0,0,91,91,0,2,2,180,90,90,0
348800,2026,12,15,0,0,0,0,0,91,91,0,2,2,180,90,90,0
348900,2026,12,15,0,0,0,0,0,91,91,0,2,2,180,90,90,0
349000,2026,12,15,0,0,0,0,0,91,91,0,2,2,180,90,90,0
349100,2026,12,16,0,0,0,0,0,91,91,0,2,2,180,90,90,0
349200,2026,12,16,0,0,0,0,0,91,91,0,2,2,180,90,90,0
349300,2026,12,16,0,0,0,0,0,91,91,0,2,2,180,90,90,0
349400,2026,12,16,0,0,0,0,0,91,91,0,2,2,180,90,90,0
349500,2026,12,16,0,0,0,0,0,91,91,0,2,2,180,90,90,0
349600,2026,12,16,0,0,0,0,0,91,91,0,2,2,180,90,90,0
349700,2026,12,16,0,0,0,0,0,91,91,0,2,2,180,90,90,0
349800,2026,12,16,0,0,0,0,0,91,91,0,2,2,180,90,90,0
349900,2026,12,16,0,0,0,0,0,91,91,0,2,2,180,90,90,0
350000,2026,12,16,0,0,0,0,0,91,91,0,2,2,180,90,90,0
350100,2026,12,17,0,0,0,0,0,91,91,0,2,2,180,90,90,0
350200,2026,12,17,0,0,0,0,0,91,91,0,2,2,180,90,90,0
350300,2026,12,17,0,0,0,0,0,91,91,0,2,2,180,90,90,0
350400,2026,12,17,0,0,0,0,0,91,91,0,2,2,180,90,90,0
350500,2026,12,17,0,0,0,0,0,91,91,0,2,2,180,90,90,0
350600,2026,12,17,0,0,0,0,0,91,91,0,2,2,180,90,90,0
350700,2026,12,17,0,0,0,0,0,91,91,0,2,2,180,90,90,0
350800,2026,12,17,0,0,0,0,0,91,91,0,2,2,180,90,90,0
350900,2026,12,17,0,0,0,0,0,91,91,0,2,2,180,90,90,0
351000,2026,12,17,0,0,0,0,0,91,91,0,2,2,180,90,90,0
351100,2026,12,18,0,0,0,0,0,91,91,0,2,2,180,90,90,0
351200,2026,12,18,0,0,0,0,0,91,91,0,2,2,180,90,90,0
351300,2026,12,18,0,0,0,0,0,91,91,0,2,2,180,90,90,0
351400,2026,12,18,0,0,0,0,0,91,91,0,2,2,180,90,90,0
351500,2026,12,18,0,0,0,0,0,91,91,0,2,2,180,90,90,0
351600,2026,12,18,0,0,0,0,0,91,91,0,2,2,180,90,90,0
351700,2026,12,18,0,0,0,0,0,91,91,0,2,2,180,90,90,0
351800,2026,12,18,0,0,0,0,0,91,91,0,2,2,180,90,90,0
351900,2026,12,18,0,0,0,0,0,91,91,0,2,2,180,90,90,0
352000,2026,12,18,0,0,0,0,0,91,91,0,2,2,180,90,90,0
352100,2026,12,19,0,0,0,0,0,91,91,0,2,2,180,90,90,0
352200,2026,12,19,0,0,0,0,0,91,91,0,2,2,180,90,90,0
352300,2026,12,19,0,0,0,0,0,91,91,0,2,2,180,90,90,0
352400,2026,12,19,0,0,0,0,0,91,91,0,2,2,180,90,90,0
352500,2026,12,19,0,0,0,0,0,91,91,0,2,2,180,90,90,0
352600,2026,12,19,0,0,0,0,0,91,91,0,2,2,180,90,90,0
352700,2026,12,19,0,0,0,0,0,91,91,0,2,2,180,90,90,0
352800,2026,12,19,0,0,0,0,0,91,91,0,2,2,180,90,90,0
352900,2026,12,19,0,0,0,0,0,91,91,0,2,2,180,90,90,0
353000,2026,12,19,0,0,0,0,0,91,91,0,2,2,180,90,90,0
353100,2026,12,20,0,0,0,0,0,91,91,0,2,2,180,90,90,0
353200,2026,12,20,0,0,0,0,0,91,91,0,2,2,180,90,90,0
353300,2026,12,20,0,0,0,0,0,91,91,0,2,2,180,90,90,0
353400,2026,12,20,0,0,0,0,0,91,91,0,2,2,180,90,90,0
353500,2026,12,20,0,0,0,0,0,91,91,0,2,2,180,90,90,0
353600,2026,12,20,0,0,0,0,0,91,91,0,2,2,180,90,90,0
353700,2026,12,20,0,0,0,0,0,91,91,0,2,2,180,90,90,0
353800,2026,12,20,0,0,0,0,0,91,91,0,2,2,180,90,90,0
353900,2026,12,20,0,0,0,0,0,91,91,0,2,2,180,90,90,0
354000,2026,12,20,0,0,0,0,0,91,91,0,2,2,180,90,90,0
354100,2026,12,21,0,0,0,0,0,91,91,0,2,2,180,90,90,0
354200,2026,12,21,0,0,0,0,0,91,91,0,2,2,180,90,90,0
354300,2026,12,21,0,0,0,0,0,91,91,0,2,2,180,90,90,0
354400,2026,12,21,0,0,0,0,0,91,91,0,2,2,180,90,90,0
354500,2026,12,21,0,0,0,0,0,91,91,0,2,2,180,90,90,0
354600,2026,12,21,0,0,0,0,0,91,91,0,2,2,180,90,90,0
354700,2026,12,21,0,0,0,0,0,91,91,0,2,2,180,90,90,0
354800,2026,12,21,0,0,0,0,0,91,91,0,2,2,180,90,90,0
354900,2026,12,21,0,0,0,0,0,91,91,0,2,2,180,90,90,0
355000,2026,12,21,0,0,0,0,0,91,91,0,2,2,180,90,90,0
355100,2026,12,22,0,0,0,0,0,91,91,0,2,2,180,90,90,0
355200,2026,12,22,0,0,0,0,0,91,91,0,2,2,180,90,90,0
355300,2026,12,22,0,0,0,0,0,91,91,0,2,2,180,90,90,0
355400,2026,12,22,0,0,0,0,0,91,91,0,2,2,180,90,90,0
355500,2026,12,22,0,0,0,0,0,91,91,0,2,2,180,90,90,0
355600,2026,12,22,0,0,0,0,0,91,91,0,2,2,180,90,90,0
355700,2026,12,22,0,0,0,0,0,91,91,0,2,2,180,90,90,0
355800,2026,12,22,0,0,0,0,0,91,91,0,2,2,180,90,90,0
355900,2026,12,22,0,0,0,0,0,91,91,0,2,2,180,90,90,0
356000,2026,12,22,0,0,0,0,0,91,91,0,2,2,180,90,90,0
356100,2026,12,23,0,0,0,0,0,91,91,0,2,2,180,90,90,0
356200,2026,12,23,0,0,0,0,0,91,91,0,2,2,180,90,90,0
356300,2026,12,23,0,0,0,0,0,91,91,0,2,2,180,90,90,0
356400,2026,12,23,0,0,0,0,0,91,91,0,2,2,180,90,90,0
356500,2026,12,23,0,0,0,0,0,91,91,0,2,2,180,90,90,0
356600,2026,12,23,0,0,0,0,0,91,91,0,2,2,180,90,90,0
356700,2026,12,23,0,0,0,0,0,91,91,0,2,2,180,90,90,0
356800,2026,12,23,0,0,0,0,0,91,91,0,2,2,180,90,90,0
356900,2026,12,23,0,0,0,0,0,91,91,0,2,2,180,90,90,0
357000,2026,12,23,0,0,0,0,0,91,91,0,2,2,180,90,90,0
357100,2026,12,24,0,0,0,0,0,91,91,0,2,2,180,90,90,0
357200,2026,12,24,0,0,0,0,0,91,91,0,2,2,180,90,90,0
357300,2026,12,24,0,0,0,0,0,91,91,0,2,2,180,90,90,0
357400,2026,12,24,0,0,0,0,0,91,91,0,2,2,180,90,90,0
357500,2026,12,24,0,0,0,0,0,91,91,0,2,2,180,90,90,0
357600,2026,12,24,0,0,0,0,0,91,91,0,2,2,180,90,90,0
357700,2026,12,24,0,0,0,0,0,91,91,0,2,2,180,90,90,0
357800,2026,12,24,0,0,0,0,0,91,91,0,2,2,180,90,90,0
357900,2026,12,24,0,0,0,0,0,91,91,0,2,2,180,90,90,0
358000,2026,12,24,0,0,0,0,0,91,91,0,2,2,180,90,90,0
358100,2026,12,25,0,0,0,0,0,91,91,0,2,2,180,90,90,0
358200,2026,12,25,0,0,0,0,0,91,91,0,2,2,180,90,90,0
358300,2026,12,25,0,0,0,0,0,91,91,0,2,2,180,90,90,0
358400,2026,12,25,0,0,0,0,0,91,91,0,2,2,180,90,90,0
358500,2026,12,25,0,0,0,0,0,91,91,0,2,2,180,90,90,0
358600,2026,12,25,0,0,0,0,0,91,91,0,2,2,180,90,90,0
358700,2026,12,25,0,0,0,0,0,91,91,0,2,2,180,90,90,0
358800,2026,12,25,0,0,0,0,0,91,91,0,2,2,180,90,90,0
358900,2026,12,25,0,0,0,0,0,91,91,0,2,2,180,90,90,0
359000,2026,12,25,0,0,0,0,0,91,91,0,2,2,180,90,90,0
359100,2026,12,26,0,0,0,0,0,91,91,0,2,2,180,90,90,0
359200,2026,12,26,0,0,0,0,0,91,91,0,2,2,180,90,90,0
359300,2026,12,26,0,0,0,0,0,91,91,0,2,2,180,90,90,0
359400,2026,12,26,0,0,0,0,0,91,91,0,2,2,180,90,90,0
359500,2026,12,26,0,0,0,0,0,91,91,0,2,2,180,90,90,0
359600,2026,12,26,0,0,0,0,0,91,91,0,2,2,180,90,90,0
359700,2026,12,26,0,0,0,0,0,91,91,0,2,2,180,90,90,0
359800,2026,12,26,0,0,0,0,0,91,91,0,2,2,180,90,90,0
359900,2026,12,26,0,0,0,0,0,91,91,0,2,2,180,90,90,0
360000,2026,12,26,0,0,0,0,0,91,91,0,2,2,180,90,90,0
360100,2026,12,27,0,0,0,0,0,91,91,0,2,2,180,90,90,0
360200,2026,12,27,0,0,0,0,0,91,91,0,2,2,180,90,90,0
360300,2026,12,27,0,0,0,0,0,91,91,0,2,2,180,90,90,0
360400,2026,12,27,0,0,0,0,0,91,91,0,2,2,180,90,90,0
360500,2026,12,27,0,0,0,0,0,91,91,0,2,2,180,90,90,0
360600,2026,12,27,0,0,0,0,0,91,91,0,2,2,180,90,90,0
360700,2026,12,27,0,0,0,0,0,91,91,0,2,2,180,90,90,0
360800,2026,12,27,0,0,0,0,0,91,91,0,2,2,180,90,90,0
360900,2026,12,27,0,0,0,0,0,91,91,0,2,2,180,90,90,0
361000,2026,12,27,0,0,0,0,0,91,91,0,2,2,180,90,90,0
361100,2026,12,28,0,0,0,0,0,91,91,0,2,2,180,90,90,0
361200,2026,12,28,0,0,0,0,0,91,91,0,2,2,180,90,90,0
361300,2026,12,28,0,0,0,0,0,91,91,0,2,2,180,90,90,0
361400,2026,12,28,0,0,0,0,0,91,91,0,2,2,180,90,90,0
361500,2026,12,28,0,0,0,0,0,91,91,0,2,2,180,90,90,0
361600,2026,12,28,0,0,0,0,0,91,91,0,2,2,180,90,90,0
361700,2026,12,28,0,0,0,0,0,91,91,0,2,2,180,90,90,0
361800,2026,12,28,0,0,0,0,0,91,91,0,2,2,180,90,90,0
361900,2026,12,28,0,0,0,0,0,91,91,0,2,2,180,90,90,0
362000,2026,12,28,0,0,0,0,0,91,91,0,2,2,180,90,90,0
362100,2026,12,29,0,0,0,0,0,91,91,0,2,2,180,90,90,0
362200,2026,12,29,0,0,0,0,0,91,91,0,2,2,180,90,90,0
362300,2026,12,29,0,0,0,0,0,91,91,0,2,2,180,90,90,0
362400,2026,12,29,0,0,0,0,0,91,91,0,2,2,180,90,90,0
362500,2026,12,29,0,0,0,0,0,91,91,0,2,2,180,90,90,0
362600,2026,12,29,0,0,0,0,0,91,91,0,2,2,180,90,90,0
362700,2026,12,29,0,0,0,0,0,91,91,0,2,2,180,90,90,0
362800,2026,12,29,0,0,0,0,0,91,91,0,2,2,180,90,90,0
362900,2026,12,29,0,0,0,0,0,91,91,0,2,2,180,90,90,0
363000,2026,12,29,0,0,0,0,0,91,91,0,2,2,180,90,90,0
363100,2026,12,30,0,0,0,0,0,91,91,0,2,2,180,90,90,0
363200,2026,12,30,0,0,0,0,0,91,91,0,2,2,180,90,90,0
363300,2026,12,30,0,0,0,0,0,91,91,0,2,2,180,90,90,0
363400,2026,12,30,0,0,0,0,0,91,91,0,2,2,180,90,90,0
363500,2026,12,30,0,0,0,0,0,91,91,0,2,2,180,90,90,0
363600,2026,12,30,0,0,0,0,0,91,91,0,2,2,180,90,90,0
363700,2026,12,30,0,0,0,0,0,91,91,0,2,2,180,90,90,0
363800,2026,12,30,0,0,0,0,0,91,91,0,2,2,180,90,90,0
363900,2026,12,30,0,0,0,0,0,91,91,0,2,2,180,90,90,0
364000,2026,12,30,0,0,0,0,0,91,91,0,2,2,180,90,90,0
364100,2026,12,31,0,0,0,0,0,91,91,0,2,2,180,90,90,0
364200,2026,12,31,0,0,0,0,0,91,91,0,2,2,180,90,90,0
364300,2026,12,31,0,0,0,0,0,91,91,0,2,2,180,90,90,0
364400,2026,12,31,0,0,0,0,0,91,91,0,2,2,180,90,90,0
364500,2026,12,31,0,0,0,0,0,91,91,0,2,2,180,90,90,0
364600,2026,12,31,0,0,0,0,0,91,91,0,2,2,180,90,90,0
364700,2026,12,31,0,0,0,0,0,91,91,0,2,2,180,90,90,0
364800,2026,12,31,0,0,0,0,0,91,91,0,2,2,180,90,90,0
364900,2026,12,31,0,0,0,0,0,91,91,0,2,2,180,90,90,0
365000,2026,12,31,0,0,0,0,0,91,91,0,2,2,180,90,90,0
365100,2027,1,1,0,0,0,0,0,91,91,0,2,2,180,90,90,0
365200,2027,1,1,0,0,0,0,0,91,91,0,2,2,180,90,90,0
365300,2027,1,1,0,0,0,0,0,91,91,0,2,2,180,90,90,0
365400,2027,1,1,0,0,0,0,0,91,91,0,2,2,180,90,90,0
365500,2027,1,1,0,0,0,0,0,91,91,0,2,2,180,90,90,0
365600,2027,1,1,0,0,0,0,0,91,91,0,2,2,180,90,90,0
365700,2027,1,1,0,0,0,0,0,91,91,0,2,2,180,90,90,0
365800,2027,1,1,0,0,0,0,0,91,91,0,2,2,180,90,90,0
365900,2027,1,1,0,0,0,0,0,91,91,0,2,2,180,90,90,0
366000,2027,1,1,0,0,0,0,0,91,91,0,2,2,180,90,90,0
366100,2027,1,2,0,0,0,0,0,91,91,0,2,2,180,90,90,0
366200,2027,1,2,0,0,0,0,0,91,91,0,2,2,180,90,90,0
366300,2027,1,2,0,0,0,0,0,91,91,0,2,2,180,90,90,0
366400,2027,1,2,0,0,0,0,0,91,91,0,2,2,180,90,90,0
366500,2027,1,2,0,0,0,0,0,91,91,0,2,2,180,90,90,0
366600,2027,1,2,0,0,0,0,0,91,91,0,2,2,180,90,90,0
366700,2027,1,2,0,0,0,0,0,91,91,0,2,2,180,90,90,0
366800,2027,1,2,0,0,0,0,0,91,91,0,2,2,180,90,90,0
366900,2027,1,2,0,0,0,0,0,91,91,0,2,2,180,90,90,0
367000,2027,1,2,0,0,0,0,0,91,91,0,2,2,180,90,90,0
367100,2027,1,3,0,0,0,0,0,91,91,0,2,2,180,90,90,0
367200,2027,1,3,0,0,0,0,0,91,91,0,2,2,180,90,90,0
367300,2027,1,3,0,0,0,0,0,91,91,0,2,2,180,90,90,0
367400,2027,1,3,0,0,0,0,0,91,91,0,2,2,180,90,90,0
367500,2027,1,3,0,0,0,0,0,91,91,0,2,2,180,90,90,0
367600,2027,1,3,0,0,0,0,0,91,91,0,2,2,180,90,90,0
367700,2027,1,3,0,0,0,0,0,91,91,0,2,2,180,90,90,0
367800,2027,1,3,0,0,0,0,0,91,91,0,2,2,180,90,90,0
367900,2027,1,3,0,0,0,0,0,91,91,0,2,2,180,90,90,0
368000,2027,1,3,0,0,0,0,0,91,91,0,2,2,180,90,90,0
368100,2027,1,4,0,0,0,0,0,91,91,0,2,2,180,90,90,0
368200,2027,1,4,0,0,0,0,0,91,91,0,2,2,180,90,90,0
368300,2027,1,4,0,0,0,0,0,91,91,0,2,2,180,90,90,0
368400,2027,1,4,0,0,0,0,0,91,91,0,2,2,180,90,90,0
368500,2027,1,4,0,0,0,0,0,91,91,0,2,2,180,90,90,0
368600,2027,1,4,0,0,0,0,0,91,91,0,2,2,180,90,90,0
368700,2027,1,4,0,0,0,0,0,91,91,0,2,2,180,90,90,0
368800,2027,1,4,0,0,0,0,0,91,91,0,2,2,180,90,90,0
368900,2027,1,4,0,0,0,0,0,91,91,0,2,2,180,90,90,0
369000,2027,1,4,0,0,0,0,0,91,91,0,2,2,180,90,90,0
369100,2027,1,5,0,0,0,0,0,91,91,0,2,2,180,90,90,0
369200,2027,1,5,0,0,0,0,0,91,91,0,2,2,180,90,90,0
369300,2027,1,5,0,0,0,0,0,91,91,0,2,2,180,90,90,0
369400,2027,1,5,0,0,0,0,0,91,91,0,2,2,180,90,90,0
369500,2027,1,5,0,0,0,0,0,91,91,0,2,2,180,90,90,0
369600,2027,1,5,0,0,0,0,0,91,91,0,2,2,180,90,90,0
369700,2027,1,5,0,0,0,0,0,91,91,0,2,2,180,90,90,0
369800,2027,1,5,0,0,0,0,0,91,91,0,2,2,180,90,90,0
369900,2027,1,5,0,0,0,0,0,91,91,0,2,2,180,90,90,0
370000,2027,1,5,0,0,0,0,0,91,91,0,2,2,180,90,90,0
370100,2027,1,6,0,0,0,0,0,91,91,0,2,2,180,90,90,0
370200,2027,1,6,0,0,0,0,0,91,91,0,2,2,180,90,90,0
370300,2027,1,6,0,0,0,0,0,91,91,0,2,2,180,90,90,0
370400,2027,1,6,0,0,0,0,0,91,91,0,2,2,180,90,90,0
370500,2027,1,6,0,0,0,0,0,91,91,0,2,2,180,90,90,0
370600,2027,1,6,0,0,0,0,0,91,91,0,2,2,180,90,90,0
370700,2027,1,6,0,0,0,0,0,91,91,0,2,2,180,90,90,0
370800,2027,1,6,0,0,0,0,0,91,91,0,2,2,180,90,90,0
370900,2027,1,6,0,0,0,0,0,91,91,0,2,2,180,90,90,0
371000,2027,1,6,0,0,0,0,0,91,91,0,2,2,180,90,90,0
371100,2027,1,7,0,0,0,0,0,91,91,0,2,2,180,90,90,0
371200,2027,1,7,0,0,0,0,0,91,91,0,2,2,180,90,90,0
371300,2027,1,7,0,0,0,0,0,91,91,0,2,2,180,90,90,0
371400,2027,1,7,0,0,0,0,0,91,91,0,2,2,180,90,90,0
371500,2027,1,7,0,0,0,0,0,91,91,0,2,2,180,90,90,0
371600,2027,1,7,0,0,0,0,0,91,91,0,2,2,180,90,90,0
371700,2027,1,7,0,0,0,0,0,91,91,0,2,2,180,90,90,0
371800,2027,1,7,0,0,0,0,0,91,91,0,2,2,180,90,90,0
371900,2027,1,7,0,0,0,0,0,91,91,0,2,2,180,90,90,0
372000,2027,1,7,0,0,0,0,0,91,91,0,2,2,180,90,90,0
372100,2027,1,8,0,0,0,0,0,91,91,0,2,2,180,90,90,0
372200,2027,1,8,0,0,0,0,0,91,91,0,2,2,180,90,90,0
372300,2027,1,8,0,0,0,0,0,91,91,0,2,2,180,90,90,0
372400,2027,1,8,0,0,0,0,0,91,91,0,2,2,180,90,90,0
372500,2027,1,8,0,0,0,0,0,91,91,0,2,2,180,90,90,0
372600,2027,1,8,0,0,0,0,0,91,91,0,2,2,180,90,90,0
372700,2027,1,8,0,0,0,0,0,91,91,0,2,2,180,90,90,0
372800,2027,1,8,0,0,0,0,0,91,91,0,2,2,180,90,90,0
372900,2027,1,8,0,0,0,0,0,91,91,0,2,2,180,90,90,0
373000,2027,1,8,0,0,0,0,0,91,91,0,2,2,180,90,90,0
373100,2027,1,9,0,0,0,0,0,91,91,0,2,2,180,90,90,0
373200,2027,1,9,0,0,0,0,0,91,91,0,2,2,180,90,90,0
373300,2027,1,9,0,0,0,0,0,91,91,0,2,2,180,90,90,0
373400,2027,1,9,0,0,0,0,0,91,91,0,2,2,180,90,90,0
373500,2027,1,9,0,0,0,0,0,91,91,0,2,2,180,90,90,0
373600,2027,1,9,0,0,0,0,0,91,91,0,2,2,180,90,90,0
373700,2027,1,9,0,0,0,0,0,91,91,0,2,2,180,90,90,0
373800,2027,1,9,0,0,0,0,0,91,91,0,2,2,180,90,90,0
373900,2027,1,9,0,0,0,0,0,91,91,0,2,2,180,90,90,0
374000,2027,1,9,0,0,0,0,0,91,91,0,2,2,180,90,90,0
374100,2027,1,10,0,0,0,0,0,91,91,0,2,2,180,90,90,0
374200,2027,1,10,0,0,0,0,0,91,91,0,2,2,180,90,90,0
374300,2027,1,10,0,0,0,0,0,91,91,0,2,2,180,90,90,0
374400,2027,1,10,0,0,0,0,0,91,91,0,2,2,180,90,90,0
374500,2027,1,10,0,0,0,0,0,91,91,0,2,2,180,90,90,0
374600,2027,1,10,0,0,0,0,0,91,91,0,2,2,180,90,90,0
374700,2027,1,10,0,0,0,0,0,91,91,0,2,2,180,90,90,0
374800,2027,1,10,0,0,0,0,0,91,91,0,2,2,180,90,90,0
374900,2027,1,10,0,0,0,0,0,91,91,0,2,2,180,90,90,0
375000,2027,1,10,0,0,0,0,0,91,91,0,2,2,180,90,90,0
375100,2027,1,11,0,0,0,0,0,91,91,0,2,2,180,90,90,0
375200,2027,1,11,0,0,0,0,0,91,91,0,2,2,180,90,90,0
375300,2027,1,11,0,0,0,0,0,91,91,0,2,2,180,90,90,0
375400,2027,1,11,0,0,0,0,0,91,91,0,2,2,180,90,90,0
375500,2027,1,11,0,0,0,0,0,91,91,0,2,2,180,90,90,0
375600,2027,1,11,0,0,0,0,0,91,91,0,2,2,180,90,90,0
375700,2027,1,11,0,0,0,0,0,91,91,0,2,2,180,90,90,0
375800,2027,1,11,0,0,0,0,0,91,91,0,2,2,180,90,90,0
375900,2027,1,11,0,0,0,0,0,91,91,0,2,2,180,90,90,0
376000,2027,1,11,0,0,0,0,0,91,91,0,2,2,180,90,90,0
376100,2027,1,12,0,0,0,0,0,91,91,0,2,2,180,90,90,0
376200,2027,1,12,0,0,0,0,0,91,91,0,2,2,180,90,90,0
376300,2027,1,12,0,0,0,0,0,91,91,0,2,2,180,90,90,0
376400,2027,1,12,0,0,0,0,0,91,91,0,2,2,180,90,90,0
376500,2027,1,12,0,0,0,0,0,91,91,0,2,2,180,90,90,0
376600,2027,1,12,0,0,0,0,0,91,91,0,2,2,180,90,90,0
376700,2027,1,12,0,0,0,0,0,91,91,0,2,2,180,90,90,0
376800,2027,1,12,0,0,0,0,0,91,91,0,2,2,180,90,90,0
376900,2027,1,12,0,0,0,0,0,91,91,0,2,2,180,90,90,0
377000,2027,1,12,0,0,0,0,0,91,91,0,2,2,180,90,90,0
377100,2027,1,13,0,0,0,0,0,91,91,0,2,2,180,90,90,0
377200,2027,1,13,0,0,0,0,0,91,91,0,2,2,180,90,90,0
377300,2027,1,13,0,0,0,0,0,91,91,0,2,2,180,90,90,0
377400,2027,1,13,0,0,0,0,0,91,91,0,2,2,180,90,90,0
377500,2027,1,13,0,0,0,0,0,91,91,0,2,2,180,90,90,0
377600,2027,1,13,0,0,0,0,0,91,91,0,2,2,180,90,90,0
377700,2027,1,13,0,0,0,0,0,91,91,0,2,2,180,90,90,0
377800,2027,1,13,0,0,0,0,0,91,91,0,2,2,180,90,90,0
377900,2027,1,13,0,0,0,0,0,91,91,0,2,2,180,90,90,0
378000,2027,1,13,0,0,0,0,0,91,91,0,2,2,180,90,90,0
378100,2027,1,14,0,0,0,0,0,91,91,0,2,2,180,90,90,0
378200,2027,1,14,0,0,0,0,0,91,91,0,2,2,180,90,90,0
378300,2027,1,14,0,0,0,0,0,91,91,0,2,2,180,90,90,0
378400,2027,1,14,0,0,0,0,0,91,91,0,2,2,180,90,90,0
378500,2027,1,14,0,0,0,0,0,91,91,0,2,2,180,90,90,0
378600,2027,1,14,0,0,0,0,0,91,91,0,2,2,180,90,90,0
378700,2027,1,14,0,0,0,0,0,91,91,0,2,2,180,90,90,0
378800,2027,1,14,0,0,0,0,0,91,91,0,2,2,180,90,90,0
378900,2027,1,14,0,0,0,0,0,91,91,0,2,2,180,90,90,0
379000,2027,1,14,0,0,0,0,0,91,91,0,2,2,180,90,90,0
379100,2027,1,15,0,0,0,0,0,91,91,0,2,2,180,90,90,0
379200,2027,1,15,0,0,0,0,0,91,91,0,2,2,180,90,90,0
379300,2027,1,15,0,0,0,0,0,91,91,0,2,2,180,90,90,0
379400,2027,1,15,0,0,0,0,0,91,91,0,2,2,180,90,90,0
379500,2027,1,15,0,0,0,0,0,91,91,0,2,2,180,90,90,0
379600,2027,1,15,0,0,0,0,0,91,91,0,2,2,180,90,90,0
379700,2027,1,15,0,0,0,0,0,91,91,0,2,2,180,90,90,0
379800,2027,1,15,0,0,0,0,0,91,91,0,2,2,180,90,90,0
379900,2027,1,15,0,0,0,0,0,91,91,0,2,2,180,90,90,0
380000,2027,1,15,0,0,0,0,0,91,91,0,2,2,180,90,90,0
380100,2027,1,16,0,0,0,0,0,91,91,0,2,2,180,90,90,0
380200,2027,1,16,0,0,0,0,0,91,91,0,2,2,180,90,90,0
380300,2027,1,16,0,0,0,0,0,91,91,0,2,2,180,90,90,0
380400,2027,1,16,0,0,0,0,0,91,91,0,2,2,180,90,90,0
380500,2027,1,16,0,0,0,0,0,91,91,0,2,2,180,90,90,0
380600,2027,1,16,0,0,0,0,0,91,91,0,2,2,180,90,90,0
380700,2027,1,16,0,0,0,0,0,91,91,0,2,2,180,90,90,0
380800,2027,1,16,0,0,0,0,0,91,91,0,2,2,180,90,90,0
380900,2027,1,16,0,0,0,0,0,91,91,0,2,2,180,90,90,0
381000,2027,1,16,0,0,0,0,0,91,91,0,2,2,180,90,90,0
381100,2027,1,17,0,0,0,0,0,91,91,0,2,2,180,90,90,0
381200,2027,1,17,0,0,0,0,0,91,91,0,2,2,180,90,90,0
381300,2027,1,17,0,0,0,0,0,91,91,0,2,2,180,90,90,0
381400,2027,1,17,0,0,0,0,0,91,91,0,2,2,180,90,90,0
381500,2027,1,17,0,0,0,0,0,91,91,0,2,2,180,90,90,0
381600,2027,1,17,0,0,0,0,0,91,91,0,2,2,180,90,90,0
381700,2027,1,17,0,0,0,0,0,91,91,0,2,2,180,90,90,0
381800,2027,1,17,0,0,0,0,0,91,91,0,2,2,180,90,90,0
381900,2027,1,17,0,0,0,0,0,91,91,0,2,2,180,90,90,0
382000,2027,1,17,0,0,0,0,0,91,91,0,2,2,180,90,90,0
382100,2027,1,18,0,0,0,0,0,91,91,0,2,2,180,90,90,0
382200,2027,1,18,0,0,0,0,0,91,91,0,2,2,180,90,90,0
382300,2027,1,18,0,0,0,0,0,91,91,0,2,2,180,90,90,0
382400,2027,1,18,0,0,0,0,0,91,91,0,2,2,180,90,90,0
382500,2027,1,18,0,0,0,0,0,91,91,0,2,2,180,90,90,0
382600,2027,1,18,0,0,0,0,0,91,91,0,2,2,180,90,90,0
382700,2027,1,18,0,0,0,0,0,91,91,0,2,2,180,90,90,0
382800,2027,1,18,0,0,0,0,0,91,91,0,2,2,180,90,90,0
382900,2027,1,18,0,0,0,0,0,91,91,0,2,2,180,90,90,0
383000,2027,1,18,0,0,0,0,0,91,91,0,2,2,180,90,90,0
383100,2027,1,19,0,0,0,0,0,91,91,0,2,2,180,90,90,0
383200,2027,1,19,0,0,0,0,0,91,91,0,2,2,180,90,90,0
383300,2027,1,19,0,0,0,0,0,91,91,0,2,2,180,90,90,0
383400,2027,1,19,0,0,0,0,0,91,91,0,2,2,180,90,90,0
383500,2027,1,19,0,0,0,0,0,91,91,0,2,2,180,90,90,0
383600,2027,1,19,0,0,0,0,0,91,91,0,2,2,180,90,90,0
383700,2027,1,19,0,0,0,0,0,91,91,0,2,2,180,90,90,0
383800,2027,1,19,0,0,0,0,0,91,91,0,2,2,180,90,90,0
383900,2027,1,19,0,0,0,0,0,91,91,0,2,2,180,90,90,0
384000,2027,1,19,0,0,0,0,0,91,91,0,2,2,180,90,90,0
384100,2027,1,20,0,0,0,0,0,91,91,0,2,2,180,90,90,0
384200,2027,1,20,0,0,0,0,0,91,91,0,2,2,180,90,90,0
384300,2027,1,20,0,0,0,0,0,91,91,0,2,2,180,90,90,0
384400,2027,1,20,0,0,0,0,0,91,91,0,2,2,180,90,90,0
384500,2027,1,20,0,0,0,0,0,91,91,0,2,2,180,90,90,0
384600,2027,1,20,0,0,0,0,0,91,91,0,2,2,180,90,90,0
384700,2027,1,20,0,0,0,0,0,91,91,0,2,2,180,90,90,0
384800,2027,1,20,0,0,0,0,0,91,91,0,2,2,180,90,90,0
384900,2027,1,20,0,0,0,0,0,91,91,0,2,2,180,90,90,0
385000,2027,1,20,0,0,0,0,0,91,91,0,2,2,180,90,90,0
385100,2027,1,21,0,0,0,0,0,91,91,0,2,2,180,90,90,0
385200,2027,1,21,0,0,0,0,0,91,91,0,2,2,180,90,90,0
385300,2027,1,21,0,0,0,0,0,91,91,0,2,2,180,90,90,0
385400,2027,1,21,0,0,0,0,0,91,91,0,2,2,180,90,90,0
385500,2027,1,21,0,0,0,0,0,91,91,0,2,2,180,90,90,0
385600,2027,1,21,0,0,0,0,0,91,91,0,2,2,180,90,90,0
385700,2027,1,21,0,0,0,0,0,91,91,0,2,2,180,90,90,0
385800,2027,1,21,0,0,0,0,0,91,91,0,2,2,180,90,90,0
385900,2027,1,21,0,0,0,0,0,91,91,0,2,2,180,90,90,0
386000,2027,1,21,0,0,0,0,0,91,91,0,2,2,180,90,90,0
386100,2027,1,22,0,0,0,0,0,91,91,0,2,2,180,90,90,0
386200,2027,1,22,0,0,0,0,0,91,91,0,2,2,180,90,90,0
386300,2027,1,22,0,0,0,0,0,91,91,0,2,2,180,90,90,0
386400,2027,1,22,0,0,0,0,0,91,91,0,2,2,180,90,90,0
386500,2027,1,22,0,0,0,0,0,91,91,0,2,2,180,90,90,0
386600,2027,1,22,0,0,0,0,0,91,91,0,2,2,180,90,90,0
386700,2027,1,22,0,0,0,0,0,91,91,0,2,2,180,90,90,0
386800,2027,1,22,0,0,0,0,0,91,91,0,2,2,180,90,90,0
386900,2027,1,22,0,0,0,0,0,91,91,0,2,2,180,90,90,0
387000,2027,1,22,0,0,0,0,0,91,91,0,2,2,180,90,90,0
387100,2027,1,23,0,0,0,0,0,91,91,0,2,2,180,90,90,0
387200,2027,1,23,0,0,0,0,0,91,91,0,2,2,180,90,90,0
387300,2027,1,23,0,0,0,0,0,91,91,0,2,2,180,90,90,0
387400,2027,1,23,0,0,0,0,0,91,91,0,2,2,180,90,90,0
387500,2027,1,23,0,0,0,0,0,91,91,0,2,2,180,90,90,0
387600,2027,1,23,0,0,0,0,0,91,91,0,2,2,180,90,90,0
387700,2027,1,23,0,0,0,0,0,91,91,0,2,2,180,90,90,0
387800,2027,1,23,0,0,0,0,0,91,91,0,2,2,180,90,90,0
387900,2027,1,23,0,0,0,0,0,91,91,0,2,2,180,90,90,0
388000,2027,1,23,0,0,0,0,0,91,91,0,2,2,180,90,90,0
388100,2027,1,24,0,0,0,0,0,91,91,0,2,2,180,90,90,0
388200,2027,1,24,0,0,0,0,0,91,91,0,2,2,180,90,90,0
388300,2027,1,24,0,0,0,0,0,91,91,0,2,2,180,90,90,0
388400,2027,1,24,0,0,0,0,0,91,91,0,2,2,180,90,90,0
388500,2027,1,24,0,0,0,0,0,91,91,0,2,2,180,90,90,0
388600,2027,1,24,0,0,0,0,0,91,91,0,2,2,180,90,90,0
388700,2027,1,24,0,0,0,0,0,91,91,0,2,2,180,90,90,0
388800,2027,1,24,0,0,0,0,0,91,91,0,2,2,180,90,90,0
388900,2027,1,24,0,0,0,0,0,91,91,0,2,2,180,90,90,0
389000,2027,1,24,0,0,0,0,0,91,91,0,2,2,180,90,90,0
389100,2027,1,25,0,0,0,0,0,91,91,0,2,2,180,90,90,0
389200,2027,1,25,0,0,0,0,0,91,91,0,2,2,180,90,90,0
389300,2027,1,25,0,0,0,0,0,91,91,0,2,2,180,90,90,0
389400,2027,1,25,0,0,0,0,0,91,91,0,2,2,180,90,90,0
389500,2027,1,25,0,0,0,0,0,91,91,0,2,2,180,90,90,0
389600,2027,1,25,0,0,0,0,0,91,91,0,2,2,180,90,90,0
389700,2027,1,25,0,0,0,0,0,91,91,0,2,2,180,90,90,0
389800,2027,1,25,0,0,0,0,0,91,91,0,2,2,180,90,90,0
389900,2027,1,25,0,0,0,0,0,91,91,0,2,2,180,90,90,0
390000,2027,1,25,0,0,0,0,0,91,91,0,2,2,180,90,90,0
390100,2027,1,26,0,0,0,0,0,91,91,0,2,2,180,90,90,0
390200,2027,1,26,0,0,0,0,0,91,91,0,2,2,180,90,90,0
390300,2027,1,26,0,0,0,0,0,91,91,0,2,2,180,90,90,0
390400,2027,1,26,0,0,0,0,0,91,91,0,2,2,180,90,90,0
390500,2027,1,26,0,0,0,0,0,91,91,0,2,2,180,90,90,0
390600,2027,1,26,0,0,0,0,0,91,91,0,2,2,180,90,90,0
390700,2027,1,26,0,0,0,0,0,91,91,0,2,2,180,90,90,0
390800,2027,1,26,0,0,0,0,0,91,91,0,2,2,180,90,90,0
390900,2027,1,26,0,0,0,0,0,91,91,0,2,2,180,90,90,0
391000,2027,1,26,0,0,0,0,0,91,91,0,2,2,180,90,90,0
391100,2027,1,27,0,0,0,0,0,91,91,0,2,2,180,90,90,0
391200,2027,1,27,0,0,0,0,0,91,91,0,2,2,180,90,90,0
391300,2027,1,27,0,0,0,0,0,91,91,0,2,2,180,90,90,0
391400,2027,1,27,0,0,0,0,0,91,91,0,2,2,180,90,90,0
391500,2027,1,27,0,0,0,0,0,91,91,0,2,2,180,90,90,0
391600,2027,1,27,0,0,0,0,0,91,91,0,2,2,180,90,90,0
391700,2027,1,27,0,0,0,0,0,91,91,0,2,2,180,90,90,0
391800,2027,1,27,0,0,0,0,0,91,91,0,2,2,180,90,90,0
391900,2027,1,27,0,0,0,0,0,91,91,0,2,2,180,90,90,0
392000,2027,1,27,0,0,0,0,0,91,91,0,2,2,180,90,90,0
392100,2027,1,28,0,0,0,0,0,91,91,0,2,2,180,90,90,0
392200,2027,1,28,0,0,0,0,0,91,91,0,2,2,180,90,90,0
392300,2027,1,28,0,0,0,0,0,91,91,0,2,2,180,90,90,0
392400,2027,1,28,0,0,0,0,0,91,91,0,2,2,180,90,90,0
392500,2027,1,28,0,0,0,0,0,91,91,0,2,2,180,90,90,0
392600,2027,1,28,0,0,0,0,0,91,91,0,2,2,180,90,90,0
392700,2027,1,28,0,0,0,0,0,91,91,0,2,2,180,90,90,0
392800,2027,1,28,0,0,0,0,0,91,91,0,2,2,180,90,90,0
392900,2027,1,28,0,0,0,0,0,91,91,0,2,2,180,90,90,0
393000,2027,1,28,0,0,0,0,0,91,91,0,2,2,180,90,90,0
393100,2027,1,29,0,0,0,0,0,91,91,0,2,2,180,90,90,0
393200,2027,1,29,0,0,0,0,0,91,91,0,2,2,180,90,90,0
393300,2027,1,29,0,0,0,0,0,91,91,0,2,2,180,90,90,0
393400,2027,1,29,0,0,0,0,0,91,91,0,2,2,180,90,90,0
393500,2027,1,29,0,0,0,0,0,91,91,0,2,2,180,90,90,0
393600,2027,1,29,0,0,0,0,0,91,91,0,2,2,180,90,90,0
393700,2027,1,29,0,0,0,0,0,91,91,0,2,2,180,90,90,0
393800,2027,1,29,0,0,0,0,0,91,91,0,2,2,180,90,90,0
393900,2027,1,29,0,0,0,0,0,91,91,0,2,2,180,90,90,0
394000,2027,1,29,0,0,0,0,0,91,91,0,2,2,180,90,90,0
394100,2027,1,30,0,0,0,0,0,91,91,0,2,2,180,90,90,0
394200,2027,1,30,0,0,0,0,0,91,91,0,2,2,180,90,90,0
394300,2027,1,30,0,0,0,0,0,91,91,0,2,2,180,90,90,0
394400,2027,1,30,0,0,0,0,0,91,91,0,2,2,180,90,90,0
394500,2027,1,30,0,0,0,0,0,91,91,0,2,2,180,90,90,0
394600,2027,1,30,0,0,0,0,0,91,91,0,2,2,180,90,90,0
394700,2027,1,30,0,0,0,0,0,91,91,0,2,2,180,90,90,0
394800,2027,1,30,0,0,0,0,0,91,91,0,2,2,180,90,90,0
394900,2027,1,30,0,0,0,0,0,91,91,0,2,2,180,90,90,0
395000,2027,1,30,0,0,0,0,0,91,91,0,2,2,180,90,90,0
395100,2027,1,31,0,0,0,0,0,91,91,0,2,2,180,90,90,0
395200,2027,1,31,0,0,0,0,0,91,91,0,2,2,180,90,90,0
395300,2027,1,31,0,0,0,0,0,91,91,0,2,2,180,90,90,0
395400,2027,1,31,0,0,0,0,0,91,91,0,2,2,180,90,90,0
395500,2027,1,31,0,0,0,0,0,91,91,0,2,2,180,90,90,0
395600,2027,1,31,0,0,0,0,0,91,91,0,2,2,180,90,90,0
395700,2027,1,31,0,0,0,0,0,91,91,0,2,2,180,90,90,0
395800,2027,1,31,0,0,0,0,0,91,91,0,2,2,180,90,90,0
395900,2027,1,31,0,0,0,0,0,91,91,0,2,2,180,90,90,0
396000,2027,1,31,0,0,0,0,0,91,91,0,2,2,180,90,90,0
396100,2027,2,1,0,0,0,0,0,91,91,0,2,2,180,90,90,0
396200,2027,2,1,0,0,0,0,0,91,91,0,2,2,180,90,90,0
396300,2027,2,1,0,0,0,0,0,91,91,0,2,2,180,90,90,0
396400,2027,2,1,0,0,0,0,0,91,91,0,2,2,180,90,90,0
396500,2027,2,1,0,0,0,0,0,91,91,0,2,2,180,90,90,0
396600,2027,2,1,0,0,0,0,0,91,91,0,2,2,180,90,90,0
396700,2027,2,1,0,0,0,0,0,91,91,0,2,2,180,90,90,0
396800,2027,2,1,0,0,0,0,0,91,91,0,2,2,180,90,90,0
396900,2027,2,1,0,0,0,0,0,91,91,0,2,2,180,90,90,0
397000,2027,2,1,0,0,0,0,0,91,91,0,2,2,180,90,90,0
397100,2027,2,2,0,0,0,0,0,91,91,0,2,2,180,90,90,0
397200,2027,2,2,0,0,0,0,0,91,91,0,2,2,180,90,90,0
397300,2027,2,2,0,0,0,0,0,91,91,0,2,2,180,90,90,0
397400,2027,2,2,0,0,0,0,0,91,91,0,2,2,180,90,90,0
397500,2027,2,2,0,0,0,0,0,91,91,0,2,2,180,90,90,0
397600,2027,2,2,0,0,0,0,0,91,91,0,2,2,180,90,90,0
397700,2027,2,2,0,0,0,0,0,91,91,0,2,2,180,90,90,0
397800,2027,2,2,0,0,0,0,0,91,91,0,2,2,180,90,90,0
397900,2027,2,2,0,0,0,0,0,91,91,0,2,2,180,90,90,0
398000,2027,2,2,0,0,0,0,0,91,91,0,2,2,180,90,90,0
398100,2027,2,3,0,0,0,0,0,91,91,0,2,2,180,90,90,0
398200,2027,2,3,0,0,0,0,0,91,91,0,2,2,180,90,90,0
398300,2027,2,3,0,0,0,0,0,91,91,0,2,2,180,90,90,0
398400,2027,2,3,0,0,0,0,0,91,91,0,2,2,180,90,90,0
398500,2027,2,3,0,0,0,0,0,91,91,0,2,2,180,90,90,0
398600,2027,2,3,0,0,0,0,0,91,91,0,2,2,180,90,90,0
398700,2027,2,3,0,0,0,0,0,91,91,0,2,2,180,90,90,0
398800,2027,2,3,0,0,0,0,0,91,91,0,2,2,180,90,90,0
398900,2027,2,3,0,0,0,0,0,91,91,0,2,2,180,90,90,0
399000,2027,2,3,0,0,0,0,0,91,91,0,2,2,180,90,90,0
399100,2027,2,4,0,0,0,0,0,91,91,0,2,2,180,90,90,0
399200,2027,2,4,0,0,0,0,0,91,91,0,2,2,180,90,90,0
399300,2027,2,4,0,0,0,0,0,91,91,0,2,2,180,90,90,0
399400,2027,2,4,0,0,0,0,0,91,91,0,2,2,180,90,90,0
399500,2027,2,4,0,0,0,0,0,91,91,0,2,2,180,90,90,0
399600,2027,2,4,0,0,0,0,0,91,91,0,2,2,180,90,90,0
399700,2027,2,4,0,0,0,0,0,91,91,0,2,2,180,90,90,0
399800,2027,2,4,0,0,0,0,0,91,91,0,2,2,180,90,90,0
399900,2027,2,4,0,0,0,0,0,91,91,0,2,2,180,90,90,0
400000,2027,2,4,0,0,0,0,0,91,91,0,2,2,180,90,90,0
400100,2027,2,5,0,0,0,0,0,91,91,0,2,2,180,90,90,0
400200,2027,2,5,0,0,0,0,0,91,91,0,2,2,180,90,90,0
400300,2027,2,5,0,0,0,0,0,91,91,0,2,2,180,90,90,0
400400,2027,2,5,0,0,0,0,0,91,91,0,2,2,180,90,90,0
400500,2027,2,5,0,0,0,0,0,91,91,0,2,2,180,90,90,0
400600,2027,2,5,0,0,0,0,0,91,91,0,2,2,180,90,90,0
400700,2027,2,5,0,0,0,0,0,91,91,0,2,2,180,90,90,0
400800,2027,2,5,0,0,0,0,0,91,91,0,2,2,180,90,90,0
400900,2027,2,5,0,0,0,0,0,91,91,0,2,2,180,90,90,0
401000,2027,2,5,0,0,0,0,0,91,91,0,2,2,180,90,90,0
401100,2027,2,6,0,0,0,0,0,91,91,0,2,2,180,90,90,0
401200,2027,2,6,0,0,0,0,0,91,91,0,2,2,180,90,90,0
401300,2027,2,6,0,0,0,0,0,91,91,0,2,2,180,90,90,0
401400,2027,2,6,0,0,0,0,0,91,91,0,2,2,180,90,90,0
401500,2027,2,6,0,0,0,0,0,91,91,0,2,2,180,90,90,0
401600,2027,2,6,0,0,0,0,0,91,91,0,2,2,180,90,90,0
401700,2027,2,6,0,0,0,0,0,91,91,0,2,2,180,90,90,0
401800,2027,2,6,0,0,0,0,0,91,91,0,2,2,180,90,90,0
401900,2027,2,6,0,0,0,0,0,91,91,0,2,2,180,90,90,0
402000,2027,2,6,0,0,0,0,0,91,91,0,2,2,180,90,90,0
402100,2027,2,7,0,0,0,0,0,91,91,0,2,2,180,90,90,0
402200,2027,2,7,0,0,0,0,0,91,91,0,2,2,180,90,90,0
402300,2027,2,7,0,0,0,0,0,91,91,0,2,2,180,90,90,0
402400,2027,2,7,0,0,0,0,0,91,91,0,2,2,180,90,90,0
402500,2027,2,7,0,0,0,0,0,91,91,0,2,2,180,90,90,0
402600,2027,2,7,0,0,0,0,0,91,91,0,2,2,180,90,90,0
402700,2027,2,7,0,0,0,0,0,91,91,0,2,2,180,90,90,0
402800,2027,2,7,0,0,0,0,0,91,91,0,2,2,180,90,90,0
402900,2027,2,7,0,0,0,0,0,91,91,0,2,2,180,90,90,0
403000,2027,2,7,0,0,0,0,0,91,91,0,2,2,180,90,90,0
403100,2027,2,8,0,0,0,0,0,91,91,0,2,2,180,90,90,0
403200,2027,2,8,0,0,0,0,0,91,91,0,2,2,180,90,90,0
403300,2027,2,8,0,0,0,0,0,91,91,0,2,2,180,90,90,0
403400,2027,2,8,0,0,0,0,0,91,91,0,2,2,180,90,90,0
403500,2027,2,8,0,0,0,0,0,91,91,0,2,2,180,90,90,0
403600,2027,2,8,0,0,0,0,0,91,91,0,2,2,180,90,90,0
403700,2027,2,8,0,0,0,0,0,91,91,0,2,2,180,90,90,0
403800,2027,2,8,0,0,0,0,0,91,91,0,2,2,180,90,90,0
403900,2027,2,8,0,0,0,0,0,91,91,0,2,2,180,90,90,0
404000,2027,2,8,0,0,0,0,0,91,91,0,2,2,180,90,90,0
404100,2027,2,9,0,0,0,0,0,91,91,0,2,2,180,90,90,0
404200,2027,2,9,0,0,0,0,0,91,91,0,2,2,180,90,90,0
404300,2027,2,9,0,0,0,0,0,91,91,0,2,2,180,90,90,0
404400,2027,2,9,0,0,0,0,0,91,91,0,2,2,180,90,90,0
404500,2027,2,9,0,0,0,0,0,91,91,0,2,2,180,90,90,0
404600,2027,2,9,0,0,0,0,0,91,91,0,2,2,180,90,90,0
404700,2027,2,9,0,0,0,0,0,91,91,0,2,2,180,90,90,0
404800,2027,2,9,0,0,0,0,0,91,91,0,2,2,180,90,90,0
404900,2027,2,9,0,0,0,0,0,91,91,0,2,2,180,90,90,0
405000,2027,2,9,0,0,0,0,0,91,91,0,2,2,180,90,90,0
405100,2027,2,10,0,0,0,0,0,91,91,0,2,2,180,90,90,0
405200,2027,2,10,0,0,0,0,0,91,91,0,2,2,180,90,90,0
405300,2027,2,10,0,0,0,0,0,91,91,0,2,2,180,90,90,0
405400,2027,2,10,0,0,0,0,0,91,91,0,2,2,180,90,90,0
405500,2027,2,10,0,0,0,0,0,91,91,0,2,2,180,90,90,0
405600,2027,2,10,0,0,0,0,0,91,91,0,2,2,180,90,90,0
405700,2027,2,10,0,0,0,0,0,91,91,0,2,2,180,90,90,0
405800,2027,2,10,0,0,0,0,0,91,91,0,2,2,180,90,90,0
405900,2027,2,10,0,0,0,0,0,91,91,0,2,2,180,90,90,0
406000,2027,2,10,0,0,0,0,0,91,91,0,2,2,180,90,90,0
406100,2027,2,11,0,0,0,0,0,91,91,0,2,2,180,90,90,0
406200,2027,2,11,0,0,0,0,0,91,91,0,2,2,180,90,90,0
406300,2027,2,11,0,0,0,0,0,91,91,0,2,2,180,90,90,0
406400,2027,2,11,0,0,0,0,0,91,91,0,2,2,180,90,90,0
406500,2027,2,11,0,0,0,0,0,91,91,0,2,2,180,90,90,0
406600,2027,2,11,0,0,0,0,0,91,91,0,2,2,180,90,90,0
406700,2027,2,11,0,0,0,0,0,91,91,0,2,2,180,90,90,0
406800,2027,2,11,0,0,0,0,0,91,91,0,2,2,180,90,90,0
406900,2027,2,11,0,0,0,0,0,91,91,0,2,2,180,90,90,0
407000,2027,2,11,0,0,0,0,0,91,91,0,2,2,180,90,90,0
407100,2027,2,12,0,0,0,0,0,91,91,0,2,2,180,90,90,0
407200,2027,2,12,0,0,0,0,0,91,91,0,2,2,180,90,90,0
407300,2027,2,12,0,0,0,0,0,91,91,0,2,2,180,90,90,0
407400,2027,2,12,0,0,0,0,0,91,91,0,2,2,180,90,90,0
407500,2027,2,12,0,0,0,0,0,91,91,0,2,2,180,90,90,0
407600,2027,2,12,0,0,0,0,0,91,91,0,2,2,180,90,90,0
407700,2027,2,12,0,0,0,0,0,91,91,0,2,2,180,90,90,0
407800,2027,2,12,0,0,0,0,0,91,91,0,2,2,180,90,90,0
407900,2027,2,12,0,0,0,0,0,91,91,0,2,2,180,90,90,0
408000,2027,2,12,0,0,0,0,0,91,91,0,2,2,180,90,90,0
408100,2027,2,13,0,0,0,0,0,91,91,0,2,2,180,90,90,0
408200,2027,2,13,0,0,0,0,0,91,91,0,2,2,180,90,90,0
408300,2027,2,13,0,0,0,0,0,91,91,0,2,2,180,90,90,0
408400,2027,2,13,0,0,0,0,0,91,91,0,2,2,180,90,90,0
408500,2027,2,13,0,0,0,0,0,91,91,0,2,2,180,90,90,0
408600,2027,2,13,0,0,0,0,0,91,91,0,2,2,180,90,90,0
408700,2027,2,13,0,0,0,0,0,91,91,0,2,2,180,90,90,0
408800,2027,2,13,0,0,0,0,0,91,91,0,2,2,180,90,90,0
408900,2027,2,13,0,0,0,0,0,91,91,0,2,2,180,90,90,0
409000,2027,2,13,0,0,0,0,0,91,91,0,2,2,180,90,90,0
409100,2027,2,14,0,0,0,0,0,91,91,0,2,2,180,90,90,0
409200,2027,2,14,0,0,0,0,0,91,91,0,2,2,180,90,90,0
409300,2027,2,14,0,0,0,0,0,91,91,0,2,2,180,90,90,0
409400,2027,2,14,0,0,0,0,0,91,91,0,2,2,180,90,90,0
409500,2027,2,14,0,0,0,0,0,91,91,0,2,2,180,90,90,0
409600,2027,2,14,0,0,0,0,0,91,91,0,2,2,180,90,90,0
409700,2027,2,14,0,0,0,0,0,91,91,0,2,2,180,90,90,0
409800,2027,2,14,0,0,0,0,0,91,91,0,2,2,180,90,90,0
409900,2027,2,14,0,0,0,0,0,91,91,0,2,2,180,90,90,0
410000,2027,2,14,0,0,0,0,0,91,91,0,2,2,180,90,90,0
410100,2027,2,15,0,0,0,0,0,91,91,0,2,2,180,90,90,0
410200,2027,2,15,0,0,0,0,0,91,91,0,2,2,180,90,90,0
410300,2027,2,15,0,0,0,0,0,91,91,0,2,2,180,90,90,0
410400,2027,2,15,0,0,0,0,0,91,91,0,2,2,180,90,90,0
410500,2027,2,15,0,0,0,0,0,91,91,0,2,2,180,90,90,0
410600,2027,2,15,0,0,0,0,0,91,91,0,2,2,180,90,90,0
410700,2027,2,15,0,0,0,0,0,91,91,0,2,2,180,90,90,0
410800,2027,2,15,0,0,0,0,0,91,91,0,2,2,180,90,90,0
410900,2027,2,15,0,0,0,0,0,91,91,0,2,2,180,90,90,0
411000,2027,2,15,0,0,0,0,0,91,91,0,2,2,180,90,90,0
411100,2027,2,16,0,0,0,0,0,91,91,0,2,2,180,90,90,0
411200,2027,2,16,0,0,0,0,0,91,91,0,2,2,180,90,90,0
411300,2027,2,16,0,0,0,0,0,91,91,0,2,2,180,90,90,0
411400,2027,2,16,0,0,0,0,0,91,91,0,2,2,180,90,90,0
411500,2027,2,16,0,0,0,0,0,91,91,0,2,2,180,90,90,0
411600,2027,2,16,0,0,0,0,0,91,91,0,2,2,180,90,90,0
411700,2027,2,16,0,0,0,0,0,91,91,0,2,2,180,90,90,0
411800,2027,2,16,0,0,0,0,0,91,91,0,2,2,180,90,90,0
411900,2027,2,16,0,0,0,0,0,91,91,0,2,2,180,90,90,0
412000,2027,2,16,0,0,0,0,0,91,91,0,2,2,180,90,90,0
412100,2027,2,17,0,0,0,0,0,91,91,0,2,2,180,90,90,0
412200,2027,2,17,0,0,0,0,0,91,91,0,2,2,180,90,90,0
412300,2027,2,17,0,0,0,0,0,91,91,0,2,2,180,90,90,0
412400,2027,2,17,0,0,0,0,0,91,91,0,2,2,180,90,90,0
412500,2027,2,17,0,0,0,0,0,91,91,0,2,2,180,90,90,0
412600,2027,2,17,0,0,0,0,0,91,91,0,2,2,180,90,90,0
412700,2027,2,17,0,0,0,0,0,91,91,0,2,2,180,90,90,0
412800,2027,2,17,0,0,0,0,0,91,91,0,2,2,180,90,90,0
412900,2027,2,17,0,0,0,0,0,91,91,0,2,2,180,90,90,0
413000,2027,2,17,0,0,0,0,0,91,91,0,2,2,180,90,90,0
413100,2027,2,18,0,0,0,0,0,91,91,0,2,2,180,90,90,0
413200,2027,2,18,0,0,0,0,0,91,91,0,2,2,180,90,90,0
413300,2027,2,18,0,0,0,0,0,91,91,0,2,2,180,90,90,0
413400,2027,2,18,0,0,0,0,0,91,91,0,2,2,180,90,90,0
413500,2027,2,18,0,0,0,0,0,91,91,0,2,2,180,90,90,0
413600,2027,2,18,0,0,0,0,0,91,91,0,2,2,180,90,90,0
413700,2027,2,18,0,0,0,0,0,91,91,0,2,2,180,90,90,0
413800,2027,2,18,0,0,0,0,0,91,91,0,2,2,180,90,90,0
413900,2027,2,18,0,0,0,0,0,91,91,0,2,2,180,90,90,0
414000,2027,2,18,0,0,0,0,0,91,91,0,2,2,180,90,90,0
414100,2027,2,19,0,0,0,0,0,91,91,0,2,2,180,90,90,0
414200,2027,2,19,0,0,0,0,0,91,91,0,2,2,180,90,90,0
414300,2027,2,19,0,0,0,0,0,91,91,0,2,2,180,90,90,0
414400,2027,2,19,0,0,0,0,0,91,91,0,2,2,180,90,90,0
414500,2027,2,19,0,0,0,0,0,91,91,0,2,2,180,90,90,0
414600,2027,2,19,0,0,0,0,0,91,91,0,2,2,180,90,90,0
414700,2027,2,19,0,0,0,0,0,91,91,0,2,2,180,90,90,0
414800,2027,2,19,0,0,0,0,0,91,91,0,2,2,180,90,90,0
414900,2027,2,19,0,0,0,0,0,91,91,0,2,2,180,90,90,0
415000,2027,2,19,0,0,0,0,0,91,91,0,2,2,180,90,90,0
415100,2027,2,20,0,0,0,0,0,91,91,0,2,2,180,90,90,0
415200,2027,2,20,0,0,0,0,0,91,91,0,2,2,180,90,90,0
415300,2027,2,20,0,0,0,0,0,91,91,0,2,2,180,90,90,0
415400,2027,2,20,0,0,0,0,0,91,91,0,2,2,180,90,90,0
415500,2027,2,20,0,0,0,0,0,91,91,0,2,2,180,90,90,0
415600,2027,2,20,0,0,0,0,0,91,91,0,2,2,180,90,90,0
415700,2027,2,20,0,0,0,0,0,91,91,0,2,2,180,90,90,0
415800,2027,2,20,0,0,0,0,0,91,91,0,2,2,180,90,90,0
415900,2027,2,20,0,0,0,0,0,91,91,0,2,2,180,90,90,0
416000,2027,2,20,0,0,0,0,0,91,91,0,2,2,180,90,90,0
416100,2027,2,21,0,0,0,0,0,91,91,0,2,2,180,90,90,0
416200,2027,2,21,0,0,0,0,0,91,91,0,2,2,180,90,90,0
416300,2027,2,21,0,0,0,0,0,91,91,0,2,2,180,90,90,0
416400,2027,2,21,0,0,0,0,0,91,91,0,2,2,180,90,90,0
416500,2027,2,21,0,0,0,0,0,91,91,0,2,2,180,90,90,0
416600,2027,2,21,0,0,0,0,0,91,91,0,2,2,180,90,90,0
416700,2027,2,21,0,0,0,0,0,91,91,0,2,2,180,90,90,0
416800,2027,2,21,0,0,0,0,0,91,91,0,2,2,180,90,90,0
416900,2027,2,21,0,0,0,0,0,91,91,0,2,2,180,90,90,0
417000,2027,2,21,0,0,0,0,0,91,91,0,2,2,180,90,90,0
417100,2027,2,22,0,0,0,0,0,91,91,0,2,2,180,90,90,0
417200,2027,2,22,0,0,0,0,0,91,91,0,2,2,180,90,90,0
417300,2027,2,22,0,0,0,0,0,91,91,0,2,2,180,90,90,0
417400,2027,2,22,0,0,0,0,0,91,91,0,2,2,180,90,90,0
417500,2027,2,22,0,0,0,0,0,91,91,0,2,2,180,90,90,0
417600,2027,2,22,0,0,0,0,0,91,91,0,2,2,180,90,90,0
417700,2027,2,22,0,0,0,0,0,91,91,0,2,2,180,90,90,0
417800,2027,2,22,0,0,0,0,0,91,91,0,2,2,180,90,90,0
417900,2027,2,22,0,0,0,0,0,91,91,0,2,2,180,90,90,0
418000,2027,2,22,0,0,0,0,0,91,91,0,2,2,180,90,90,0
418100,2027,2,23,0,0,0,0,0,91,91,0,2,2,180,90,90,0
418200,2027,2,23,0,0,0,0,0,91,91,0,2,2,180,90,90,0
418300,2027,2,23,0,0,0,0,0,91,91,0,2,2,180,90,90,0
418400,2027,2,23,0,0,0,0,0,91,91,0,2,2,180,90,90,0
418500,2027,2,23,0,0,0,0,0,91,91,0,2,2,180,90,90,0
418600,2027,2,23,0,0,0,0,0,91,91,0,2,2,180,90,90,0
418700,2027,2,23,0,0,0,0,0,91,91,0,2,2,180,90,90,0
418800,2027,2,23,0,0,0,0,0,91,91,0,2,2,180,90,90,0
418900,2027,2,23,0,0,0,0,0,91,91,0,2,2,180,90,90,0
419000,2027,2,23,0,0,0,0,0,91,91,0,2,2,180,90,90,0
419100,2027,2,24,0,0,0,0,0,91,91,0,2,2,180,90,90,0
419200,2027,2,24,0,0,0,0,0,91,91,0,2,2,180,90,90,0
419300,2027,2,24,0,0,0,0,0,91,91,0,2,2,180,90,90,0
419400,2027,2,24,0,0,0,0,0,91,91,0,2,2,180,90,90,0
419500,2027,2,24,0,0,0,0,0,91,91,0,2,2,180,90,90,0
419600,2027,2,24,0,0,0,0,0,91,91,0,2,2,180,90,90,0
419700,2027,2,24,0,0,0,0,0,91,91,0,2,2,180,90,90,0
419800,2027,2,24,0,0,0,0,0,91,91,0,2,2,180,90,90,0
419900,2027,2,24,0,0,0,0,0,91,91,0,2,2,180,90,90,0
420000,2027,2,24,0,0,0,0,0,91,91,0,2,2,180,90,90,0
420100,2027,2,25,0,0,0,0,0,91,91,0,2,2,180,90,90,0
420200,2027,2,25,0,0,0,0,0,91,91,0,2,2,180,90,90,0
420300,2027,2,25,0,0,0,0,0,91,91,0,2,2,180,90,90,0
420400,2027,2,25,0,0,0,0,0,91,91,0,2,2,180,90,90,0
420500,2027,2,25,0,0,0,0,0,91,91,0,2,2,180,90,90,0
420600,2027,2,25,0,0,0,0,0,91,91,0,2,2,180,90,90,0
420700,2027,2,25,0,0,0,0,0,91,91,0,2,2,180,90,90,0
420800,2027,2,25,0,0,0,0,0,91,91,0,2,2,180,90,90,0
420900,2027,2,25,0,0,0,0,0,91,91,0,2,2,180,90,90,0
421000,2027,2,25,0,0,0,0,0,91,91,0,2,2,180,90,90,0
421100,2027,2,26,0,0,0,0,0,91,91,0,2,2,180,90,90,0
421200,2027,2,26,0,0,0,0,0,91,91,0,2,2,180,90,90,0
421300,2027,2,26,0,0,0,0,0,91,91,0,2,2,180,90,90,0
421400,2027,2,26,0,0,0,0,0,91,91,0,2,2,180,90,90,0
421500,2027,2,26,0,0,0,0,0,91,91,0,2,2,180,90,90,0
421600,2027,2,26,0,0,0,0,0,91,91,0,2,2,180,90,90,0
421700,2027,2,26,0,0,0,0,0,91,91,0,2,2,180,90,90,0
421800,2027,2,26,0,0,0,0,0,91,91,0,2,2,180,90,90,0
421900,2027,2,26,0,0,0,0,0,91,91,0,2,2,180,90,90,0
422000,2027,2,26,0,0,0,0,0,91,91,0,2,2,180,90,90,0
422100,2027,2,27,0,0,0,0,0,91,91,0,2,2,180,90,90,0
422200,2027,2,27,0,0,0,0,0,91,91,0,2,2,180,90,90,0
422300,2027,2,27,0,0,0,0,0,91,91,0,2,2,180,90,90,0
422400,2027,2,27,0,0,0,0,0,91,91,0,2,2,180,90,90,0
422500,2027,2,27,0,0,0,0,0,91,91,0,2,2,180,90,90,0
422600,2027,2,27,0,0,0,0,0,91,91,0,2,2,180,90,90,0
422700,2027,2,27,0,0,0,0,0,91,91,0,2,2,180,90,90,0
422800,2027,2,27,0,0,0,0,0,91,91,0,2,2,180,90,90,0
422900,2027,2,27,0,0,0,0,0,91,91,0,2,2,180,90,90,0
423000,2027,2,27,0,0,0,0,0,91,91,0,2,2,180,90,90,0
423100,2027,2,28,0,0,0,0,0,91,91,0,2,2,180,90,90,0
423200,2027,2,28,0,0,0,0,0,91,91,0,2,2,180,90,90,0
423300,2027,2,28,0,0,0,0,0,91,91,0,2,2,180,90,90,0
423400,2027,2,28,0,0,0,0,0,91,91,0,2,2,180,90,90,0
423500,2027,2,28,0,0,0,0,0,91,91,0,2,2,180,90,90,0
423600,2027,2,28,0,0,0,0,0,91,91,0,2,2,180,90,90,0
423700,2027,2,28,0,0,0,0,0,91,91,0,2,2,180,90,90,0
423800,2027,2,28,0,0,0,0,0,91,91,0,2,2,180,90,90,0
423900,2027,2,28,0,0,0,0,0,91,91,0,2,2,180,90,90,0
424000,2027,2,28,0,0,0,0,0,91,91,0,2,2,180,90,90,0
424100,2027,3,1,0,0,0,0,0,91,91,0,2,2,180,90,90,0
424200,2027,3,1,0,0,0,0,0,91,91,0,2,2,180,90,90,0
424300,2027,3,1,0,0,0,0,0,91,91,0,2,2,180,90,90,0
424400,2027,3,1,0,0,0,0,0,91,91,0,2,2,180,90,90,0
424500,2027,3,1,0,0,0,0,0,91,91,0,2,2,180,90,90,0
424600,2027,3,1,0,0,0,0,0,91,91,0,2,2,180,90,90,0
424700,2027,3,1,0,0,0,0,0,91,91,0,2,2,180,90,90,0
424800,2027,3,1,0,0,0,0,0,91,91,0,2,2,180,90,90,0
424900,2027,3,1,0,0,0,0,0,91,91,0,2,2,180,90,90,0
425000,2027,3,1,0,0,0,0,0,91,91,0,2,2,180,90,90,0
425100,2027,3,2,0,0,0,0,0,91,91,0,2,2,180,90,90,0
425200,2027,3,2,0,0,0,0,0,91,91,0,2,2,180,90,90,0
425300,2027,3,2,0,0,0,0,0,91,91,0,2,2,180,90,90,0
425400,2027,3,2,0,0,0,0,0,91,91,0,2,2,180,90,90,0
425500,2027,3,2,0,0,0,0,0,91,91,0,2,2,180,90,90,0
425600,2027,3,2,0,0,0,0,0,91,91,0,2,2,180,90,90,0
425700,2027,3,2,0,0,0,0,0,91,91,0,2,2,180,90,90,0
425800,2027,3,2,0,0,0,0,0,91,91,0,2,2,180,90,90,0
425900,2027,3,2,0,0,0,0,0,91,91,0,2,2,180,90,90,0
426000,2027,3,2,0,0,0,0,0,91,91,0,2,2,180,90,90,0
426100,2027,3,3,0,0,0,0,0,91,91,0,2,2,180,90,90,0
426200,2027,3,3,0,0,0,0,0,91,91,0,2,2,180,90,90,0
426300,2027,3,3,0,0,0,0,0,91,91,0,2,2,180,90,90,0
426400,2027,3,3,0,0,0,0,0,91,91,0,2,2,180,90,90,0
426500,2027,3,3,0,0,0,0,0,91,91,0,2,2,180,90,90,0
426600,2027,3,3,0,0,0,0,0,91,91,0,2,2,180,90,90,0
426700,2027,3,3,0,0,0,0,0,91,91,0,2,2,180,90,90,0
426800,2027,3,3,0,0,0,0,0,91,91,0,2,2,180,90,90,0
426900,2027,3,3,0,0,0,0,0,91,91,0,2,2,180,90,90,0
427000,2027,3,3,0,0,0,0,0,91,91,0,2,2,180,90,90,0
427100,2027,3,4,0,0,0,0,0,91,91,0,2,2,180,90,90,0
427200,2027,3,4,0,0,0,0,0,91,91,0,2,2,180,90,90,0
427300,2027,3,4,0,0,0,0,0,91,91,0,2,2,180,90,90,0
427400,2027,3,4,0,0,0,0,0,91,91,0,2,2,180,90,90,0
427500,2027,3,4,0,0,0,0,0,91,91,0,2,2,180,90,90,0
427600,2027,3,4,0,0,0,0,0,91,91,0,2,2,180,90,90,0
427700,2027,3,4,0,0,0,0,0,91,91,0,2,2,180,90,90,0
427800,2027,3,4,0,0,0,0,0,91,91,0,2,2,180,90,90,0
427900,2027,3,4,0,0,0,0,0,91,91,0,2,2,180,90,90,0
428000,2027,3,4,0,0,0,0,0,91,91,0,2,2,180,90,90,0
428100,2027,3,5,0,0,0,0,0,91,91,0,2,2,180,90,90,0
428200,2027,3,5,0,0,0,0,0,91,91,0,2,2,180,90,90,0
428300,2027,3,5,0,0,0,0,0,91,91,0,2,2,180,90,90,0
428400,2027,3,5,0,0,0,0,0,91,91,0,2,2,180,90,90,0
428500,2027,3,5,0,0,0,0,0,91,91,0,2,2,180,90,90,0
428600,2027,3,5,0,0,0,0,0,91,91,0,2,2,180,90,90,0
428700,2027,3,5,0,0,0,0,0,91,91,0,2,2,180,90,90,0
428800,2027,3,5,0,0,0,0,0,91,91,0,2,2,180,90,90,0
428900,2027,3,5,0,0,0,0,0,91,91,0,2,2,180,90,90,0
429000,2027,3,5,0,0,0,0,0,91,91,0,2,2,180,90,90,0
429100,2027,3,6,0,0,0,0,0,91,91,0,2,2,180,90,90,0
429200,2027,3,6,0,0,0,0,0,91,91,0,2,2,180,90,90,0
429300,2027,3,6,0,0,0,0,0,91,91,0,2,2,180,90,90,0
429400,2027,3,6,0,0,0,0,0,91,91,0,2,2,180,90,90,0
429500,2027,3,6,0,0,0,0,0,91,91,0,2,2,180,90,90,0
429600,2027,3,6,0,0,0,0,0,91,91,0,2,2,180,90,90,0
429700,2027,3,6,0,0,0,0,0,91,91,0,2,2,180,90,90,0
429800,2027,3,6,0,0,0,0,0,91,91,0,2,2,180,90,90,0
429900,2027,3,6,0,0,0,0,0,91,91,0,2,2,180,90,90,0
430000,2027,3,6,0,0,0,0,0,91,91,0,2,2,180,90,90,0
430100,2027,3,7,0,0,0,0,0,91,91,0,2,2,180,90,90,0
430200,2027,3,7,0,0,0,0,0,91,91,0,2,2,180,90,90,0
430300,2027,3,7,0,0,0,0,0,91,91,0,2,2,180,90,90,0
430400,2027,3,7,0,0,0,0,0,91,91,0,2,2,180,90,90,0
430500,2027,3,7,0,0,0,0,0,91,91,0,2,2,180,90,90,0
430600,2027,3,7,0,0,0,0,0,91,91,0,2,2,180,90,90,0
430700,2027,3,7,0,0,0,0,0,91,91,0,2,2,180,90,90,0
430800,2027,3,7,0,0,0,0,0,91,91,0,2,2,180,90,90,0
430900,2027,3,7,0,0,0,0,0,91,91,0,2,2,180,90,90,0
431000,2027,3,7,0,0,0,0,0,91,91,0,2,2,180,90,90,0
431100,2027,3,8,0,0,0,0,0,91,91,0,2,2,180,90,90,0
431200,2027,3,8,0,0,0,0,0,91,91,0,2,2,180,90,90,0
431300,2027,3,8,0,0,0,0,0,91,91,0,2,2,180,90,90,0
431400,2027,3,8,0,0,0,0,0,91,91,0,2,2,180,90,90,0
431500,2027,3,8,0,0,0,0,0,91,91,0,2,2,180,90,90,0
431600,2027,3,8,0,0,0,0,0,91,91,0,2,2,180,90,90,0
431700,2027,3,8,0,0,0,0,0,91,91,0,2,2,180,90,90,0
431800,2027,3,8,0,0,0,0,0,91,91,0,2,2,180,90,90,0
431900,2027,3,8,0,0,0,0,0,91,91,0,2,2,180,90,90,0
432000,2027,3,8,0,0,0,0,0,91,91,0,2,2,180,90,90,0
432100,2027,3,9,0,0,0,0,0,91,91,0,2,2,180,90,90,0
432200,2027,3,9,0,0,0,0,0,91,91,0,2,2,180,90,90,0
432300,2027,3,9,0,0,0,0,0,91,91,0,2,2,180,90,90,0
432400,2027,3,9,0,0,0,0,0,91,91,0,2,2,180,90,90,0
432500,2027,3,9,0,0,0,0,0,91,91,0,2,2,180,90,90,0
432600,2027,3,9,0,0,0,0,0,91,91,0,2,2,180,90,90,0
432700,2027,3,9,0,0,0,0,0,91,91,0,2,2,180,90,90,0
432800,2027,3,9,0,0,0,0,0,91,91,0,2,2,180,90,90,0
432900,2027,3,9,0,0,0,0,0,91,91,0,2,2,180,90,90,0
433000,2027,3,9,0,0,0,0,0,91,91,0,2,2,180,90,90,0
433100,2027,3,10,0,0,0,0,0,91,91,0,2,2,180,90,90,0
433200,2027,3,10,0,0,0,0,0,91,91,0,2,2,180,90,90,0
433300,2027,3,10,0,0,0,0,0,91,91,0,2,2,180,90,90,0
433400,2027,3,10,0,0,0,0,0,91,91,0,2,2,180,90,90,0
433500,2027,3,10,0,0,0,0,0,91,91,0,2,2,180,90,90,0
433600,2027,3,10,0,0,0,0,0,91,91,0,2,2,180,90,90,0
433700,2027,3,10,0,0,0,0,0,91,91,0,2,2,180,90,90,0
433800,2027,3,10,0,0,0,0,0,91,91,0,2,2,180,90,90,0
433900,2027,3,10,0,0,0,0,0,91,91,0,2,2,180,90,90,0
434000,2027,3,10,0,0,0,0,0,91,91,0,2,2,180,90,90,0
434100,2027,3,11,0,0,0,0,0,91,91,0,2,2,180,90,90,0
434200,2027,3,11,0,0,0,0,0,91,91,0,2,2,180,90,90,0
434300,2027,3,11,0,0,0,0,0,91,91,0,2,2,180,90,90,0
434400,2027,3,11,0,0,0,0,0,91,91,0,2,2,180,90,90,0
434500,2027,3,11,0,0,0,0,0,91,91,0,2,2,180,90,90,0
434600,2027,3,11,0,0,0,0,0,91,91,0,2,2,180,90,90,0
434700,2027,3,11,0,0,0,0,0,91,91,0,2,2,180,90,90,0
434800,2027,3,11,0,0,0,0,0,91,91,0,2,2,180,90,90,0
434900,2027,3,11,0,0,0,0,0,91,91,0,2,2,180,90,90,0
435000,2027,3,11,0,0,0,0,0,91,91,0,2,2,180,90,90,0
435100,2027,3,12,0,0,0,0,0,91,91,0,2,2,180,90,90,0
435200,2027,3,12,0,0,0,0,0,91,91,0,2,2,180,90,90,0
435300,2027,3,12,0,0,0,0,0,91,91,0,2,2,180,90,90,0
435400,2027,3,12,0,0,0,0,0,91,91,0,2,2,180,90,90,0
435500,2027,3,12,0,0,0,0,0,91,91,0,2,2,180,90,90,0
435600,2027,3,12,0,0,0,0,0,91,91,0,2,2,180,90,90,0
435700,2027,3,12,0,0,0,0,0,91,91,0,2,2,180,90,90,0
435800,2027,3,12,0,0,0,0,0,91,91,0,2,2,180,90,90,0
435900,2027,3,12,0,0,0,0,0,91,91,0,2,2,180,90,90,0
436000,2027,3,12,0,0,0,0,0,91,91,0,2,2,180,90,90,0
436100,2027,3,13,0,0,0,0,0,91,91,0,2,2,180,90,90,0
436200,2027,3,13,0,0,0,0,0,91,91,0,2,2,180,90,90,0
436300,2027,3,13,0,0,0,0,0,91,91,0,2,2,180,90,90,0
436400,2027,3,13,0,0,0,0,0,91,91,0,2,2,180,90,90,0
436500,2027,3,13,0,0,0,0,0,91,91,0,2,2,180,90,90,0
436600,2027,3,13,0,0,0,0,0,91,91,0,2,2,180,90,90,0
436700,2027,3,13,0,0,0,0,0,91,91,0,2,2,180,90,90,0
436800,2027,3,13,0,0,0,0,0,91,91,0,2,2,180,90,90,0
436900,2027,3,13,0,0,0,0,0,91,91,0,2,2,180,90,90,0
437000,2027,3,13,0,0,0,0,0,91,91,0,2,2,180,90,90,0
437100,2027,3,14,0,0,0,0,0,91,91,0,2,2,180,90,90,0
437200,2027,3,14,0,0,0,0,0,91,91,0,2,2,180,90,90,0
437300,2027,3,14,0,0,0,0,0,91,91,0,2,2,180,90,90,0
437400,2027,3,14,0,0,0,0,0,91,91,0,2,2,180,90,90,0
437500,2027,3,14,0,0,0,0,0,91,91,0,2,2,180,90,90,0
437600,2027,3,14,0,0,0,0,0,91,91,0,2,2,180,90,90,0
437700,2027,3,14,0,0,0,0,0,91,91,0,2,2,180,90,90,0
437800,2027,3,14,0,0,0,0,0,91,91,0,2,2,180,90,90,0
437900,2027,3,14,0,0,0,0,0,91,91,0,2,2,180,90,90,0
438000,2027,3,14,0,0,0,0,0,91,91,0,2,2,180,90,90,0
438100,2027,3,15,0,0,0,0,0,91,91,0,2,2,180,90,90,0
438200,2027,3,15,0,0,0,0,0,91,91,0,2,2,180,90,90,0
438300,2027,3,15,0,0,0,0,0,91,91,0,2,2,180,90,90,0
438400,2027,3,15,0,0,0,0,0,91,91,0,2,2,180,90,90,0
438500,2027,3,15,0,0,0,0,0,91,91,0,2,2,180,90,90,0
438600,2027,3,15,0,0,0,0,0,91,91,0,2,2,180,90,90,0
438700,2027,3,15,0,0,0,0,0,91,91,0,2,2,180,90,90,0
438800,2027,3,15,0,0,0,0,0,91,91,0,2,2,180,90,90,0
438900,2027,3,15,0,0,0,0,0,91,91,0,2,2,180,90,90,0
439000,2027,3,15,0,0,0,0,0,91,91,0,2,2,180,90,90,0
439100,2027,3,16,0,0,0,0,0,91,91,0,2,2,180,90,90,0
439200,2027,3,16,0,0,0,0,0,91,91,0,2,2,180,90,90,0
439300,2027,3,16,0,0,0,0,0,91,91,0,2,2,180,90,90,0
439400,2027,3,16,0,0,0,0,0,91,91,0,2,2,180,90,90,0
439500,2027,3,16,0,0,0,0,0,91,91,0,2,2,180,90,90,0
439600,2027,3,16,0,0,0,0,0,91,91,0,2,2,180,90,90,0
439700,2027,3,16,0,0,0,0,0,91,91,0,2,2,180,90,90,0
439800,2027,3,16,0,0,0,0,0,91,91,0,2,2,180,90,90,0
439900,2027,3,16,0,0,0,0,0,91,91,0,2,2,180,90,90,0
440000,2027,3,16,0,0,0,0,0,91,91,0,2,2,180,90,90,0
440100,2027,3,17,0,0,0,0,0,91,91,0,2,2,180,90,90,0
440200,2027,3,17,0,0,0,0,0,91,91,0,2,2,180,90,90,0
440300,2027,3,17,0,0,0,0,0,91,91,0,2,2,180,90,90,0
440400,2027,3,17,0,0,0,0,0,91,91,0,2,2,180,90,90,0
440500,2027,3,17,0,0,0,0,0,91,91,0,2,2,180,90,90,0
440600,2027,3,17,0,0,0,0,0,91,91,0,2,2,180,90,90,0
440700,2027,3,17,0,0,0,0,0,91,91,0,2,2,180,90,90,0
440800,2027,3,17,0,0,0,0,0,91,91,0,2,2,180,90,90,0
440900,2027,3,17,0,0,0,0,0,91,91,0,2,2,180,90,90,0
441000,2027,3,17,0,0,0,0,0,91,91,0,2,2,180,90,90,0
441100,2027,3,18,0,0,0,0,0,91,91,0,2,2,180,90,90,0
441200,2027,3,18,0,0,0,0,0,91,91,0,2,2,180,90,90,0
441300,2027,3,18,0,0,0,0,0,91,91,0,2,2,180,90,90,0
441400,2027,3,18,0,0,0,0,0,91,91,0,2,2,180,90,90,0
441500,2027,3,18,0,0,0,0,0,91,91,0,2,2,180,90,90,0
441600,2027,3,18,0,0,0,0,0,91,91,0,2,2,180,90,90,0
441700,2027,3,18,0,0,0,0,0,91,91,0,2,2,180,90,90,0
441800,2027,3,18,0,0,0,0,0,91,91,0,2,2,180,90,90,0
441900,2027,3,18,0,0,0,0,0,91,91,0,2,2,180,90,90,0
442000,2027,3,18,0,0,0,0,0,91,91,0,2,2,180,90,90,0
442100,2027,3,19,0,0,0,0,0,91,91,0,2,2,180,90,90,0
442200,2027,3,19,0,0,0,0,0,91,91,0,2,2,180,90,90,0
442300,2027,3,19,0,0,0,0,0,91,91,0,2,2,180,90,90,0
442400,2027,3,19,0,0,0,0,0,91,91,0,2,2,180,90,90,0
442500,2027,3,19,0,0,0,0,0,91,91,0,2,2,180,90,90,0
442600,2027,3,19,0,0,0,0,0,91,91,0,2,2,180,90,90,0
442700,2027,3,19,0,0,0,0,0,91,91,0,2,2,180,90,90,0
442800,2027,3,19,0,0,0,0,0,91,91,0,2,2,180,90,90,0
442900,2027,3,19,0,0,0,0,0,91,91,0,2,2,180,90,90,0
443000,2027,3,19,0,0,0,0,0,91,91,0,2,2,180,90,90,0
443100,2027,3,20,0,0,0,0,0,91,91,0,2,2,180,90,90,0
443200,2027,3,20,0,0,0,0,0,91,91,0,2,2,180,90,90,0
443300,2027,3,20,0,0,0,0,0,91,91,0,2,2,180,90,90,0
443400,2027,3,20,0,0,0,0,0,91,91,0,2,2,180,90,90,0
443500,2027,3,20,0,0,0,0,0,91,91,0,2,2,180,90,90,0
443600,2027,3,20,0,0,0,0,0,91,91,0,2,2,180,90,90,0
443700,2027,3,20,0,0,0,0,0,91,91,0,2,2,180,90,90,0
443800,2027,3,20,0,0,0,0,0,91,91,0,2,2,180,90,90,0
443900,2027,3,20,0,0,0,0,0,91,91,0,2,2,180,90,90,0
444000,2027,3,20,0,0,0,0,0,91,91,0,2,2,180,90,90,0
444100,2027,3,21,0,0,0,0,0,91,91,0,2,2,180,90,90,0
444200,2027,3,21,0,0,0,0,0,91,91,0,2,2,180,90,90,0
444300,2027,3,21,0,0,0,0,0,91,91,0,2,2,180,90,90,0
444400,2027,3,21,0,0,0,0,0,91,91,0,2,2,180,90,90,0
444500,2027,3,21,0,0,0,0,0,91,91,0,2,2,180,90,90,0
444600,2027,3,21,0,0,0,0,0,91,91,0,2,2,180,90,90,0
444700,2027,3,21,0,0,0,0,0,91,91,0,2,2,180,90,90,0
444800,2027,3,21,0,0,0,0,0,91,91,0,2,2,180,90,90,0
444900,2027,3,21,0,0,0,0,0,91,91,0,2,2,180,90,90,0
445000,2027,3,21,0,0,0,0,0,91,91,0,2,2,180,90,90,0
445100,2027,3,22,0,0,0,0,0,91,91,0,2,2,180,90,90,0
445200,2027,3,22,0,0,0,0,0,91,91,0,2,2,180,90,90,0
445300,2027,3,22,0,0,0,0,0,91,91,0,2,2,180,90,90,0
445400,2027,3,22,0,0,0,0,0,91,91,0,2,2,180,90,90,0
445500,2027,3,22,0,0,0,0,0,91,91,0,2,2,180,90,90,0
445600,2027,3,22,0,0,0,0,0,91,91,0,2,2,180,90,90,0
445700,2027,3,22,0,0,0,0,0,91,91,0,2,2,180,90,90,0
445800,2027,3,22,0,0,0,0,0,91,91,0,2,2,180,90,90,0
445900,2027,3,22,0,0,0,0,0,91,91,0,2,2,180,90,90,0
446000,2027,3,22,0,0,0,0,0,91,91,0,2,2,180,90,90,0
446100,2027,3,23,0,0,0,0,0,91,91,0,2,2,180,90,90,0
446200,2027,3,23,0,0,0,0,0,91,91,0,2,2,180,90,90,0
446300,2027,3,23,0,0,0,0,0,91,91,0,2,2,180,90,90,0
446400,2027,3,23,0,0,0,0,0,91,91,0,2,2,180,90,90,0
446500,2027,3,23,0,0,0,0,0,91,91,0,2,2,180,90,90,0
446600,2027,3,23,0,0,0,0,0,91,91,0,2,2,180,90,90,0
446700,2027,3,23,0,0,0,0,0,91,91,0,2,2,180,90,90,0
446800,2027,3,23,0,0,0,0,0,91,91,0,2,2,180,90,90,0
446900,2027,3,23,0,0,0,0,0,91,91,0,2,2,180,90,90,0
447000,2027,3,23,0,0,0,0,0,91,91,0,2,2,180,90,90,0
447100,2027,3,24,0,0,0,0,0,91,91,0,2,2,180,90,90,0
447200,2027,3,24,0,0,0,0,0,91,91,0,2,2,180,90,90,0
447300,2027,3,24,0,0,0,0,0,91,91,0,2,2,180,90,90,0
447400,2027,3,24,0,0,0,0,0,91,91,0,2,2,180,90,90,0
447500,2027,3,24,0,0,0,0,0,91,91,0,2,2,180,90,90,0
447600,2027,3,24,0,0,0,0,0,91,91,0,2,2,180,90,90,0
447700,2027,3,24,0,0,0,0,0,91,91,0,2,2,180,90,90,0
447800,2027,3,24,0,0,0,0,0,91,91,0,2,2,180,90,90,0
447900,2027,3,24,0,0,0,0,0,91,91,0,2,2,180,90,90,0
448000,2027,3,24,0,0,0,0,0,91,91,0,2,2,180,90,90,0
448100,2027,3,25,0,0,0,0,0,91,91,0,2,2,180,90,90,0
448200,2027,3,25,0,0,0,0,0,91,91,0,2,2,180,90,90,0
448300,2027,3,25,0,0,0,0,0,91,91,0,2,2,180,90,90,0
448400,2027,3,25,0,0,0,0,0,91,91,0,2,2,180,90,90,0
448500,2027,3,25,0,0,0,0,0,91,91,0,2,2,180,90,90,0
448600,2027,3,25,0,0,0,0,0,91,91,0,2,2,180,90,90,0
448700,2027,3,25,0,0,0,0,0,91,91,0,2,2,180,90,90,0
448800,2027,3,25,0,0,0,0,0,91,91,0,2,2,180,90,90,0
448900,2027,3,25,0,0,0,0,0,91,91,0,2,2,180,90,90,0
449000,2027,3,25,0,0,0,0,0,91,91,0,2,2,180,90,90,0
449100,2027,3,26,0,0,0,0,0,91,91,0,2,2,180,90,90,0
449200,2027,3,26,0,0,0,0,0,91,91,0,2,2,180,90,90,0
449300,2027,3,26,0,0,0,0,0,91,91,0,2,2,180,90,90,0
449400,2027,3,26,0,0,0,0,0,91,91,0,2,2,180,90,90,0
449500,2027,3,26,0,0,0,0,0,91,91,0,2,2,180,90,90,0
449600,2027,3,26,0,0,0,0,0,91,91,0,2,2,180,90,90,0
449700,2027,3,26,0,0,0,0,0,91,91,0,2,2,180,90,90,0
449800,2027,3,26,0,0,0,0,0,91,91,0,2,2,180,90,90,0
449900,2027,3,26,0,0,0,0,0,91,91,0,2,2,180,90,90,0
450000,2027,3,26,0,0,0,0,0,91,91,0,2,2,180,90,90,0
450100,2027,3,27,0,0,0,0,0,91,91,0,2,2,180,90,90,0
450200,2027,3,27,0,0,0,0,0,91,91,0,2,2,180,90,90,0
450300,2027,3,27,0,0,0,0,0,91,91,0,2,2,180,90,90,0
450400,2027,3,27,0,0,0,0,0,91,91,0,2,2,180,90,90,0
450500,2027,3,27,0,0,0,0,0,91,91,0,2,2,180,90,90,0
450600,2027,3,27,0,0,0,0,0,91,91,0,2,2,180,90,90,0
450700,2027,3,27,0,0,0,0,0,91,91,0,2,2,180,90,90,0
450800,2027,3,27,0,0,0,0,0,91,91,0,2,2,180,90,90,0
450900,2027,3,27,0,0,0,0,0,91,91,0,2,2,180,90,90,0
451000,2027,3,27,0,0,0,0,0,91,91,0,2,2,180,90,90,0
451100,2027,3,28,0,0,0,0,0,91,91,0,2,2,180,90,90,0
451200,2027,3,28,0,0,0,0,0,91,91,0,2,2,180,90,90,0
451300,2027,3,28,0,0,0,0,0,91,91,0,2,2,180,90,90,0
451400,2027,3,28,0,0,0,0,0,91,91,0,2,2,180,90,90,0
451500,2027,3,28,0,0,0,0,0,91,91,0,2,2,180,90,90,0
451600,2027,3,28,0,0,0,0,0,91,91,0,2,2,180,90,90,0
451700,2027,3,28,0,0,0,0,0,91,91,0,2,2,180,90,90,0
451800,2027,3,28,0,0,0,0,0,91,91,0,2,2,180,90,90,0
451900,2027,3,28,0,0,0,0,0,91,91,0,2,2,180,90,90,0
452000,2027,3,28,0,0,0,0,0,91,91,0,2,2,180,90,90,0
452100,2027,3,29,0,0,0,0,0,91,91,0,2,2,180,90,90,0
452200,2027,3,29,0,0,0,0,0,91,91,0,2,2,180,90,90,0
452300,2027,3,29,0,0,0,0,0,91,91,0,2,2,180,90,90,0
452400,2027,3,29,0,0,0,0,0,91,91,0,2,2,180,90,90,0
452500,2027,3,29,0,0,0,0,0,91,91,0,2,2,180,90,90,0
452600,2027,3,29,0,0,0,0,0,91,91,0,2,2,180,90,90,0
452700,2027,3,29,0,0,0,0,0,91,91,0,2,2,180,90,90,0
452800,2027,3,29,0,0,0,0,0,91,91,0,2,2,180,90,90,0
452900,2027,3,29,0,0,0,0,0,91,91,0,2,2,180,90,90,0
453000,2027,3,29,0,0,0,0,0,91,91,0,2,2,180,90,90,0
453100,2027,3,30,0,0,0,0,0,91,91,0,2,2,180,90,90,0
453200,2027,3,30,0,0,0,0,0,91,91,0,2,2,180,90,90,0
453300,2027,3,30,0,0,0,0,0,91,91,0,2,2,180,90,90,0
453400,2027,3,30,0,0,0,0,0,91,91,0,2,2,180,90,90,0
453500,2027,3,30,0,0,0,0,0,91,91,0,2,2,180,90,90,0
453600,2027,3,30,0,0,0,0,0,91,91,0,2,2,180,90,90,0
453700,2027,3,30,0,0,0,0,0,91,91,0,2,2,180,90,90,0
453800,2027,3,30,0,0,0,0,0,91,91,0,2,2,180,90,90,0
453900,2027,3,30,0,0,0,0,0,91,91,0,2,2,180,90,90,0
454000,2027,3,30,0,0,0,0,0,91,91,0,2,2,180,90,90,0
454100,2027,3,31,0,0,0,0,0,91,91,0,2,2,180,90,90,0
454200,2027,3,31,0,0,0,0,0,91,91,0,2,2,180,90,90,0
454300,2027,3,31,0,0,0,0,0,91,91,0,2,2,180,90,90,0
454400,2027,3,31,0,0,0,0,0,91,91,0,2,2,180,90,90,0
454500,2027,3,31,0,0,0,0,0,91,91,0,2,2,180,90,90,0
454600,2027,3,31,0,0,0,0,0,91,91,0,2,2,180,90,90,0
454700,2027,3,31,0,0,0,0,0,91,91,0,2,2,180,90,90,0
454800,2027,3,31,0,0,0,0,0,91,91,0,2,2,180,90,90,0
454900,2027,3,31,0,0,0,0,0,91,91,0,2,2,180,90,90,0
455000,2027,3,31,0,0,0,0,0,91,91,0,2,2,180,90,90,0
455100,2027,4,1,0,0,0,0,0,91,91,0,2,2,180,90,90,0
455200,2027,4,1,0,0,0,0,0,91,91,0,2,2,180,90,90,0
455300,2027,4,1,0,0,0,0,0,91,91,0,2,2,180,90,90,0
455400,2027,4,1,0,0,0,0,0,91,91,0,2,2,180,90,90,0
455500,2027,4,1,0,0,0,0,0,91,91,0,2,2,180,90,90,0
455600,2027,4,1,0,0,0,0,0,91,91,0,2,2,180,90,90,0
455700,2027,4,1,0,0,0,0,0,91,91,0,2,2,180,90,90,0
455800,2027,4,1,0,0,0,0,0,91,91,0,2,2,180,90,90,0
455900,2027,4,1,0,0,0,0,0,91,91,0,2,2,180,90,90,0
456000,2027,4,1,0,0,0,0,0,91,91,0,2,2,180,90,90,0
456100,2027,4,2,0,0,0,0,0,91,91,0,2,2,180,90,90,0
456200,2027,4,2,0,0,0,0,0,91,91,0,2,2,180,90,90,0
456300,2027,4,2,0,0,0,0,0,91,91,0,2,2,180,90,90,0
456400,2027,4,2,0,0,0,0,0,91,91,0,2,2,180,90,90,0
456500,2027,4,2,0,0,0,0,0,91,91,0,2,2,180,90,90,0
456600,2027,4,2,0,0,0,0,0,91,91,0,2,2,180,90,90,0
456700,2027,4,2,0,0,0,0,0,91,91,0,2,2,180,90,90,0
456800,2027,4,2,0,0,0,0,0,91,91,0,2,2,180,90,90,0
456900,2027,4,2,0,0,0,0,0,91,91,0,2,2,180,90,90,0
457000,2027,4,2,0,0,0,0,0,91,91,0,2,2,180,90,90,0
457100,2027,4,3,0,0,0,0,0,91,91,0,2,2,180,90,90,0
457200,2027,4,3,0,0,0,0,0,91,91,0,2,2,180,90,90,0
457300,2027,4,3,0,0,0,0,0,91,91,0,2,2,180,90,90,0
457400,2027,4,3,0,0,0,0,0,91,91,0,2,2,180,90,90,0
457500,2027,4,3,0,0,0,0,0,91,91,0,2,2,180,90,90,0
457600,2027,4,3,0,0,0,0,0,91,91,0,2,2,180,90,90,0
457700,2027,4,3,0,0,0,0,0,91,91,0,2,2,180,90,90,0
457800,2027,4,3,0,0,0,0,0,91,91,0,2,2,180,90,90,0
457900,2027,4,3,0,0,0,0,0,91,91,0,2,2,180,90,90,0
458000,2027,4,3,0,0,0,0,0,91,91,0,2,2,180,90,90,0
458100,2027,4,4,0,0,0,0,0,91,91,0,2,2,180,90,90,0
458200,2027,4,4,0,0,0,0,0,91,91,0,2,2,180,90,90,0
458300,2027,4,4,0,0,0,0,0,91,91,0,2,2,180,90,90,0
458400,2027,4,4,0,0,0,0,0,91,91,0,2,2,180,90,90,0
458500,2027,4,4,0,0,0,0,0,91,91,0,2,2,180,90,90,0
458600,2027,4,4,0,0,0,0,0,91,91,0,2,2,180,90,90,0
458700,2027,4,4,0,0,0,0,0,91,91,0,2,2,180,90,90,0
458800,2027,4,4,0,0,0,0,0,91,91,0,2,2,180,90,90,0
458900,2027,4,4,0,0,0,0,0,91,91,0,2,2,180,90,90,0
459000,2027,4,4,0,0,0,0,0,91,91,0,2,2,180,90,90,0
459100,2027,4,5,0,0,0,0,0,91,91,0,2,2,180,90,90,0
459200,2027,4,5,0,0,0,0,0,91,91,0,2,2,180,90,90,0
459300,2027,4,5,0,0,0,0,0,91,91,0,2,2,180,90,90,0
459400,2027,4,5,0,0,0,0,0,91,91,0,2,2,180,90,90,0
459500,2027,4,5,0,0,0,0,0,91,91,0,2,2,180,90,90,0
459600,2027,4,5,0,0,0,0,0,91,91,0,2,2,180,90,90,0
459700,2027,4,5,0,0,0,0,0,91,91,0,2,2,180,90,90,0
459800,2027,4,5,0,0,0,0,0,91,91,0,2,2,180,90,90,0
459900,2027,4,5,0,0,0,0,0,91,91,0,2,2,180,90,90,0
460000,2027,4,5,0,0,0,0,0,91,91,0,2,2,180,90,90,0
460100,2027,4,6,0,0,0,0,0,91,91,0,2,2,180,90,90,0
460200,2027,4,6,0,0,0,0,0,91,91,0,2,2,180,90,90,0
460300,2027,4,6,0,0,0,0,0,91,91,0,2,2,180,90,90,0
460400,2027,4,6,0,0,0,0,0,91,91,0,2,2,180,90,90,0
460500,2027,4,6,0,0,0,0,0,91,91,0,2,2,180,90,90,0
460600,2027,4,6,0,0,0,0,0,91,91,0,2,2,180,90,90,0
460700,2027,4,6,0,0,0,0,0,91,91,0,2,2,180,90,90,0
460800,2027,4,6,0,0,0,0,0,91,91,0,2,2,180,90,90,0
460900,2027,4,6,0,0,0,0,0,91,91,0,2,2,180,90,90,0
461000,2027,4,6,0,0,0,0,0,91,91,0,2,2,180,90,90,0
461100,2027,4,7,0,0,0,0,0,91,91,0,2,2,180,90,90,0
461200,2027,4,7,0,0,0,0,0,91,91,0,2,2,180,90,90,0
461300,2027,4,7,0,0,0,0,0,91,91,0,2,2,180,90,90,0
461400,2027,4,7,0,0,0,0,0,91,91,0,2,2,180,90,90,0
461500,2027,4,7,0,0,0,0,0,91,91,0,2,2,180,90,90,0
461600,2027,4,7,0,0,0,0,0,91,91,0,2,2,180,90,90,0
461700,2027,4,7,0,0,0,0,0,91,91,0,2,2,180,90,90,0
461800,2027,4,7,0,0,0,0,0,91,91,0,2,2,180,90,90,0
461900,2027,4,7,0,0,0,0,0,91,91,0,2,2,180,90,90,0
462000,2027,4,7,0,0,0,0,0,91,91,0,2,2,180,90,90,0
462100,2027,4,8,0,0,0,0,0,91,91,0,2,2,180,90,90,0
462200,2027,4,8,0,0,0,0,0,91,91,0,2,2,180,90,90,0
462300,2027,4,8,0,0,0,0,0,91,91,0,2,2,180,90,90,0
462400,2027,4,8,0,0,0,0,0,91,91,0,2,2,180,90,90,0
462500,2027,4,8,0,0,0,0,0,91,91,0,2,2,180,90,90,0
462600,2027,4,8,0,0,0,0,0,91,91,0,2,2,180,90,90,0
462700,2027,4,8,0,0,0,0,0,91,91,0,2,2,180,90,90,0
462800,2027,4,8,0,0,0,0,0,91,91,0,2,2,180,90,90,0
462900,2027,4,8,0,0,0,0,0,91,91,0,2,2,180,90,90,0
463000,2027,4,8,0,0,0,0,0,91,91,0,2,2,180,90,90,0
463100,2027,4,9,0,0,0,0,0,91,91,0,2,2,180,90,90,0
463200,2027,4,9,0,0,0,0,0,91,91,0,2,2,180,90,90,0
463300,2027,4,9,0,0,0,0,0,91,91,0,2,2,180,90,90,0
463400,2027,4,9,0,0,0,0,0,91,91,0,2,2,180,90,90,0
463500,2027,4,9,0,0,0,0,0,91,91,0,2,2,180,90,90,0
463600,2027,4,9,0,0,0,0,0,91,91,0,2,2,180,90,90,0
463700,2027,4,9,0,0,0,0,0,91,91,0,2,2,180,90,90,0
463800,2027,4,9,0,0,0,0,0,91,91,0,2,2,180,90,90,0
463900,2027,4,9,0,0,0,0,0,91,91,0,2,2,180,90,90,0
464000,2027,4,9,0,0,0,0,0,91,91,0,2,2,180,90,90,0
464100,2027,4,10,0,0,0,0,0,91,91,0,2,2,180,90,90,0
464200,2027,4,10,0,0,0,0,0,91,91,0,2,2,180,90,90,0
464300,2027,4,10,0,0,0,0,0,91,91,0,2,2,180,90,90,0
464400,2027,4,10,0,0,0,0,0,91,91,0,2,2,180,90,90,0
464500,2027,4,10,0,0,0,0,0,91,91,0,2,2,180,90,90,0
464600,2027,4,10,0,0,0,0,0,91,91,0,2,2,180,90,90,0
464700,2027,4,10,0,0,0,0,0,91,91,0,2,2,180,90,90,0
464800,2027,4,10,0,0,0,0,0,91,91,0,2,2,180,90,90,0
464900,2027,4,10,0,0,0,0,0,91,91,0,2,2,180,90,90,0
465000,2027,4,10,0,0,0,0,0,91,91,0,2,2,180,90,90,0
465100,2027,4,11,0,0,0,0,0,91,91,0,2,2,180,90,90,0
465200,2027,4,11,0,0,0,0,0,91,91,0,2,2,180,90,90,0
465300,2027,4,11,0,0,0,0,0,91,91,0,2,2,180,90,90,0
465400,2027,4,11,0,0,0,0,0,91,91,0,2,2,180,90,90,0
465500,2027,4,11,0,0,0,0,0,91,91,0,2,2,180,90,90,0
465600,2027,4,11,0,0,0,0,0,91,91,0,2,2,180,90,90,0
465700,2027,4,11,0,0,0,0,0,91,91,0,2,2,180,90,90,0
465800,2027,4,11,0,0,0,0,0,91,91,0,2,2,180,90,90,0
465900,2027,4,11,0,0,0,0,0,91,91,0,2,2,180,90,90,0
466000,2027,4,11,0,0,0,0,0,91,91,0,2,2,180,90,90,0
466100,2027,4,12,0,0,0,0,0,91,91,0,2,2,180,90,90,0
466200,2027,4,12,0,0,0,0,0,91,91,0,2,2,180,90,90,0
466300,2027,4,12,0,0,0,0,0,91,91,0,2,2,180,90,90,0
466400,2027,4,12,0,0,0,0,0,91,91,0,2,2,180,90,90,0
466500,2027,4,12,0,0,0,0,0,91,91,0,2,2,180,90,90,0
466600,2027,4,12,0,0,0,0,0,91,91,0,2,2,180,90,90,0
466700,2027,4,12,0,0,0,0,0,91,91,0,2,2,180,90,90,0
466800,2027,4,12,0,0,0,0,0,91,91,0,2,2,180,90,90,0
466900,2027,4,12,0,0,0,0,0,91,91,0,2,2,180,90,90,0
467000,2027,4,12,0,0,0,0,0,91,91,0,2,2,180,90,90,0
467100,2027,4,13,0,0,0,0,0,91,91,0,2,2,180,90,90,0
467200,2027,4,13,0,0,0,0,0,91,91,0,2,2,180,90,90,0
467300,2027,4,13,0,0,0,0,0,91,91,0,2,2,180,90,90,0
467400,2027,4,13,0,0,0,0,0,91,91,0,2,2,180,90,90,0
467500,2027,4,13,0,0,0,0,0,91,91,0,2,2,180,90,90,0
467600,2027,4,13,0,0,0,0,0,91,91,0,2,2,180,90,90,0
467700,2027,4,13,0,0,0,0,0,91,91,0,2,2,180,90,90,0
467800,2027,4,13,0,0,0,0,0,91,91,0,2,2,180,90,90,0
467900,2027,4,13,0,0,0,0,0,91,91,0,2,2,180,90,90,0
468000,2027,4,13,0,0,0,0,0,91,91,0,2,2,180,90,90,0
468100,2027,4,14,0,0,0,0,0,91,91,0,2,2,180,90,90,0
468200,2027,4,14,0,0,0,0,0,91,91,0,2,2,180,90,90,0
468300,2027,4,14,0,0,0,0,0,91,91,0,2,2,180,90,90,0
468400,2027,4,14,0,0,0,0,0,91,91,0,2,2,180,90,90,0
468500,2027,4,14,0,0,0,0,0,91,91,0,2,2,180,90,90,0
468600,2027,4,14,0,0,0,0,0,91,91,0,2,2,180,90,90,0
468700,2027,4,14,0,0,0,0,0,91,91,0,2,2,180,90,90,0
468800,2027,4,14,0,0,0,0,0,91,91,0,2,2,180,90,90,0
468900,2027,4,14,0,0,0,0,0,91,91,0,2,2,180,90,90,0
469000,2027,4,14,0,0,0,0,0,91,91,0,2,2,180,90,90,0
469100,2027,4,15,0,0,0,0,0,91,91,0,2,2,180,90,90,0
469200,2027,4,15,0,0,0,0,0,91,91,0,2,2,180,90,90,0
469300,2027,4,15,0,0,0,0,0,91,91,0,2,2,180,90,90,0
469400,2027,4,15,0,0,0,0,0,91,91,0,2,2,180,90,90,0
469500,2027,4,15,0,0,0,0,0,91,91,0,2,2,180,90,90,0
469600,2027,4,15,0,0,0,0,0,91,91,0,2,2,180,90,90,0
469700,2027,4,15,0,0,0,0,0,91,91,0,2,2,180,90,90,0
469800,2027,4,15,0,0,0,0,0,91,91,0,2,2,180,90,90,0
469900,2027,4,15,0,0,0,0,0,91,91,0,2,2,180,90,90,0
470000,2027,4,15,0,0,0,0,0,91,91,0,2,2,180,90,90,0
470100,2027,4,16,0,0,0,0,0,91,91,0,2,2,180,90,90,0
470200,2027,4,16,0,0,0,0,0,91,91,0,2,2,180,90,90,0
470300,2027,4,16,0,0,0,0,0,91,91,0,2,2,180,90,90,0
470400,2027,4,16,0,0,0,0,0,91,91,0,2,2,180,90,90,0
470500,2027,4,16,0,0,0,0,0,91,91,0,2,2,180,90,90,0
470600,2027,4,16,0,0,0,0,0,91,91,0,2,2,180,90,90,0
470700,2027,4,16,0,0,0,0,0,91,91,0,2,2,180,90,90,0
470800,2027,4,16,0,0,0,0,0,91,91,0,2,2,180,90,90,0
470900,2027,4,16,0,0,0,0,0,91,91,0,2,2,180,90,90,0
471000,2027,4,16,0,0,0,0,0,91,91,0,2,2,180,90,90,0
471100,2027,4,17,0,0,0,0,0,91,91,0,2,2,180,90,90,0
471200,2027,4,17,0,0,0,0,0,91,91,0,2,2,180,90,90,0
471300,2027,4,17,0,0,0,0,0,91,91,0,2,2,180,90,90,0
471400,2027,4,17,0,0,0,0,0,91,91,0,2,2,180,90,90,0
471500,2027,4,17,0,0,0,0,0,91,91,0,2,2,180,90,90,0
471600,2027,4,17,0,0,0,0,0,91,91,0,2,2,180,90,90,0
471700,2027,4,17,0,0,0,0,0,91,91,0,2,2,180,90,90,0
471800,2027,4,17,0,0,0,0,0,91,91,0,2,2,180,90,90,0
471900,2027,4,17,0,0,0,0,0,91,91,0,2,2,180,90,90,0
472000,2027,4,17,0,0,0,0,0,91,91,0,2,2,180,90,90,0
472100,2027,4,18,0,0,0,0,0,91,91,0,2,2,180,90,90,0
472200,2027,4,18,0,0,0,0,0,91,91,0,2,2,180,90,90,0
472300,2027,4,18,0,0,0,0,0,91,91,0,2,2,180,90,90,0
472400,2027,4,18,0,0,0,0,0,91,91,0,2,2,180,90,90,0
472500,2027,4,18,0,0,0,0,0,91,91,0,2,2,180,90,90,0
472600,2027,4,18,0,0,0,0,0,91,91,0,2,2,180,90,90,0
472700,2027,4,18,0,0,0,0,0,91,91,0,2,2,180,90,90,0
472800,2027,4,18,0,0,0,0,0,91,91,0,2,2,180,90,90,0
472900,2027,4,18,0,0,0,0,0,91,91,0,2,2,180,90,90,0
473000,2027,4,18,0,0,0,0,0,91,91,0,2,2,180,90,90,0
473100,2027,4,19,0,0,0,0,0,91,91,0,2,2,180,90,90,0
473200,2027,4,19,0,0,0,0,0,91,91,0,2,2,180,90,90,0
473300,2027,4,19,0,0,0,0,0,91,91,0,2,2,180,90,90,0
473400,2027,4,19,0,0,0,0,0,91,91,0,2,2,180,90,90,0
473500,2027,4,19,0,0,0,0,0,91,91,0,2,2,180,90,90,0
473600,2027,4,19,0,0,0,0,0,91,91,0,2,2,180,90,90,0
473700,2027,4,19,0,0,0,0,0,91,91,0,2,2,180,90,90,0
473800,2027,4,19,0,0,0,0,0,91,91,0,2,2,180,90,90,0
473900,2027,4,19,0,0,0,0,0,91,91,0,2,2,180,90,90,0
474000,2027,4,19,0,0,0,0,0,91,91,0,2,2,180,90,90,0
474100,2027,4,20,0,0,0,0,0,91,91,0,2,2,180,90,90,0
474200,2027,4,20,0,0,0,0,0,91,91,0,2,2,180,90,90,0
474300,2027,4,20,0,0,0,0,0,91,91,0,2,2,180,90,90,0
474400,2027,4,20,0,0,0,0,0,91,91,0,2,2,180,90,90,0
474500,2027,4,20,0,0,0,0,0,91,91,0,2,2,180,90,90,0
474600,2027,4,20,0,0,0,0,0,91,91,0,2,2,180,90,90,0
474700,2027,4,20,0,0,0,0,0,91,91,0,2,2,180,90,90,0
474800,2027,4,20,0,0,0,0,0,91,91,0,2,2,180,90,90,0
474900,2027,4,20,0,0,0,0,0,91,91,0,2,2,180,90,90,0
475000,2027,4,20,0,0,0,0,0,91,91,0,2,2,180,90,90,0
475100,2027,4,21,0,0,0,0,0,91,91,0,2,2,180,90,90,0
475200,2027,4,21,0,0,0,0,0,91,91,0,2,2,180,90,90,0
475300,2027,4,21,0,0,0,0,0,91,91,0,2,2,180,90,90,0
475400,2027,4,21,0,0,0,0,0,91,91,0,2,2,180,90,90,0
475500,2027,4,21,0,0,0,0,0,91,91,0,2,2,180,90,90,0
475600,2027,4,21,0,0,0,0,0,91,91,0,2,2,180,90,90,0
475700,2027,4,21,0,0,0,0,0,91,91,0,2,2,180,90,90,0
475800,2027,4,21,0,0,0,0,0,91,91,0,2,2,180,90,90,0
475900,2027,4,21,0,0,0,0,0,91,91,0,2,2,180,90,90,0
476000,2027,4,21,0,0,0,0,0,91,91,0,2,2,180,90,90,0
476100,2027,4,22,0,0,0,0,0,91,91,0,2,2,180,90,90,0
476200,2027,4,22,0,0,0,0,0,91,91,0,2,2,180,90,90,0
476300,2027,4,22,0,0,0,0,0,91,91,0,2,2,180,90,90,0
476400,2027,4,22,0,0,0,0,0,91,91,0,2,2,180,90,90,0
476500,2027,4,22,0,0,0,0,0,91,91,0,2,2,180,90,90,0
476600,2027,4,22,0,0,0,0,0,91,91,0,2,2,180,90,90,0
476700,2027,4,22,0,0,0,0,0,91,91,0,2,2,180,90,90,0
476800,2027,4,22,0,0,0,0,0,91,91,0,2,2,180,90,90,0
476900,2027,4,22,0,0,0,0,0,91,91,0,2,2,180,90,90,0
477000,2027,4,22,0,0,0,0,0,91,91,0,2,2,180,90,90,0
477100,2027,4,23,0,0,0,0,0,91,91,0,2,2,180,90,90,0
477200,2027,4,23,0,0,0,0,0,91,91,0,2,2,180,90,90,0
477300,2027,4,23,0,0,0,0,0,91,91,0,2,2,180,90,90,0
477400,2027,4,23,0,0,0,0,0,91,91,0,2,2,180,90,90,0
477500,2027,4,23,0,0,0,0,0,91,91,0,2,2,180,90,90,0
477600,2027,4,23,0,0,0,0,0,91,91,0,2,2,180,90,90,0
477700,2027,4,23,0,0,0,0,0,91,91,0,2,2,180,90,90,0
477800,2027,4,23,0,0,0,0,0,91,91,0,2,2,180,90,90,0
477900,2027,4,23,0,0,0,0,0,91,91,0,2,2,180,90,90,0
478000,2027,4,23,0,0,0,0,0,91,91,0,2,2,180,90,90,0
478100,2027,4,24,0,0,0,0,0,91,91,0,2,2,180,90,90,0
478200,2027,4,24,0,0,0,0,0,91,91,0,2,2,180,90,90,0
478300,2027,4,24,0,0,0,0,0,91,91,0,2,2,180,90,90,0
478400,2027,4,24,0,0,0,0,0,91,91,0,2,2,180,90,90,0
478500,2027,4,24,0,0,0,0,0,91,91,0,2,2,180,90,90,0
478600,2027,4,24,0,0,0,0,0,91,91,0,2,2,180,90,90,0
478700,2027,4,24,0,0,0,0,0,91,91,0,2,2,180,90,90,0
478800,2027,4,24,0,0,0,0,0,91,91,0,2,2,180,90,90,0
478900,2027,4,24,0,0,0,0,0,91,91,0,2,2,180,90,90,0
479000,2027,4,24,0,0,0,0,0,91,91,0,2,2,180,90,90,0
479100,2027,4,25,0,0,0,0,0,91,91,0,2,2,180,90,90,0
479200,2027,4,25,0,0,0,0,0,91,91,0,2,2,180,90,90,0
479300,2027,4,25,0,0,0,0,0,91,91,0,2,2,180,90,90,0
479400,2027,4,25,0,0,0,0,0,91,91,0,2,2,180,90,90,0
479500,2027,4,25,0,0,0,0,0,91,91,0,2,2,180,90,90,0
479600,2027,4,25,0,0,0,0,0,91,91,0,2,2,180,90,90,0
479700,2027,4,25,0,0,0,0,0,91,91,0,2,2,180,90,90,0
479800,2027,4,25,0,0,0,0,0,91,91,0,2,2,180,90,90,0
479900,2027,4,25,0,0,0,0,0,91,91,0,2,2,180,90,90,0
480000,2027,4,25,0,0,0,0,0,91,91,0,2,2,180,90,90,0
480100,2027,4,26,0,0,0,0,0,91,91,0,2,2,180,90,90,0
480200,2027,4,26,0,0,0,0,0,91,91,0,2,2,180,90,90,0
480300,2027,4,26,0,0,0,0,0,91,91,0,2,2,180,90,90,0
480400,2027,4,26,0,0,0,0,0,91,91,0,2,2,180,90,90,0
480500,2027,4,26,0,0,0,0,0,91,91,0,2,2,180,90,90,0
480600,2027,4,26,0,0,0,0,0,91,91,0,2,2,180,90,90,0
480700,2027,4,26,0,0,0,0,0,91,91,0,2,2,180,90,90,0
480800,2027,4,26,0,0,0,0,0,91,91,0,2,2,180,90,90,0
480900,2027,4,26,0,0,0,0,0,91,91,0,2,2,180,90,90,0
481000,2027,4,26,0,0,0,0,0,91,91,0,2,2,180,90,90,0
481100,2027,4,27,0,0,0,0,0,91,91,0,2,2,180,90,90,0
481200,2027,4,27,0,0,0,0,0,91,91,0,2,2,180,90,90,0
481300,2027,4,27,0,0,0,0,0,91,91,0,2,2,180,90,90,0
481400,2027,4,27,0,0,0,0,0,91,91,0,2,2,180,90,90,0
481500,2027,4,27,0,0,0,0,0,91,91,0,2,2,180,90,90,0
481600,2027,4,27,0,0,0,0,0,91,91,0,2,2,180,90,90,0
481700,2027,4,27,0,0,0,0,0,91,91,0,2,2,180,90,90,0
481800,2027,4,27,0,0,0,0,0,91,91,0,2,2,180,90,90,0
481900,2027,4,27,0,0,0,0,0,91,91,0,2,2,180,90,90,0
482000,2027,4,27,0,0,0,0,0,91,91,0,2,2,180,90,90,0
482100,2027,4,28,0,0,0,0,0,91,91,0,2,2,180,90,90,0
482200,2027,4,28,0,0,0,0,0,91,91,0,2,2,180,90,90,0
482300,2027,4,28,0,0,0,0,0,91,91,0,2,2,180,90,90,0
482400,2027,4,28,0,0,0,0,0,91,91,0,2,2,180,90,90,0
482500,2027,4,28,0,0,0,0,0,91,91,0,2,2,180,90,90,0
482600,2027,4,28,0,0,0,0,0,91,91,0,2,2,180,90,90,0
482700,2027,4,28,0,0,0,0,0,91,91,0,2,2,180,90,90,0
482800,2027,4,28,0,0,0,0,0,91,91,0,2,2,180,90,90,0
482900,2027,4,28,0,0,0,0,0,91,91,0,2,2,180,90,90,0
483000,2027,4,28,0,0,0,0,0,91,91,0,2,2,180,90,90,0
483100,2027,4,29,0,0,0,0,0,91,91,0,2,2,180,90,90,0
483200,2027,4,29,0,0,0,0,0,91,91,0,2,2,180,90,90,0
483300,2027,4,29,0,0,0,0,0,91,91,0,2,2,180,90,90,0
483400,2027,4,29,0,0,0,0,0,91,91,0,2,2,180,90,90,0
483500,2027,4,29,0,0,0,0,0,91,91,0,2,2,180,90,90,0
483600,2027,4,29,0,0,0,0,0,91,91,0,2,2,180,90,90,0
483700,2027,4,29,0,0,0,0,0,91,91,0,2,2,180,90,90,0
483800,2027,4,29,0,0,0,0,0,91,91,0,2,2,180,90,90,0
483900,2027,4,29,0,0,0,0,0,91,91,0,2,2,180,90,90,0
484000,2027,4,29,0,0,0,0,0,91,91,0,2,2,180,90,90,0
484100,2027,4,30,0,0,0,0,0,91,91,0,2,2,180,90,90,0
484200,2027,4,30,0,0,0,0,0,91,91,0,2,2,180,90,90,0
484300,2027,4,30,0,0,0,0,0,91,91,0,2,2,180,90,90,0
484400,2027,4,30,0,0,0,0,0,91,91,0,2,2,180,90,90,0
484500,2027,4,30,0,0,0,0,0,91,91,0,2,2,180,90,90,0
484600,2027,4,30,0,0,0,0,0,91,91,0,2,2,180,90,90,0
484700,2027,4,30,0,0,0,0,0,91,91,0,2,2,180,90,90,0
484800,2027,4,30,0,0,0,0,0,91,91,0,2,2,180,90,90,0
484900,2027,4,30,0,0,0,0,0,91,91,0,2,2,180,90,90,0
485000,2027,4,30,0,0,0,0,0,91,91,0,2,2,180,90,90,0
485100,2027,5,1,0,0,0,0,0,91,91,0,2,2,180,90,90,0
485200,2027,5,1,0,0,0,0,0,91,91,0,2,2,180,90,90,0
485300,2027,5,1,0,0,0,0,0,91,91,0,2,2,180,90,90,0
485400,2027,5,1,0,0,0,0,0,91,91,0,2,2,180,90,90,0
485500,2027,5,1,0,0,0,0,0,91,91,0,2,2,180,90,90,0
485600,2027,5,1,0,0,0,0,0,91,91,0,2,2,180,90,90,0
485700,2027,5,1,0,0,0,0,0,91,91,0,2,2,180,90,90,0
485800,2027,5,1,0,0,0,0,0,91,91,0,2,2,180,90,90,0
485900,2027,5,1,0,0,0,0,0,91,91,0,2,2,180,90,90,0
486000,2027,5,1,0,0,0,0,0,91,91,0,2,2,180,90,90,0
486100,2027,5,2,0,0,0,0,0,91,91,0,2,2,180,90,90,0
486200,2027,5,2,0,0,0,0,0,91,91,0,2,2,180,90,90,0
486300,2027,5,2,0,0,0,0,0,91,91,0,2,2,180,90,90,0
486400,2027,5,2,0,0,0,0,0,91,91,0,2,2,180,90,90,0
486500,2027,5,2,0,0,0,0,0,91,91,0,2,2,180,90,90,0
486600,2027,5,2,0,0,0,0,0,91,91,0,2,2,180,90,90,0
486700,2027,5,2,0,0,0,0,0,91,91,0,2,2,180,90,90,0
486800,2027,5,2,0,0,0,0,0,91,91,0,2,2,180,90,90,0
486900,2027,5,2,0,0,0,0,0,91,91,0,2,2,180,90,90,0
487000,2027,5,2,0,0,0,0,0,91,91,0,2,2,180,90,90,0
487100,2027,5,3,0,0,0,0,0,91,91,0,2,2,180,90,90,0
487200,2027,5,3,0,0,0,0,0,91,91,0,2,2,180,90,90,0
487300,2027,5,3,0,0,0,0,0,91,91,0,2,2,180,90,90,0
487400,2027,5,3,0,0,0,0,0,91,91,0,2,2,180,90,90,0
487500,2027,5,3,0,0,0,0,0,91,91,0,2,2,180,90,90,0
487600,2027,5,3,0,0,0,0,0,91,91,0,2,2,180,90,90,0
487700,2027,5,3,0,0,0,0,0,91,91,0,2,2,180,90,90,0
487800,2027,5,3,0,0,0,0,0,91,91,0,2,2,180,90,90,0
487900,2027,5,3,0,0,0,0,0,91,91,0,2,2,180,90,90,0
488000,2027,5,3,0,0,0,0,0,91,91,0,2,2,180,90,90,0
488100,2027,5,4,0,0,0,0,0,91,91,0,2,2,180,90,90,0
488200,2027,5,4,0,0,0,0,0,91,91,0,2,2,180,90,90,0
488300,2027,5,4,0,0,0,0,0,91,91,0,2,2,180,90,90,0
488400,2027,5,4,0,0,0,0,0,91,91,0,2,2,180,90,90,0
488500,2027,5,4,0,0,0,0,0,91,91,0,2,2,180,90,90,0
488600,2027,5,4,0,0,0,0,0,91,91,0,2,2,180,90,90,0
488700,2027,5,4,0,0,0,0,0,91,91,0,2,2,180,90,90,0
488800,2027,5,4,0,0,0,0,0,91,91,0,2,2,180,90,90,0
488900,2027,5,4,0,0,0,0,0,91,91,0,2,2,180,90,90,0
489000,2027,5,4,0,0,0,0,0,91,91,0,2,2,180,90,90,0
489100,2027,5,5,0,0,0,0,0,91,91,0,2,2,180,90,90,0
489200,2027,5,5,0,0,0,0,0,91,91,0,2,2,180,90,90,0
489300,2027,5,5,0,0,0,0,0,91,91,0,2,2,180,90,90,0
489400,2027,5,5,0,0,0,0,0,91,91,0,2,2,180,90,90,0
489500,2027,5,5,0,0,0,0,0,91,91,0,2,2,180,90,90,0
489600,2027,5,5,0,0,0,0,0,91,91,0,2,2,180,90,90,0
489700,2027,5,5,0,0,0,0,0,91,91,0,2,2,180,90,90,0
489800,2027,5,5,0,0,0,0,0,91,91,0,2,2,180,90,90,0
489900,2027,5,5,0,0,0,0,0,91,91,0,2,2,180,90,90,0
490000,2027,5,5,0,0,0,0,0,91,91,0,2,2,180,90,90,0
490100,2027,5,6,0,0,0,0,0,91,91,0,2,2,180,90,90,0
490200,2027,5,6,0,0,0,0,0,91,91,0,2,2,180,90,90,0
490300,2027,5,6,0,0,0,0,0,91,91,0,2,2,180,90,90,0
490400,2027,5,6,0,0,0,0,0,91,91,0,2,2,180,90,90,0
490500,2027,5,6,0,0,0,0,0,91,91,0,2,2,180,90,90,0
490600,2027,5,6,0,0,0,0,0,91,91,0,2,2,180,90,90,0
490700,2027,5,6,0,0,0,0,0,91,91,0,2,2,180,90,90,0
490800,2027,5,6,0,0,0,0,0,91,91,0,2,2,180,90,90,0
490900,2027,5,6,0,0,0,0,0,91,91,0,2,2,180,90,90,0
491000,2027,5,6,0,0,0,0,0,91,91,0,2,2,180,90,90,0
491100,2027,5,7,0,0,0,0,0,91,91,0,2,2,180,90,90,0
491200,2027,5,7,0,0,0,0,0,91,91,0,2,2,180,90,90,0
491300,2027,5,7,0,0,0,0,0,91,91,0,2,2,180,90,90,0
491400,2027,5,7,0,0,0,0,0,91,91,0,2,2,180,90,90,0
491500,2027,5,7,0,0,0,0,0,91,91,0,2,2,180,90,90,0
491600,2027,5,7,0,0,0,0,0,91,91,0,2,2,180,90,90,0
491700,2027,5,7,0,0,0,0,0,91,91,0,2,2,180,90,90,0
491800,2027,5,7,0,0,0,0,0,91,91,0,2,2,180,90,90,0
491900,2027,5,7,0,0,0,0,0,91,91,0,2,2,180,90,90,0
492000,2027,5,7,0,0,0,0,0,91,91,0,2,2,180,90,90,0
492100,2027,5,8,0,0,0,0,0,91,91,0,2,2,180,90,90,0
492200,2027,5,8,0,0,0,0,0,91,91,0,2,2,180,90,90,0
492300,2027,5,8,0,0,0,0,0,91,91,0,2,2,180,90,90,0
492400,2027,5,8,0,0,0,0,0,91,91,0,2,2,180,90,90,0
492500,2027,5,8,0,0,0,0,0,91,91,0,2,2,180,90,90,0
492600,2027,5,8,0,0,0,0,0,91,91,0,2,2,180,90,90,0
492700,2027,5,8,0,0,0,0,0,91,91,0,2,2,180,90,90,0
492800,2027,5,8,0,0,0,0,0,91,91,0,2,2,180,90,90,0
492900,2027,5,8,0,0,0,0,0,91,91,0,2,2,180,90,90,0
493000,2027,5,8,0,0,0,0,0,91,91,0,2,2,180,90,90,0
493100,2027,5,9,0,0,0,0,0,91,91,0,2,2,180,90,90,0
493200,2027,5,9,0,0,0,0,0,91,91,0,2,2,180,90,90,0
493300,2027,5,9,0,0,0,0,0,91,91,0,2,2,180,90,90,0
493400,2027,5,9,0,0,0,0,0,91,91,0,2,2,180,90,90,0
493500,2027,5,9,0,0,0,0,0,91,91,0,2,2,180,90,90,0
493600,2027,5,9,0,0,0,0,0,91,91,0,2,2,180,90,90,0
493700,2027,5,9,0,0,0,0,0,91,91,0,2,2,180,90,90,0
493800,2027,5,9,0,0,0,0,0,91,91,0,2,2,180,90,90,0
493900,2027,5,9,0,0,0,0,0,91,91,0,2,2,180,90,90,0
494000,2027,5,9,0,0,0,0,0,91,91,0,2,2,180,90,90,0
494100,2027,5,10,0,0,0,0,0,91,91,0,2,2,180,90,90,0
494200,2027,5,10,0,0,0,0,0,91,91,0,2,2,180,90,90,0
494300,2027,5,10,0,0,0,0,0,91,91,0,2,2,180,90,90,0
494400,2027,5,10,0,0,0,0,0,91,91,0,2,2,180,90,90,0
494500,2027,5,10,0,0,0,0,0,91,91,0,2,2,180,90,90,0
494600,2027,5,10,0,0,0,0,0,91,91,0,2,2,180,90,90,0
494700,2027,5,10,0,0,0,0,0,91,91,0,2,2,180,90,90,0
494800,2027,5,10,0,0,0,0,0,91,91,0,2,2,180,90,90,0
494900,2027,5,10,0,0,0,0,0,91,91,0,2,2,180,90,90,0
495000,2027,5,10,0,0,0,0,0,91,91,0,2,2,180,90,90,0
495100,2027,5,11,0,0,0,0,0,91,91,0,2,2,180,90,90,0
495200,2027,5,11,0,0,0,0,0,91,91,0,2,2,180,90,90,0
495300,2027,5,11,0,0,0,0,0,91,91,0,2,2,180,90,90,0
495400,2027,5,11,0,0,0,0,0,91,91,0,2,2,180,90,90,0
495500,2027,5,11,0,0,0,0,0,91,91,0,2,2,180,90,90,0
495600,2027,5,11,0,0,0,0,0,91,91,0,2,2,180,90,90,0
495700,2027,5,11,0,0,0,0,0,91,91,0,2,2,180,90,90,0
495800,2027,5,11,0,0,0,0,0,91,91,0,2,2,180,90,90,0
495900,2027,5,11,0,0,0,0,0,91,91,0,2,2,180,90,90,0
496000,2027,5,11,0,0,0,0,0,91,91,0,2,2,180,90,90,0
496100,2027,5,12,0,0,0,0,0,91,91,0,2,2,180,90,90,0
496200,2027,5,12,0,0,0,0,0,91,91,0,2,2,180,90,90,0
496300,2027,5,12,0,0,0,0,0,91,91,0,2,2,180,90,90,0
496400,2027,5,12,0,0,0,0,0,91,91,0,2,2,180,90,90,0
496500,2027,5,12,0,0,0,0,0,91,91,0,2,2,180,90,90,0
496600,2027,5,12,0,0,0,0,0,91,91,0,2,2,180,90,90,0
496700,2027,5,12,0,0,0,0,0,91,91,0,2,2,180,90,90,0
496800,2027,5,12,0,0,0,0,0,91,91,0,2,2,180,90,90,0
496900,2027,5,12,0,0,0,0,0,91,91,0,2,2,180,90,90,0
497000,2027,5,12,0,0,0,0,0,91,91,0,2,2,180,90,90,0
497100,2027,5,13,0,0,0,0,0,91,91,0,2,2,180,90,90,0
497200,2027,5,13,0,0,0,0,0,91,91,0,2,2,180,90,90,0
497300,2027,5,13,0,0,0,0,0,91,91,0,2,2,180,90,90,0
497400,2027,5,13,0,0,0,0,0,91,91,0,2,2,180,90,90,0
497500,2027,5,13,0,0,0,0,0,91,91,0,2,2,180,90,90,0
497600,2027,5,13,0,0,0,0,0,91,91,0,2,2,180,90,90,0
497700,2027,5,13,0,0,0,0,0,91,91,0,2,2,180,90,90,0
497800,2027,5,13,0,0,0,0,0,91,91,0,2,2,180,90,90,0
497900,2027,5,13,0,0,0,0,0,91,91,0,2,2,180,90,90,0
498000,2027,5,13,0,0,0,0,0,91,91,0,2,2,180,90,90,0
498100,2027,5,14,0,0,0,0,0,91,91,0,2,2,180,90,90,0
498200,2027,5,14,0,0,0,0,0,91,91,0,2,2,180,90,90,0
498300,2027,5,14,0,0,0,0,0,91,91,0,2,2,180,90,90,0
498400,2027,5,14,0,0,0,0,0,91,91,0,2,2,180,90,90,0
498500,2027,5,14,0,0,0,0,0,91,91,0,2,2,180,90,90,0
498600,2027,5,14,0,0,0,0,0,91,91,0,2,2,180,90,90,0
498700,2027,5,14,0,0,0,0,0,91,91,0,2,2,180,90,90,0
498800,2027,5,14,0,0,0,0,0,91,91,0,2,2,180,90,90,0
498900,2027,5,14,0,0,0,0,0,91,91,0,2,2,180,90,90,0
499000,2027,5,14,0,0,0,0,0,91,91,0,2,2,180,90,90,0
499100,2027,5,15,0,0,0,0,0,91,91,0,2,2,180,90,90,0
499200,2027,5,15,0,0,0,0,0,91,91,0,2,2,180,90,90,0
499300,2027,5,15,0,0,0,0,0,91,91,0,2,2,180,90,90,0
499400,2027,5,15,0,0,0,0,0,91,91,0,2,2,180,90,90,0
499500,2027,5,15,0,0,0,0,0,91,91,0,2,2,180,90,90,0
499600,2027,5,15,0,0,0,0,0,91,91,0,2,2,180,90,90,0
499700,2027,5,15,0,0,0,0,0,91,91,0,2,2,180,90,90,0
499800,2027,5,15,0,0,0,0,0,91,91,0,2,2,180,90,90,0
499900,2027,5,15,0,0,0,0,0,91,91,0,2,2,180,90,90,0
500000,2027,5,15,0,0,0,0,0,91,91,0,2,2,180,90,90,0
500100,2027,5,16,0,0,0,0,0,91,91,0,2,2,180,90,90,0
500200,2027,5,16,0,0,0,0,0,91,91,0,2,2,180,90,90,0
500300,2027,5,16,0,0,0,0,0,91,91,0,2,2,180,90,90,0
500400,2027,5,16,0,0,0,0,0,91,91,0,2,2,180,90,90,0
500500,2027,5,16,0,0,0,0,0,91,91,0,2,2,180,90,90,0
500600,2027,5,16,0,0,0,0,0,91,91,0,2,2,180,90,90,0
500700,2027,5,16,0,0,0,0,0,91,91,0,2,2,180,90,90,0
500800,2027,5,16,0,0,0,0,0,91,91,0,2,2,180,90,90,0
500900,2027,5,16,0,0,0,0,0,91,91,0,2,2,180,90,90,0
501000,2027,5,16,0,0,0,0,0,91,91,0,2,2,180,90,90,0
501100,2027,5,17,0,0,0,0,0,91,91,0,2,2,180,90,90,0
501200,2027,5,17,0,0,0,0,0,91,91,0,2,2,180,90,90,0
501300,2027,5,17,0,0,0,0,0,91,91,0,2,2,180,90,90,0
501400,2027,5,17,0,0,0,0,0,91,91,0,2,2,180,90,90,0
501500,2027,5,17,0,0,0,0,0,91,91,0,2,2,180,90,90,0
501600,2027,5,17,0,0,0,0,0,91,91,0,2,2,180,90,90,0
501700,2027,5,17,0,0,0,0,0,91,91,0,2,2,180,90,90,0
501800,2027,5,17,0,0,0,0,0,91,91,0,2,2,180,90,90,0
501900,2027,5,17,0,0,0,0,0,91,91,0,2,2,180,90,90,0
502000,2027,5,17,0,0,0,0,0,91,91,0,2,2,180,90,90,0
502100,2027,5,18,0,0,0,0,0,91,91,0,2,2,180,90,90,0
502200,2027,5,18,0,0,0,0,0,91,91,0,2,2,180,90,90,0
502300,2027,5,18,0,0,0,0,0,91,91,0,2,2,180,90,90,0
502400,2027,5,18,0,0,0,0,0,91,91,0,2,2,180,90,90,0
502500,2027,5,18,0,0,0,0,0,91,91,0,2,2,180,90,90,0
502600,2027,5,18,0,0,0,0,0,91,91,0,2,2,180,90,90,0
502700,2027,5,18,0,0,0,0,0,91,91,0,2,2,180,90,90,0
502800,2027,5,18,0,0,0,0,0,91,91,0,2,2,180,90,90,0
502900,2027,5,18,0,0,0,0,0,91,91,0,2,2,180,90,90,0
503000,2027,5,18,0,0,0,0,0,91,91,0,2,2,180,90,90,0
503100,2027,5,19,0,0,0,0,0,91,91,0,2,2,180,90,90,0
503200,2027,5,19,0,0,0,0,0,91,91,0,2,2,180,90,90,0
503300,2027,5,19,0,0,0,0,0,91,91,0,2,2,180,90,90,0
503400,2027,5,19,0,0,0,0,0,91,91,0,2,2,180,90,90,0
503500,2027,5,19,0,0,0,0,0,91,91,0,2,2,180,90,90,0
503600,2027,5,19,0,0,0,0,0,91,91,0,2,2,180,90,90,0
503700,2027,5,19,0,0,0,0,0,91,91,0,2,2,180,90,90,0
503800,2027,5,19,0,0,0,0,0,91,91,0,2,2,180,90,90,0
503900,2027,5,19,0,0,0,0,0,91,91,0,2,2,180,90,90,0
504000,2027,5,19,0,0,0,0,0,91,91,0,2,2,180,90,90,0
504100,2027,5,20,0,0,0,0,0,91,91,0,2,2,180,90,90,0
504200,2027,5,20,0,0,0,0,0,91,91,0,2,2,180,90,90,0
504300,2027,5,20,0,0,0,0,0,91,91,0,2,2,180,90,90,0
504400,2027,5,20,0,0,0,0,0,91,91,0,2,2,180,90,90,0
504500,2027,5,20,0,0,0,0,0,91,91,0,2,2,180,90,90,0
504600,2027,5,20,0,0,0,0,0,91,91,0,2,2,180,90,90,0
504700,2027,5,20,0,0,0,0,0,91,91,0,2,2,180,90,90,0
504800,2027,5,20,0,0,0,0,0,91,91,0,2,2,180,90,90,0
504900,2027,5,20,0,0,0,0,0,91,91,0,2,2,180,90,90,0
505000,2027,5,20,0,0,0,0,0,91,91,0,2,2,180,90,90,0
505100,2027,5,21,0,0,0,0,0,91,91,0,2,2,180,90,90,0
505200,2027,5,21,0,0,0,0,0,91,91,0,2,2,180,90,90,0
505300,2027,5,21,0,0,0,0,0,91,91,0,2,2,180,90,90,0
505400,2027,5,21,0,0,0,0,0,91,91,0,2,2,180,90,90,0
505500,2027,5,21,0,0,0,0,0,91,91,0,2,2,180,90,90,0
505600,2027,5,21,0,0,0,0,0,91,91,0,2,2,180,90,90,0
505700,2027,5,21,0,0,0,0,0,91,91,0,2,2,180,90,90,0
505800,2027,5,21,0,0,0,0,0,91,91,0,2,2,180,90,90,0
505900,2027,5,21,0,0,0,0,0,91,91,0,2,2,180,90,90,0
506000,2027,5,21,0,0,0,0,0,91,91,0,2,2,180,90,90,0
506100,2027,5,22,0,0,0,0,0,91,91,0,2,2,180,90,90,0
506200,2027,5,22,0,0,0,0,0,91,91,0,2,2,180,90,90,0
506300,2027,5,22,0,0,0,0,0,91,91,0,2,2,180,90,90,0
506400,2027,5,22,0,0,0,0,0,91,91,0,2,2,180,90,90,0
506500,2027,5,22,0,0,0,0,0,91,91,0,2,2,180,90,90,0
506600,2027,5,22,0,0,0,0,0,91,91,0,2,2,180,90,90,0
506700,2027,5,22,0,0,0,0,0,91,91,0,2,2,180,90,90,0
506800,2027,5,22,0,0,0,0,0,91,91,0,2,2,180,90,90,0
506900,2027,5,22,0,0,0,0,0,91,91,0,2,2,180,90,90,0
507000,2027,5,22,0,0,0,0,0,91,91,0,2,2,180,90,90,0
507100,2027,5,23,0,0,0,0,0,91,91,0,2,2,180,90,90,0
507200,2027,5,23,0,0,0,0,0,91,91,0,2,2,180,90,90,0
507300,2027,5,23,0,0,0,0,0,91,91,0,2,2,180,90,90,0
507400,2027,5,23,0,0,0,0,0,91,91,0,2,2,180,90,90,0
507500,2027,5,23,0,0,0,0,0,91,91,0,2,2,180,90,90,0
507600,2027,5,23,0,0,0,0,0,91,91,0,2,2,180,90,90,0
507700,2027,5,23,0,0,0,0,0,91,91,0,2,2,180,90,90,0
507800,2027,5,23,0,0,0,0,0,91,91,0,2,2,180,90,90,0
507900,2027,5,23,0,0,0,0,0,91,91,0,2,2,180,90,90,0
508000,2027,5,23,0,0,0,0,0,91,91,0,2,2,180,90,90,0
508100,2027,5,24,0,0,0,0,0,91,91,0,2,2,180,90,90,0
508200,2027,5,24,0,0,0,0,0,91,91,0,2,2,180,90,90,0
508300,2027,5,24,0,0,0,0,0,91,91,0,2,2,180,90,90,0
508400,2027,5,24,0,0,0,0,0,91,91,0,2,2,180,90,90,0
508500,2027,5,24,0,0,0,0,0,91,91,0,2,2,180,90,90,0
508600,2027,5,24,0,0,0,0,0,91,91,0,2,2,180,90,90,0
508700,2027,5,24,0,0,0,0,0,91,91,0,2,2,180,90,90,0
508800,2027,5,24,0,0,0,0,0,91,91,0,2,2,180,90,90,0
508900,2027,5,24,0,0,0,0,0,91,91,0,2,2,180,90,90,0
509000,2027,5,24,0,0,0,0,0,91,91,0,2,2,180,90,90,0
509100,2027,5,25,0,0,0,0,0,91,91,0,2,2,180,90,90,0
509200,2027,5,25,0,0,0,0,0,91,91,0,2,2,180,90,90,0
509300,2027,5,25,0,0,0,0,0,91,91,0,2,2,180,90,90,0
509400,2027,5,25,0,0,0,0,0,91,91,0,2,2,180,90,90,0
509500,2027,5,25,0,0,0,0,0,91,91,0,2,2,180,90,90,0
509600,2027,5,25,0,0,0,0,0,91,91,0,2,2,180,90,90,0
509700,2027,5,25,0,0,0,0,0,91,91,0,2,2,180,90,90,0
509800,2027,5,25,0,0,0,0,0,91,91,0,2,2,180,90,90,0
509900,2027,5,25,0,0,0,0,0,91,91,0,2,2,180,90,90,0
510000,2027,5,25,0,0,0,0,0,91,91,0,2,2,180,90,90,0
510100,2027,5,26,0,0,0,0,0,91,91,0,2,2,180,90,90,0
510200,2027,5,26,0,0,0,0,0,91,91,0,2,2,180,90,90,0
510300,2027,5,26,0,0,0,0,0,91,91,0,2,2,180,90,90,0
510400,2027,5,26,0,0,0,0,0,91,91,0,2,2,180,90,90,0
510500,2027,5,26,0,0,0,0,0,91,91,0,2,2,180,90,90,0
510600,2027,5,26,0,0,0,0,0,91,91,0,2,2,180,90,90,0
510700,2027,5,26,0,0,0,0,0,91,91,0,2,2,180,90,90,0
510800,2027,5,26,0,0,0,0,0,91,91,0,2,2,180,90,90,0
510900,2027,5,26,0,0,0,0,0,91,91,0,2,2,180,90,90,0
511000,2027,5,26,0,0,0,0,0,91,91,0,2,2,180,90,90,0
511100,2027,5,27,0,0,0,0,0,91,91,0,2,2,180,90,90,0
511200,2027,5,27,0,0,0,0,0,91,91,0,2,2,180,90,90,0
511300,2027,5,27,0,0,0,0,0,91,91,0,2,2,180,90,90,0
511400,2027,5,27,0,0,0,0,0,91,91,0,2,2,180,90,90,0
511500,2027,5,27,0,0,0,0,0,91,91,0,2,2,180,90,90,0
511600,2027,5,27,0,0,0,0,0,91,91,0,2,2,180,90,90,0
511700,2027,5,27,0,0,0,0,0,91,91,0,2,2,180,90,90,0
511800,2027,5,27,0,0,0,0,0,91,91,0,2,2,180,90,90,0
511900,2027,5,27,0,0,0,0,0,91,91,0,2,2,180,90,90,0
512000,2027,5,27,0,0,0,0,0,91,91,0,2,2,180,90,90,0
512100,2027,5,28,0,0,0,0,0,91,91,0,2,2,180,90,90,0
512200,2027,5,28,0,0,0,0,0,91,91,0,2,2,180,90,90,0
512300,2027,5,28,0,0,0,0,0,91,91,0,2,2,180,90,90,0
512400,2027,5,28,0,0,0,0,0,91,91,0,2,2,180,90,90,0
512500,2027,5,28,0,0,0,0,0,91,91,0,2,2,180,90,90,0
512600,2027,5,28,0,0,0,0,0,91,91,0,2,2,180,90,90,0
512700,2027,5,28,0,0,0,0,0,91,91,0,2,2,180,90,90,0
512800,2027,5,28,0,0,0,0,0,91,91,0,2,2,180,90,90,0
512900,2027,5,28,0,0,0,0,0,91,91,0,2,2,180,90,90,0
513000,2027,5,28,0,0,0,0,0,91,91,0,2,2,180,90,90,0
513100,2027,5,29,0,0,0,0,0,91,91,0,2,2,180,90,90,0
513200,2027,5,29,0,0,0,0,0,91,91,0,2,2,180,90,90,0
513300,2027,5,29,0,0,0,0,0,91,91,0,2,2,180,90,90,0
513400,2027,5,29,0,0,0,0,0,91,91,0,2,2,180,90,90,0
513500,2027,5,29,0,0,0,0,0,91,91,0,2,2,180,90,90,0
513600,2027,5,29,0,0,0,0,0,91,91,0,2,2,180,90,90,0
513700,2027,5,29,0,0,0,0,0,91,91,0,2,2,180,90,90,0
513800,2027,5,29,0,0,0,0,0,91,91,0,2,2,180,90,90,0
513900,2027,5,29,0,0,0,0,0,91,91,0,2,2,180,90,90,0
514000,2027,5,29,0,0,0,0,0,91,91,0,2,2,180,90,90,0
514100,2027,5,30,0,0,0,0,0,91,91,0,2,2,180,90,90,0
514200,2027,5,30,0,0,0,0,0,91,91,0,2,2,180,90,90,0
514300,2027,5,30,0,0,0,0,0,91,91,0,2,2,180,90,90,0
514400,2027,5,30,0,0,0,0,0,91,91,0,2,2,180,90,90,0
514500,2027,5,30,0,0,0,0,0,91,91,0,2,2,180,90,90,0
514600,2027,5,30,0,0,0,0,0,91,91,0,2,2,180,90,90,0
514700,2027,5,30,0,0,0,0,0,91,91,0,2,2,180,90,90,0
514800,2027,5,30,0,0,0,0,0,91,91,0,2,2,180,90,90,0
514900,2027,5,30,0,0,0,0,0,91,91,0,2,2,180,90,90,0
515000,2027,5,30,0,0,0,0,0,91,91,0,2,2,180,90,90,0
515100,2027,5,31,0,0,0,0,0,91,91,0,2,2,180,90,90,0
515200,2027,5,31,0,0,0,0,0,91,91,0,2,2,180,90,90,0
515300,2027,5,31,0,0,0,0,0,91,91,0,2,2,180,90,90,0
515400,2027,5,31,0,0,0,0,0,91,91,0,2,2,180,90,90,0
515500,2027,5,31,0,0,0,0,0,91,91,0,2,2,180,90,90,0
515600,2027,5,31,0,0,0,0,0,91,91,0,2,2,180,90,90,0
515700,2027,5,31,0,0,0,0,0,91,91,0,2,2,180,90,90,0
515800,2027,5,31,0,0,0,0,0,91,91,0,2,2,180,90,90,0
515900,2027,5,31,0,0,0,0,0,91,91,0,2,2,180,90,90,0
516000,2027,5,31,0,0,0,0,0,91,91,0,2,2,180,90,90,0
516100,2027,6,1,0,0,0,0,0,91,91,0,2,2,180,90,90,0
516200,2027,6,1,0,0,0,0,0,91,91,0,2,2,180,90,90,0
516300,2027,6,1,0,0,0,0,0,91,91,0,2,2,180,90,90,0
516400,2027,6,1,0,0,0,0,0,91,91,0,2,2,180,90,90,0
516500,2027,6,1,0,0,0,0,0,91,91,0,2,2,180,90,90,0
516600,2027,6,1,0,0,0,0,0,91,91,0,2,2,180,90,90,0
516700,2027,6,1,0,0,0,0,0,91,91,0,2,2,180,90,90,0
516800,2027,6,1,0,0,0,0,0,91,91,0,2,2,180,90,90,0
516900,2027,6,1,0,0,0,0,0,91,91,0,2,2,180,90,90,0
517000,2027,6,1,0,0,0,0,0,91,91,0,2,2,180,90,90,0
517100,2027,6,2,0,0,0,0,0,91,91,0,2,2,180,90,90,0
517200,2027,6,2,0,0,0,0,0,91,91,0,2,2,180,90,90,0
517300,2027,6,2,0,0,0,0,0,91,91,0,2,2,180,90,90,0
517400,2027,6,2,0,0,0,0,0,91,91,0,2,2,180,90,90,0
517500,2027,6,2,0,0,0,0,0,91,91,0,2,2,180,90,90,0
517600,2027,6,2,0,0,0,0,0,91,91,0,2,2,180,90,90,0
517700,2027,6,2,0,0,0,0,0,91,91,0,2,2,180,90,90,0
517800,2027,6,2,0,0,0,0,0,91,91,0,2,2,180,90,90,0
517900,2027,6,2,0,0,0,0,0,91,91,0,2,2,180,90,90,0
518000,2027,6,2,0,0,0,0,0,91,91,0,2,2,180,90,90,0
518100,2027,6,3,0,0,0,0,0,91,91,0,2,2,180,90,90,0
518200,2027,6,3,0,0,0,0,0,91,91,0,2,2,180,90,90,0
518300,2027,6,3,0,0,0,0,0,91,91,0,2,2,180,90,90,0
518400,2027,6,3,0,0,0,0,0,91,91,0,2,2,180,90,90,0
518500,2027,6,3,0,0,0,0,0,91,91,0,2,2,180,90,90,0
518600,2027,6,3,0,0,0,0,0,91,91,0,2,2,180,90,90,0
518700,2027,6,3,0,0,0,0,0,91,91,0,2,2,180,90,90,0
518800,2027,6,3,0,0,0,0,0,91,91,0,2,2,180,90,90,0
518900,2027,6,3,0,0,0,0,0,91,91,0,2,2,180,90,90,0
519000,2027,6,3,0,0,0,0,0,91,91,0,2,2,180,90,90,0
519100,2027,6,4,0,0,0,0,0,91,91,0,2,2,180,90,90,0
519200,2027,6,4,0,0,0,0,0,91,91,0,2,2,180,90,90,0
519300,2027,6,4,0,0,0,0,0,91,91,0,2,2,180,90,90,0
519400,2027,6,4,0,0,0,0,0,91,91,0,2,2,180,90,90,0
519500,2027,6,4,0,0,0,0,0,91,91,0,2,2,180,90,90,0
519600,2027,6,4,0,0,0,0,0,91,91,0,2,2,180,90,90,0
519700,2027,6,4,0,0,0,0,0,91,91,0,2,2,180,90,90,0
519800,2027,6,4,0,0,0,0,0,91,91,0,2,2,180,90,90,0
519900,2027,6,4,0,0,0,0,0,91,91,0,2,2,180,90,90,0
520000,2027,6,4,0,0,0,0,0,91,91,0,2,2,180,90,90,0
520100,2027,6,5,0,0,0,0,0,91,91,0,2,2,180,90,90,0
520200,2027,6,5,0,0,0,0,0,91,91,0,2,2,180,90,90,0
520300,2027,6,5,0,0,0,0,0,91,91,0,2,2,180,90,90,0
520400,2027,6,5,0,0,0,0,0,91,91,0,2,2,180,90,90,0
520500,2027,6,5,0,0,0,0,0,91,91,0,2,2,180,90,90,0
520600,2027,6,5,0,0,0,0,0,91,91,0,2,2,180,90,90,0
520700,2027,6,5,0,0,0,0,0,91,91,0,2,2,180,90,90,0
520800,2027,6,5,0,0,0,0,0,91,91,0,2,2,180,90,90,0
520900,2027,6,5,0,0,0,0,0,91,91,0,2,2,180,90,90,0
521000,2027,6,5,0,0,0,0,0,91,91,0,2,2,180,90,90,0
521100,2027,6,6,0,0,0,0,0,91,91,0,2,2,180,90,90,0
521200,2027,6,6,0,0,0,0,0,91,91,0,2,2,180,90,90,0
521300,2027,6,6,0,0,0,0,0,91,91,0,2,2,180,90,90,0
521400,2027,6,6,0,0,0,0,0,91,91,0,2,2,180,90,90,0
521500,2027,6,6,0,0,0,0,0,91,91,0,2,2,180,90,90,0
521600,2027,6,6,0,0,0,0,0,91,91,0,2,2,180,90,90,0
521700,2027,6,6,0,0,0,0,0,91,91,0,2,2,180,90,90,0
521800,2027,6,6,0,0,0,0,0,91,91,0,2,2,180,90,90,0
521900,2027,6,6,0,0,0,0,0,91,91,0,2,2,180,90,90,0
522000,2027,6,6,0,0,0,0,0,91,91,0,2,2,180,90,90,0
522100,2027,6,7,0,0,0,0,0,91,91,0,2,2,180,90,90,0
522200,2027,6,7,0,0,0,0,0,91,91,0,2,2,180,90,90,0
522300,2027,6,7,0,0,0,0,0,91,91,0,2,2,180,90,90,0
522400,2027,6,7,0,0,0,0,0,91,91,0,2,2,180,90,90,0
522500,2027,6,7,0,0,0,0,0,91,91,0,2,2,180,90,90,0
522600,2027,6,7,0,0,0,0,0,91,91,0,2,2,180,90,90,0
522700,2027,6,7,0,0,0,0,0,91,91,0,2,2,180,90,90,0
522800,2027,6,7,0,0,0,0,0,91,91,0,2,2,180,90,90,0
522900,2027,6,7,0,0,0,0,0,91,91,0,2,2,180,90,90,0
523000,2027,6,7,0,0,0,0,0,91,91,0,2,2,180,90,90,0
523100,2027,6,8,0,0,0,0,0,91,91,0,2,2,180,90,90,0
523200,2027,6,8,0,0,0,0,0,91,91,0,2,2,180,90,90,0
523300,2027,6,8,0,0,0,0,0,91,91,0,2,2,180,90,90,0
523400,2027,6,8,0,0,0,0,0,91,91,0,2,2,180,90,90,0
523500,2027,6,8,0,0,0,0,0,91,91,0,2,2,180,90,90,0
523600,2027,6,8,0,0,0,0,0,91,91,0,2,2,180,90,90,0
523700,2027,6,8,0,0,0,0,0,91,91,0,2,2,180,90,90,0
523800,2027,6,8,0,0,0,0,0,91,91,0,2,2,180,90,90,0
523900,2027,6,8,0,0,0,0,0,91,91,0,2,2,180,90,90,0
524000,2027,6,8,0,0,0,0,0,91,91,0,2,2,180,90,90,0
524100,2027,6,9,0,0,0,0,0,91,91,0,2,2,180,90,90,0
524200,2027,6,9,0,0,0,0,0,91,91,0,2,2,180,90,90,0
524300,2027,6,9,0,0,0,0,0,91,91,0,2,2,180,90,90,0
524400,2027,6,9,0,0,0,0,0,91,91,0,2,2,180,90,90,0
524500,2027,6,9,0,0,0,0,0,91,91,0,2,2,180,90,90,0
524600,2027,6,9,0,0,0,0,0,91,91,0,2,2,180,90,90,0
524700,2027,6,9,0,0,0,0,0,91,91,0,2,2,180,90,90,0
524800,2027,6,9,0,0,0,0,0,91,91,0,2,2,180,90,90,0
524900,2027,6,9,0,0,0,0,0,91,91,0,2,2,180,90,90,0
525000,2027,6,9,0,0,0,0,0,91,91,0,2,2,180,90,90,0
525100,2027,6,10,0,0,0,0,0,91,91,0,2,2,180,90,90,0
525200,2027,6,10,0,0,0,0,0,91,91,0,2,2,180,90,90,0
525300,2027,6,10,0,0,0,0,0,91,91,0,2,2,180,90,90,0
525400,2027,6,10,0,0,0,0,0,91,91,0,2,2,180,90,90,0
525500,2027,6,10,0,0,0,0,0,91,91,0,2,2,180,90,90,0
525600,2027,6,10,0,0,0,0,0,91,91,0,2,2,180,90,90,0
525700,2027,6,10,0,0,0,0,0,91,91,0,2,2,180,90,90,0
525800,2027,6,10,0,0,0,0,0,91,91,0,2,2,180,90,90,0
525900,2027,6,10,0,0,0,0,0,91,91,0,2,2,180,90,90,0
526000,2027,6,10,0,0,0,0,0,91,91,0,2,2,180,90,90,0
526100,2027,6,11,0,0,0,0,0,91,91,0,2,2,180,90,90,0
526200,2027,6,11,0,0,0,0,0,91,91,0,2,2,180,90,90,0
526300,2027,6,11,0,0,0,0,0,91,91,0,2,2,180,90,90,0
526400,2027,6,11,0,0,0,0,0,91,91,0,2,2,180,90,90,0
526500,2027,6,11,0,0,0,0,0,91,91,0,2,2,180,90,90,0
526600,2027,6,11,0,0,0,0,0,91,91,0,2,2,180,90,90,0
526700,2027,6,11,0,0,0,0,0,91,91,0,2,2,180,90,90,0
526800,2027,6,11,0,0,0,0,0,91,91,0,2,2,180,90,90,0
526900,2027,6,11,0,0,0,0,0,91,91,0,2,2,180,90,90,0
527000,2027,6,11,0,0,0,0,0,91,91,0,2,2,180,90,90,0
527100,2027,6,12,0,0,0,0,0,91,91,0,2,2,180,90,90,0
527200,2027,6,12,0,0,0,0,0,91,91,0,2,2,180,90,90,0
527300,2027,6,12,0,0,0,0,0,91,91,0,2,2,180,90,90,0
527400,2027,6,12,0,0,0,0,0,91,91,0,2,2,180,90,90,0
527500,2027,6,12,0,0,0,0,0,91,91,0,2,2,180,90,90,0
527600,2027,6,12,0,0,0,0,0,91,91,0,2,2,180,90,90,0
527700,2027,6,12,0,0,0,0,0,91,91,0,2,2,180,90,90,0
527800,2027,6,12,0,0,0,0,0,91,91,0,2,2,180,90,90,0
527900,2027,6,12,0,0,0,0,0,91,91,0,2,2,180,90,90,0
528000,2027,6,12,0,0,0,0,0,91,91,0,2,2,180,90,90,0
528100,2027,6,13,0,0,0,0,0,91,91,0,2,2,180,90,90,0
528200,2027,6,13,0,0,0,0,0,91,91,0,2,2,180,90,90,0
528300,2027,6,13,0,0,0,0,0,91,91,0,2,2,180,90,90,0
528400,2027,6,13,0,0,0,0,0,91,91,0,2,2,180,90,90,0
528500,2027,6,13,0,0,0,0,0,91,91,0,2,2,180,90,90,0
528600,2027,6,13,0,0,0,0,0,91,91,0,2,2,180,90,90,0
528700,2027,6,13,0,0,0,0,0,91,91,0,2,2,180,90,90,0
528800,2027,6,13,0,0,0,0,0,91,91,0,2,2,180,90,90,0
528900,2027,6,13,0,0,0,0,0,91,91,0,2,2,180,90,90,0
529000,2027,6,13,0,0,0,0,0,91,91,0,2,2,180,90,90,0
529100,2027,6,14,0,0,0,0,0,91,91,0,2,2,180,90,90,0
529200,2027,6,14,0,0,0,0,0,91,91,0,2,2,180,90,90,0
529300,2027,6,14,0,0,0,0,0,91,91,0,2,2,180,90,90,0
529400,2027,6,14,0,0,0,0,0,91,91,0,2,2,180,90,90,0
529500,2027,6,14,0,0,0,0,0,91,91,0,2,2,180,90,90,0
529600,2027,6,14,0,0,0,0,0,91,91,0,2,2,180,90,90,0
529700,2027,6,14,0,0,0,0,0,91,91,0,2,2,180,90,90,0
529800,2027,6,14,0,0,0,0,0,91,91,0,2,2,180,90,90,0
529900,2027,6,14,0,0,0,0,0,91,91,0,2,2,180,90,90,0
530000,2027,6,14,0,0,0,0,0,91,91,0,2,2,180,90,90,0
530100,2027,6,15,0,0,0,0,0,91,91,0,2,2,180,90,90,0
530200,2027,6,15,0,0,0,0,0,91,91,0,2,2,180,90,90,0
530300,2027,6,15,0,0,0,0,0,91,91,0,2,2,180,90,90,0
530400,2027,6,15,0,0,0,0,0,91,91,0,2,2,180,90,90,0
530500,2027,6,15,0,0,0,0,0,91,91,0,2,2,180,90,90,0
530600,2027,6,15,0,0,0,0,0,91,91,0,2,2,180,90,90,0
530700,2027,6,15,0,0,0,0,0,91,91,0,2,2,180,90,90,0
530800,2027,6,15,0,0,0,0,0,91,91,0,2,2,180,90,90,0
530900,2027,6,15,0,0,0,0,0,91,91,0,2,2,180,90,90,0
531000,2027,6,15,0,0,0,0,0,91,91,0,2,2,180,90,90,0
531100,2027,6,16,0,0,0,0,0,91,91,0,2,2,180,90,90,0
531200,2027,6,16,0,0,0,0,0,91,91,0,2,2,180,90,90,0
531300,2027,6,16,0,0,0,0,0,91,91,0,2,2,180,90,90,0
531400,2027,6,16,0,0,0,0,0,91,91,0,2,2,180,90,90,0
531500,2027,6,16,0,0,0,0,0,91,91,0,2,2,180,90,90,0
531600,2027,6,16,0,0,0,0,0,91,91,0,2,2,180,90,90,0
531700,2027,6,16,0,0,0,0,0,91,91,0,2,2,180,90,90,0
531800,2027,6,16,0,0,0,0,0,91,91,0,2,2,180,90,90,0
531900,2027,6,16,0,0,0,0,0,91,91,0,2,2,180,90,90,0
532000,2027,6,16,0,0,0,0,0,91,91,0,2,2,180,90,90,0
532100,2027,6,17,0,0,0,0,0,91,91,0,2,2,180,90,90,0
532200,2027,6,17,0,0,0,0,0,91,91,0,2,2,180,90,90,0
532300,2027,6,17,0,0,0,0,0,91,91,0,2,2,180,90,90,0
532400,2027,6,17,0,0,0,0,0,91,91,0,2,2,180,90,90,0
532500,2027,6,17,0,0,0,0,0,91,91,0,2,2,180,90,90,0
532600,2027,6,17,0,0,0,0,0,91,91,0,2,2,180,90,90,0
532700,2027,6,17,0,0,0,0,0,91,91,0,2,2,180,90,90,0
532800,2027,6,17,0,0,0,0,0,91,91,0,2,2,180,90,90,0
532900,2027,6,17,0,0,0,0,0,91,91,0,2,2,180,90,90,0
533000,2027,6,17,0,0,0,0,0,91,91,0,2,2,180,90,90,0
533100,2027,6,18,0,0,0,0,0,91,91,0,2,2,180,90,90,0
533200,2027,6,18,0,0,0,0,0,91,91,0,2,2,180,90,90,0
533300,2027,6,18,0,0,0,0,0,91,91,0,2,2,180,90,90,0
533400,2027,6,18,0,0,0,0,0,91,91,0,2,2,180,90,90,0
533500,2027,6,18,0,0,0,0,0,91,91,0,2,2,180,90,90,0
533600,2027,6,18,0,0,0,0,0,91,91,0,2,2,180,90,90,0
533700,2027,6,18,0,0,0,0,0,91,91,0,2,2,180,90,90,0
533800,2027,6,18,0,0,0,0,0,91,91,0,2,2,180,90,90,0
533900,2027,6,18,0,0,0,0,0,91,91,0,2,2,180,90,90,0
534000,2027,6,18,0,0,0,0,0,91,91,0,2,2,180,90,90,0
534100,2027,6,19,0,0,0,0,0,91,91,0,2,2,180,90,90,0
534200,2027,6,19,0,0,0,0,0,91,91,0,2,2,180,90,90,0
534300,2027,6,19,0,0,0,0,0,91,91,0,2,2,180,90,90,0
534400,2027,6,19,0,0,0,0,0,91,91,0,2,2,180,90,90,0
534500,2027,6,19,0,0,0,0,0,91,91,0,2,2,180,90,90,0
534600,2027,6,19,0,0,0,0,0,91,91,0,2,2,180,90,90,0
534700,2027,6,19,0,0,0,0,0,91,91,0,2,2,180,90,90,0
534800,2027,6,19,0,0,0,0,0,91,91,0,2,2,180,90,90,0
534900,2027,6,19,0,0,0,0,0,91,91,0,2,2,180,90,90,0
535000,2027,6,19,0,0,0,0,0,91,91,0,2,2,180,90,90,0
535100,2027,6,20,0,0,0,0,0,91,91,0,2,2,180,90,90,0
535200,2027,6,20,0,0,0,0,0,91,91,0,2,2,180,90,90,0
535300,2027,6,20,0,0,0,0,0,91,91,0,2,2,180,90,90,0
535400,2027,6,20,0,0,0,0,0,91,91,0,2,2,180,90,90,0
535500,2027,6,20,0,0,0,0,0,91,91,0,2,2,180,90,90,0
535600,2027,6,20,0,0,0,0,0,91,91,0,2,2,180,90,90,0
535700,2027,6,20,0,0,0,0,0,91,91,0,2,2,180,90,90,0
535800,2027,6,20,0,0,0,0,0,91,91,0,2,2,180,90,90,0
535900,2027,6,20,0,0,0,0,0,91,91,0,2,2,180,90,90,0
536000,2027,6,20,0,0,0,0,0,91,91,0,2,2,180,90,90,0
536100,2027,6,21,0,0,0,0,0,91,91,0,2,2,180,90,90,0
536200,2027,6,21,0,0,0,0,0,91,91,0,2,2,180,90,90,0
536300,2027,6,21,0,0,0,0,0,91,91,0,2,2,180,90,90,0
536400,2027,6,21,0,0,0,0,0,91,91,0,2,2,180,90,90,0
536500,2027,6,21,0,0,0,0,0,91,91,0,2,2,180,90,90,0
536600,2027,6,21,0,0,0,0,0,91,91,0,2,2,180,90,90,0
536700,2027,6,21,0,0,0,0,0,91,91,0,2,2,180,90,90,0
536800,2027,6,21,0,0,0,0,0,91,91,0,2,2,180,90,90,0
536900,2027,6,21,0,0,0,0,0,91,91,0,2,2,180,90,90,0
537000,2027,6,21,0,0,0,0,0,91,91,0,2,2,180,90,90,0
537100,2027,6,22,0,0,0,0,0,91,91,0,2,2,180,90,90,0
537200,2027,6,22,0,0,0,0,0,91,91,0,2,2,180,90,90,0
537300,2027,6,22,0,0,0,0,0,91,91,0,2,2,180,90,90,0
537400,2027,6,22,0,0,0,0,0,91,91,0,2,2,180,90,90,0
537500,2027,6,22,0,0,0,0,0,91,91,0,2,2,180,90,90,0
537600,2027,6,22,0,0,0,0,0,91,91,0,2,2,180,90,90,0
537700,2027,6,22,0,0,0,0,0,91,91,0,2,2,180,90,90,0
537800,2027,6,22,0,0,0,0,0,91,91,0,2,2,180,90,90,0
537900,2027,6,22,0,0,0,0,0,91,91,0,2,2,180,90,90,0
538000,2027,6,22,0,0,0,0,0,91,91,0,2,2,180,90,90,0
538100,2027,6,23,0,0,0,0,0,91,91,0,2,2,180,90,90,0
538200,2027,6,23,0,0,0,0,0,91,91,0,2,2,180,90,90,0
538300,2027,6,23,0,0,0,0,0,91,91,0,2,2,180,90,90,0
538400,2027,6,23,0,0,0,0,0,91,91,0,2,2,180,90,90,0
538500,2027,6,23,0,0,0,0,0,91,91,0,2,2,180,90,90,0
538600,2027,6,23,0,0,0,0,0,91,91,0,2,2,180,90,90,0
538700,2027,6,23,0,0,0,0,0,91,91,0,2,2,180,90,90,0
538800,2027,6,23,0,0,0,0,0,91,91,0,2,2,180,90,90,0
538900,2027,6,23,0,0,0,0,0,91,91,0,2,2,180,90,90,0
539000,2027,6,23,0,0,0,0,0,91,91,0,2,2,180,90,90,0
539100,2027,6,24,0,0,0,0,0,91,91,0,2,2,180,90,90,0
539200,2027,6,24,0,0,0,0,0,91,91,0,2,2,180,90,90,0
539300,2027,6,24,0,0,0,0,0,91,91,0,2,2,180,90,90,0
539400,2027,6,24,0,0,0,0,0,91,91,0,2,2,180,90,90,0
539500,2027,6,24,0,0,0,0,0,91,91,0,2,2,180,90,90,0
539600,2027,6,24,0,0,0,0,0,91,91,0,2,2,180,90,90,0
539700,2027,6,24,0,0,0,0,0,91,91,0,2,2,180,90,90,0
539800,2027,6,24,0,0,0,0,0,91,91,0,2,2,180,90,90,0
539900,2027,6,24,0,0,0,0,0,91,91,0,2,2,180,90,90,0
540000,2027,6,24,0,0,0,0,0,91,91,0,2,2,180,90,90,0
540100,2027,6,25,0,0,0,0,0,91,91,0,2,2,180,90,90,0
540200,2027,6,25,0,0,0,0,0,91,91,0,2,2,180,90,90,0
540300,2027,6,25,0,0,0,0,0,91,91,0,2,2,180,90,90,0
540400,2027,6,25,0,0,0,0,0,91,91,0,2,2,180,90,90,0
540500,2027,6,25,0,0,0,0,0,91,91,0,2,2,180,90,90,0
540600,2027,6,25,0,0,0,0,0,91,91,0,2,2,180,90,90,0
540700,2027,6,25,0,0,0,0,0,91,91,0,2,2,180,90,90,0
540800,2027,6,25,0,0,0,0,0,91,91,0,2,2,180,90,90,0
540900,2027,6,25,0,0,0,0,0,91,91,0,2,2,180,90,90,0
541000,2027,6,25,0,0,0,0,0,91,91,0,2,2,180,90,90,0
541100,2027,6,26,0,0,0,0,0,91,91,0,2,2,180,90,90,0
541200,2027,6,26,0,0,0,0,0,91,91,0,2,2,180,90,90,0
541300,2027,6,26,0,0,0,0,0,91,91,0,2,2,180,90,90,0
541400,2027,6,26,0,0,0,0,0,91,91,0,2,2,180,90,90,0
541500,2027,6,26,0,0,0,0,0,91,91,0,2,2,180,90,90,0
541600,2027,6,26,0,0,0,0,0,91,91,0,2,2,180,90,90,0
541700,2027,6,26,0,0,0,0,0,91,91,0,2,2,180,90,90,0
541800,2027,6,26,0,0,0,0,0,91,91,0,2,2,180,90,90,0
541900,2027,6,26,0,0,0,0,0,91,91,0,2,2,180,90,90,0
542000,2027,6,26,0,0,0,0,0,91,91,0,2,2,180,90,90,0
542100,2027,6,27,0,0,0,0,0,91,91,0,2,2,180,90,90,0
542200,2027,6,27,0,0,0,0,0,91,91,0,2,2,180,90,90,0
542300,2027,6,27,0,0,0,0,0,91,91,0,2,2,180,90,90,0
542400,2027,6,27,0,0,0,0,0,91,91,0,2,2,180,90,90,0
542500,2027,6,27,0,0,0,0,0,91,91,0,2,2,180,90,90,0
542600,2027,6,27,0,0,0,0,0,91,91,0,2,2,180,90,90,0
542700,2027,6,27,0,0,0,0,0,91,91,0,2,2,180,90,90,0
542800,2027,6,27,0,0,0,0,0,91,91,0,2,2,180,90,90,0
542900,2027,6,27,0,0,0,0,0,91,91,0,2,2,180,90,90,0
543000,2027,6,27,0,0,0,0,0,91,91,0,2,2,180,90,90,0
543100,2027,6,28,0,0,0,0,0,91,91,0,2,2,180,90,90,0
543200,2027,6,28,0,0,0,0,0,91,91,0,2,2,180,90,90,0
543300,2027,6,28,0,0,0,0,0,91,91,0,2,2,180,90,90,0
543400,2027,6,28,0,0,0,0,0,91,91,0,2,2,180,90,90,0
543500,2027,6,28,0,0,0,0,0,91,91,0,2,2,180,90,90,0
543600,2027,6,28,0,0,0,0,0,91,91,0,2,2,180,90,90,0
543700,2027,6,28,0,0,0,0,0,91,91,0,2,2,180,90,90,0
543800,2027,6,28,0,0,0,0,0,91,91,0,2,2,180,90,90,0
543900,2027,6,28,0,0,0,0,0,91,91,0,2,2,180,90,90,0
544000,2027,6,28,0,0,0,0,0,91,91,0,2,2,180,90,90,0
544100,2027,6,29,0,0,0,0,0,91,91,0,2,2,180,90,90,0
544200,2027,6,29,0,0,0,0,0,91,91,0,2,2,180,90,90,0
544300,2027,6,29,0,0,0,0,0,91,91,0,2,2,180,90,90,0
544400,2027,6,29,0,0,0,0,0,91,91,0,2,2,180,90,90,0
544500,2027,6,29,0,0,0,0,0,91,91,0,2,2,180,90,90,0
544600,2027,6,29,0,0,0,0,0,91,91,0,2,2,180,90,90,0
544700,2027,6,29,0,0,0,0,0,91,91,0,2,2,180,90,90,0
544800,2027,6,29,0,0,0,0,0,91,91,0,2,2,180,90,90,0
544900,2027,6,29,0,0,0,0,0,91,91,0,2,2,180,90,90,0
545000,2027,6,29,0,0,0,0,0,91,91,0,2,2,180,90,90,0
545100,2027,6,30,0,0,0,0,0,91,91,0,2,2,180,90,90,0
545200,2027,6,30,0,0,0,0,0,91,91,0,2,2,180,90,90,0
545300,2027,6,30,0,0,0,0,0,91,91,0,2,2,180,90,90,0
545400,2027,6,30,0,0,0,0,0,91,91,0,2,2,180,90,90,0
545500,2027,6,30,0,0,0,0,0,91,91,0,2,2,180,90,90,0
545600,2027,6,30,0,0,0,0,0,91,91,0,2,2,180,90,90,0
545700,2027,6,30,0,0,0,0,0,91,91,0,2,2,180,90,90,0
545800,2027,6,30,0,0,0,0,0,91,91,0,2,2,180,90,90,0
545900,2027,6,30,0,0,0,0,0,91,91,0,2,2,180,90,90,0
546000,2027,6,30,0,0,0,0,0,91,91,0,2,2,180,90,90,0
546100,2027,7,1,0,0,0,0,0,91,91,0,2,2,180,90,90,0
546200,2027,7,1,0,0,0,0,0,91,91,0,2,2,180,90,90,0
546300,2027,7,1,0,0,0,0,0,91,91,0,2,2,180,90,90,0
546400,2027,7,1,0,0,0,0,0,91,91,0,2,2,180,90,90,0
546500,2027,7,1,0,0,0,0,0,91,91,0,2,2,180,90,90,0
546600,2027,7,1,0,0,0,0,0,91,91,0,2,2,180,90,90,0
546700,2027,7,1,0,0,0,0,0,91,91,0,2,2,180,90,90,0
546800,2027,7,1,0,0,0,0,0,91,91,0,2,2,180,90,90,0
546900,2027,7,1,0,0,0,0,0,91,91,0,2,2,180,90,90,0
547000,2027,7,1,0,0,0,0,0,91,91,0,2,2,180,90,90,0
547100,2027,7,2,0,0,0,0,0,91,91,0,2,2,180,90,90,0
547200,2027,7,2,0,0,0,0,0,91,91,0,2,2,180,90,90,0
547300,2027,7,2,0,0,0,0,0,91,91,0,2,2,180,90,90,0
547400,2027,7,2,0,0,0,0,0,91,91,0,2,2,180,90,90,0
547500,2027,7,2,0,0,0,0,0,91,91,0,2,2,180,90,90,0
547600,2027,7,2,0,0,0,0,0,91,91,0,2,2,180,90,90,0
547700,2027,7,2,0,0,0,0,0,91,91,0,2,2,180,90,90,0
547800,2027,7,2,0,0,0,0,0,91,91,0,2,2,180,90,90,0
547900,2027,7,2,0,0,0,0,0,91,91,0,2,2,180,90,90,0
548000,2027,7,2,0,0,0,0,0,91,91,0,2,2,180,90,90,0
548100,2027,7,3,0,0,0,0,0,91,91,0,2,2,180,90,90,0
548200,2027,7,3,0,0,0,0,0,91,91,0,2,2,180,90,90,0
548300,2027,7,3,0,0,0,0,0,91,91,0,2,2,180,90,90,0
548400,2027,7,3,0,0,0,0,0,91,91,0,2,2,180,90,90,0
548500,2027,7,3,0,0,0,0,0,91,91,0,2,2,180,90,90,0
548600,2027,7,3,0,0,0,0,0,91,91,0,2,2,180,90,90,0
548700,2027,7,3,0,0,0,0,0,91,91,0,2,2,180,90,90,0
548800,2027,7,3,0,0,0,0,0,91,91,0,2,2,180,90,90,0
548900,2027,7,3,0,0,0,0,0,91,91,0,2,2,180,90,90,0
549000,2027,7,3,0,0,0,0,0,91,91,0,2,2,180,90,90,0
549100,2027,7,4,0,0,0,0,0,91,91,0,2,2,180,90,90,0
549200,2027,7,4,0,0,0,0,0,91,91,0,2,2,180,90,90,0
549300,2027,7,4,0,0,0,0,0,91,91,0,2,2,180,90,90,0
549400,2027,7,4,0,0,0,0,0,91,91,0,2,2,180,90,90,0
549500,2027,7,4,0,0,0,0,0,91,91,0,2,2,180,90,90,0
549600,2027,7,4,0,0,0,0,0,91,91,0,2,2,180,90,90,0
549700,2027,7,4,0,0,0,0,0,91,91,0,2,2,180,90,90,0
549800,2027,7,4,0,0,0,0,0,91,91,0,2,2,180,90,90,0
549900,2027,7,4,0,0,0,0,0,91,91,0,2,2,180,90,90,0
550000,2027,7,4,0,0,0,0,0,91,91,0,2,2,180,90,90,0
550100,2027,7,5,0,0,0,0,0,91,91,0,2,2,180,90,90,0
550200,2027,7,5,0,0,0,0,0,91,91,0,2,2,180,90,90,0
550300,2027,7,5,0,0,0,0,0,91,91,0,2,2,180,90,90,0
550400,2027,7,5,0,0,0,0,0,91,91,0,2,2,180,90,90,0
550500,2027,7,5,0,0,0,0,0,91,91,0,2,2,180,90,90,0
550600,2027,7,5,0,0,0,0,0,91,91,0,2,2,180,90,90,0
550700,2027,7,5,0,0,0,0,0,91,91,0,2,2,180,90,90,0
550800,2027,7,5,0,0,0,0,0,91,91,0,2,2,180,90,90,0
550900,2027,7,5,0,0,0,0,0,91,91,0,2,2,180,90,90,0
551000,2027,7,5,0,0,0,0,0,91,91,0,2,2,180,90,90,0
551100,2027,7,6,0,0,0,0,0,91,91,0,2,2,180,90,90,0
551200,2027,7,6,0,0,0,0,0,91,91,0,2,2,180,90,90,0
551300,2027,7,6,0,0,0,0,0,91,91,0,2,2,180,90,90,0
551400,2027,7,6,0,0,0,0,0,91,91,0,2,2,180,90,90,0
551500,2027,7,6,0,0,0,0,0,91,91,0,2,2,180,90,90,0
551600,2027,7,6,0,0,0,0,0,91,91,0,2,2,180,90,90,0
551700,2027,7,6,0,0,0,0,0,91,91,0,2,2,180,90,90,0
551800,2027,7,6,0,0,0,0,0,91,91,0,2,2,180,90,90,0
551900,2027,7,6,0,0,0,0,0,91,91,0,2,2,180,90,90,0
552000,2027,7,6,0,0,0,0,0,91,91,0,2,2,180,90,90,0
552100,2027,7,7,0,0,0,0,0,91,91,0,2,2,180,90,90,0
552200,2027,7,7,0,0,0,0,0,91,91,0,2,2,180,90,90,0
552300,2027,7,7,0,0,0,0,0,91,91,0,2,2,180,90,90,0
552400,2027,7,7,0,0,0,0,0,91,91,0,2,2,180,90,90,0
552500,2027,7,7,0,0,0,0,0,91,91,0,2,2,180,90,90,0
552600,2027,7,7,0,0,0,0,0,91,91,0,2,2,180,90,90,0
552700,2027,7,7,0,0,0,0,0,91,91,0,2,2,180,90,90,0
552800,2027,7,7,0,0,0,0,0,91,91,0,2,2,180,90,90,0
552900,2027,7,7,0,0,0,0,0,91,91,0,2,2,180,90,90,0
553000,2027,7,7,0,0,0,0,0,91,91,0,2,2,180,90,90,0
553100,2027,7,8,0,0,0,0,0,91,91,0,2,2,180,90,90,0
553200,2027,7,8,0,0,0,0,0,91,91,0,2,2,180,90,90,0
553300,2027,7,8,0,0,0,0,0,91,91,0,2,2,180,90,90,0
553400,2027,7,8,0,0,0,0,0,91,91,0,2,2,180,90,90,0
553500,2027,7,8,0,0,0,0,0,91,91,0,2,2,180,90,90,0
553600,2027,7,8,0,0,0,0,0,91,91,0,2,2,180,90,90,0
553700,2027,7,8,0,0,0,0,0,91,91,0,2,2,180,90,90,0
553800,2027,7,8,0,0,0,0,0,91,91,0,2,2,180,90,90,0
553900,2027,7,8,0,0,0,0,0,91,91,0,2,2,180,90,90,0
554000,2027,7,8,0,0,0,0,0,91,91,0,2,2,180,90,90,0
554100,2027,7,9,0,0,0,0,0,91,91,0,2,2,180,90,90,0
554200,2027,7,9,0,0,0,0,0,91,91,0,2,2,180,90,90,0
554300,2027,7,9,0,0,0,0,0,91,91,0,2,2,180,90,90,0
554400,2027,7,9,0,0,0,0,0,91,91,0,2,2,180,90,90,0
554500,2027,7,9,0,0,0,0,0,91,91,0,2,2,180,90,90,0
554600,2027,7,9,0,0,0,0,0,91,91,0,2,2,180,90,90,0
554700,2027,7,9,0,0,0,0,0,91,91,0,2,2,180,90,90,0
554800,2027,7,9,0,0,0,0,0,91,91,0,2,2,180,90,90,0
554900,2027,7,9,0,0,0,0,0,91,91,0,2,2,180,90,90,0
555000,2027,7,9,0,0,0,0,0,91,91,0,2,2,180,90,90,0
555100,2027,7,10,0,0,0,0,0,91,91,0,2,2,180,90,90,0
555200,2027,7,10,0,0,0,0,0,91,91,0,2,2,180,90,90,0
555300,2027,7,10,0,0,0,0,0,91,91,0,2,2,180,90,90,0
555400,2027,7,10,0,0,0,0,0,91,91,0,2,2,180,90,90,0
555500,2027,7,10,0,0,0,0,0,91,91,0,2,2,180,90,90,0
555600,2027,7,10,0,0,0,0,0,91,91,0,2,2,180,90,90,0
555700,2027,7,10,0,0,0,0,0,91,91,0,2,2,180,90,90,0
555800,2027,7,10,0,0,0,0,0,91,91,0,2,2,180,90,90,0
555900,2027,7,10,0,0,0,0,0,91,91,0,2,2,180,90,90,0
556000,2027,7,10,0,0,0,0,0,91,91,0,2,2,180,90,90,0
556100,2027,7,11,0,0,0,0,0,91,91,0,2,2,180,90,90,0
556200,2027,7,11,0,0,0,0,0,91,91,0,2,2,180,90,90,0
556300,2027,7,11,0,0,0,0,0,91,91,0,2,2,180,90,90,0
556400,2027,7,11,0,0,0,0,0,91,91,0,2,2,180,90,90,0
556500,2027,7,11,0,0,0,0,0,91,91,0,2,2,180,90,90,0
556600,2027,7,11,0,0,0,0,0,91,91,0,2,2,180,90,90,0
556700,2027,7,11,0,0,0,0,0,91,91,0,2,2,180,90,90,0
556800,2027,7,11,0,0,0,0,0,91,91,0,2,2,180,90,90,0
556900,2027,7,11,0,0,0,0,0,91,91,0,2,2,180,90,90,0
557000,2027,7,11,0,0,0,0,0,91,91,0,2,2,180,90,90,0
557100,2027,7,12,0,0,0,0,0,91,91,0,2,2,180,90,90,0
557200,2027,7,12,0,0,0,0,0,91,91,0,2,2,180,90,90,0
557300,2027,7,12,0,0,0,0,0,91,91,0,2,2,180,90,90,0
557400,2027,7,12,0,0,0,0,0,91,91,0,2,2,180,90,90,0
557500,2027,7,12,0,0,0,0,0,91,91,0,2,2,180,90,90,0
557600,2027,7,12,0,0,0,0,0,91,91,0,2,2,180,90,90,0
557700,2027,7,12,0,0,0,0,0,91,91,0,2,2,180,90,90,0
557800,2027,7,12,0,0,0,0,0,91,91,0,2,2,180,90,90,0
557900,2027,7,12,0,0,0,0,0,91,91,0,2,2,180,90,90,0
558000,2027,7,12,0,0,0,0,0,91,91,0,2,2,180,90,90,0
558100,2027,7,13,0,0,0,0,0,91,91,0,2,2,180,90,90,0
558200,2027,7,13,0,0,0,0,0,91,91,0,2,2,180,90,90,0
558300,2027,7,13,0,0,0,0,0,91,91,0,2,2,180,90,90,0
558400,2027,7,13,0,0,0,0,0,91,91,0,2,2,180,90,90,0
558500,2027,7,13,0,0,0,0,0,91,91,0,2,2,180,90,90,0
558600,2027,7,13,0,0,0,0,0,91,91,0,2,2,180,90,90,0
558700,2027,7,13,0,0,0,0,0,91,91,0,2,2,180,90,90,0
558800,2027,7,13,0,0,0,0,0,91,91,0,2,2,180,90,90,0
558900,2027,7,13,0,0,0,0,0,91,91,0,2,2,180,90,90,0
559000,2027,7,13,0,0,0,0,0,91,91,0,2,2,180,90,90,0
559100,2027,7,14,0,0,0,0,0,91,91,0,2,2,180,90,90,0
559200,2027,7,14,0,0,0,0,0,91,91,0,2,2,180,90,90,0
559300,2027,7,14,0,0,0,0,0,91,91,0,2,2,180,90,90,0
559400,2027,7,14,0,0,0,0,0,91,91,0,2,2,180,90,90,0
559500,2027,7,14,0,0,0,0,0,91,91,0,2,2,180,90,90,0
559600,2027,7,14,0,0,0,0,0,91,91,0,2,2,180,90,90,0
559700,2027,7,14,0,0,0,0,0,91,91,0,2,2,180,90,90,0
559800,2027,7,14,0,0,0,0,0,91,91,0,2,2,180,90,90,0
559900,2027,7,14,0,0,0,0,0,91,91,0,2,2,180,90,90,0
560000,2027,7,14,0,0,0,0,0,91,91,0,2,2,180,90,90,0
560100,2027,7,15,0,0,0,0,0,91,91,0,2,2,180,90,90,0
560200,2027,7,15,0,0,0,0,0,91,91,0,2,2,180,90,90,0
560300,2027,7,15,0,0,0,0,0,91,91,0,2,2,180,90,90,0
560400,2027,7,15,0,0,0,0,0,91,91,0,2,2,180,90,90,0
560500,2027,7,15,0,0,0,0,0,91,91,0,2,2,180,90,90,0
560600,2027,7,15,0,0,0,0,0,91,91,0,2,2,180,90,90,0
560700,2027,7,15,0,0,0,0,0,91,91,0,2,2,180,90,90,0
560800,2027,7,15,0,0,0,0,0,91,91,0,2,2,180,90,90,0
560900,2027,7,15,0,0,0,0,0,91,91,0,2,2,180,90,90,0
561000,2027,7,15,0,0,0,0,0,91,91,0,2,2,180,90,90,0
561100,2027,7,16,0,0,0,0,0,91,91,0,2,2,180,90,90,0
561200,2027,7,16,0,0,0,0,0,91,91,0,2,2,180,90,90,0
561300,2027,7,16,0,0,0,0,0,91,91,0,2,2,180,90,90,0
561400,2027,7,16,0,0,0,0,0,91,91,0,2,2,180,90,90,0
561500,2027,7,16,0,0,0,0,0,91,91,0,2,2,180,90,90,0
561600,2027,7,16,0,0,0,0,0,91,91,0,2,2,180,90,90,0
561700,2027,7,16,0,0,0,0,0,91,91,0,2,2,180,90,90,0
561800,2027,7,16,0,0,0,0,0,91,91,0,2,2,180,90,90,0
561900,2027,7,16,0,0,0,0,0,91,91,0,2,2,180,90,90,0
562000,2027,7,16,0,0,0,0,0,91,91,0,2,2,180,90,90,0
562100,2027,7,17,0,0,0,0,0,91,91,0,2,2,180,90,90,0
562200,2027,7,17,0,0,0,0,0,91,91,0,2,2,180,90,90,0
562300,2027,7,17,0,0,0,0,0,91,91,0,2,2,180,90,90,0
562400,2027,7,17,0,0,0,0,0,91,91,0,2,2,180,90,90,0
562500,2027,7,17,0,0,0,0,0,91,91,0,2,2,180,90,90,0
562600,2027,7,17,0,0,0,0,0,91,91,0,2,2,180,90,90,0
562700,2027,7,17,0,0,0,0,0,91,91,0,2,2,180,90,90,0
562800,2027,7,17,0,0,0,0,0,91,91,0,2,2,180,90,90,0
562900,2027,7,17,0,0,0,0,0,91,91,0,2,2,180,90,90,0
563000,2027,7,17,0,0,0,0,0,91,91,0,2,2,180,90,90,0
563100,2027,7,18,0,0,0,0,0,91,91,0,2,2,180,90,90,0
563200,2027,7,18,0,0,0,0,0,91,91,0,2,2,180,90,90,0
563300,2027,7,18,0,0,0,0,0,91,91,0,2,2,180,90,90,0
563400,2027,7,18,0,0,0,0,0,91,91,0,2,2,180,90,90,0
563500,2027,7,18,0,0,0,0,0,91,91,0,2,2,180,90,90,0
563600,2027,7,18,0,0,0,0,0,91,91,0,2,2,180,90,90,0
563700,2027,7,18,0,0,0,0,0,91,91,0,2,2,180,90,90,0
563800,2027,7,18,0,0,0,0,0,91,91,0,2,2,180,90,90,0
563900,2027,7,18,0,0,0,0,0,91,91,0,2,2,180,90,90,0
564000,2027,7,18,0,0,0,0,0,91,91,0,2,2,180,90,90,0
564100,2027,7,19,0,0,0,0,0,91,91,0,2,2,180,90,90,0
564200,2027,7,19,0,0,0,0,0,91,91,0,2,2,180,90,90,0
564300,2027,7,19,0,0,0,0,0,91,91,0,2,2,180,90,90,0
564400,2027,7,19,0,0,0,0,0,91,91,0,2,2,180,90,90,0
564500,2027,7,19,0,0,0,0,0,91,91,0,2,2,180,90,90,0
564600,2027,7,19,0,0,0,0,0,91,91,0,2,2,180,90,90,0
564700,2027,7,19,0,0,0,0,0,91,91,0,2,2,180,90,90,0
564800,2027,7,19,0,0,0,0,0,91,91,0,2,2,180,90,90,0
564900,2027,7,19,0,0,0,0,0,91,91,0,2,2,180,90,90,0
565000,2027,7,19,0,0,0,0,0,91,91,0,2,2,180,90,90,0
565100,2027,7,20,0,0,0,0,0,91,91,0,2,2,180,90,90,0
565200,2027,7,20,0,0,0,0,0,91,91,0,2,2,180,90,90,0
565300,2027,7,20,0,0,0,0,0,91,91,0,2,2,180,90,90,0
565400,2027,7,20,0,0,0,0,0,91,91,0,2,2,180,90,90,0
565500,2027,7,20,0,0,0,0,0,91,91,0,2,2,180,90,90,0
565600,2027,7,20,0,0,0,0,0,91,91,0,2,2,180,90,90,0
565700,2027,7,20,0,0,0,0,0,91,91,0,2,2,180,90,90,0
565800,2027,7,20,0,0,0,0,0,91,91,0,2,2,180,90,90,0
565900,2027,7,20,0,0,0,0,0,91,91,0,2,2,180,90,90,0
566000,2027,7,20,0,0,0,0,0,91,91,0,2,2,180,90,90,0
566100,2027,7,21,0,0,0,0,0,91,91,0,2,2,180,90,90,0
566200,2027,7,21,0,0,0,0,0,91,91,0,2,2,180,90,90,0
566300,2027,7,21,0,0,0,0,0,91,91,0,2,2,180,90,90,0
566400,2027,7,21,0,0,0,0,0,91,91,0,2,2,180,90,90,0
566500,2027,7,21,0,0,0,0,0,91,91,0,2,2,180,90,90,0
566600,2027,7,21,0,0,0,0,0,91,91,0,2,2,180,90,90,0
566700,2027,7,21,0,0,0,0,0,91,91,0,2,2,180,90,90,0
566800,2027,7,21,0,0,0,0,0,91,91,0,2,2,180,90,90,0
566900,2027,7,21,0,0,0,0,0,91,91,0,2,2,180,90,90,0
567000,2027,7,21,0,0,0,0,0,91,91,0,2,2,180,90,90,0
567100,2027,7,22,0,0,0,0,0,91,91,0,2,2,180,90,90,0
567200,2027,7,22,0,0,0,0,0,91,91,0,2,2,180,90,90,0
567300,2027,7,22,0,0,0,0,0,91,91,0,2,2,180,90,90,0
567400,2027,7,22,0,0,0,0,0,91,91,0,2,2,180,90,90,0
567500,2027,7,22,0,0,0,0,0,91,91,0,2,2,180,90,90,0
567600,2027,7,22,0,0,0,0,0,91,91,0,2,2,180,90,90,0
567700,2027,7,22,0,0,0,0,0,91,91,0,2,2,180,90,90,0
567800,2027,7,22,0,0,0,0,0,91,91,0,2,2,180,90,90,0
567900,2027,7,22,0,0,0,0,0,91,91,0,2,2,180,90,90,0
568000,2027,7,22,0,0,0,0,0,91,91,0,2,2,180,90,90,0
568100,2027,7,23,0,0,0,0,0,91,91,0,2,2,180,90,90,0
568200,2027,7,23,0,0,0,0,0,91,91,0,2,2,180,90,90,0
568300,2027,7,23,0,0,0,0,0,91,91,0,2,2,180,90,90,0
568400,2027,7,23,0,0,0,0,0,91,91,0,2,2,180,90,90,0
568500,2027,7,23,0,0,0,0,0,91,91,0,2,2,180,90,90,0
568600,2027,7,23,0,0,0,0,0,91,91,0,2,2,180,90,90,0
568700,2027,7,23,0,0,0,0,0,91,91,0,2,2,180,90,90,0
568800,2027,7,23,0,0,0,0,0,91,91,0,2,2,180,90,90,0
568900,2027,7,23,0,0,0,0,0,91,91,0,2,2,180,90,90,0
569000,2027,7,23,0,0,0,0,0,91,91,0,2,2,180,90,90,0
569100,2027,7,24,0,0,0,0,0,91,91,0,2,2,180,90,90,0
569200,2027,7,24,0,0,0,0,0,91,91,0,2,2,180,90,90,0
569300,2027,7,24,0,0,0,0,0,91,91,0,2,2,180,90,90,0
569400,2027,7,24,0,0,0,0,0,91,91,0,2,2,180,90,90,0
569500,2027,7,24,0,0,0,0,0,91,91,0,2,2,180,90,90,0
569600,2027,7,24,0,0,0,0,0,91,91,0,2,2,180,90,90,0
569700,2027,7,24,0,0,0,0,0,91,91,0,2,2,180,90,90,0
569800,2027,7,24,0,0,0,0,0,91,91,0,2,2,180,90,90,0
569900,2027,7,24,0,0,0,0,0,91,91,0,2,2,180,90,90,0
570000,2027,7,24,0,0,0,0,0,91,91,0,2,2,180,90,90,0
570100,2027,7,25,0,0,0,0,0,91,91,0,2,2,180,90,90,0
570200,2027,7,25,0,0,0,0,0,91,91,0,2,2,180,90,90,0
570300,2027,7,25,0,0,0,0,0,91,91,0,2,2,180,90,90,0
570400,2027,7,25,0,0,0,0,0,91,91,0,2,2,180,90,90,0
570500,2027,7,25,0,0,0,0,0,91,91,0,2,2,180,90,90,0
570600,2027,7,25,0,0,0,0,0,91,91,0,2,2,180,90,90,0
570700,2027,7,25,0,0,0,0,0,91,91,0,2,2,180,90,90,0
570800,2027,7,25,0,0,0,0,0,91,91,0,2,2,180,90,90,0
570900,2027,7,25,0,0,0,0,0,91,91,0,2,2,180,90,90,0
571000,2027,7,25,0,0,0,0,0,91,91,0,2,2,180,90,90,0
571100,2027,7,26,0,0,0,0,0,91,91,0,2,2,180,90,90,0
571200,2027,7,26,0,0,0,0,0,91,91,0,2,2,180,90,90,0
571300,2027,7,26,0,0,0,0,0,91,91,0,2,2,180,90,90,0
571400,2027,7,26,0,0,0,0,0,91,91,0,2,2,180,90,90,0
571500,2027,7,26,0,0,0,0,0,91,91,0,2,2,180,90,90,0
571600,2027,7,26,0,0,0,0,0,91,91,0,2,2,180,90,90,0
571700,2027,7,26,0,0,0,0,0,91,91,0,2,2,180,90,90,0
571800,2027,7,26,0,0,0,0,0,91,91,0,2,2,180,90,90,0
571900,2027,7,26,0,0,0,0,0,91,91,0,2,2,180,90,90,0
572000,2027,7,26,0,0,0,0,0,91,91,0,2,2,180,90,90,0
572100,2027,7,27,0,0,0,0,0,91,91,0,2,2,180,90,90,0
572200,2027,7,27,0,0,0,0,0,91,91,0,2,2,180,90,90,0
572300,2027,7,27,0,0,0,0,0,91,91,0,2,2,180,90,90,0
572400,2027,7,27,0,0,0,0,0,91,91,0,2,2,180,90,90,0
572500,2027,7,27,0,0,0,0,0,91,91,0,2,2,180,90,90,0
572600,2027,7,27,0,0,0,0,0,91,91,0,2,2,180,90,90,0
572700,2027,7,27,0,0,0,0,0,91,91,0,2,2,180,90,90,0
572800,2027,7,27,0,0,0,0,0,91,91,0,2,2,180,90,90,0
572900,2027,7,27,0,0,0,0,0,91,91,0,2,2,180,90,90,0
573000,2027,7,27,0,0,0,0,0,91,91,0,2,2,180,90,90,0
573100,2027,7,28,0,0,0,0,0,91,91,0,2,2,180,90,90,0
573200,2027,7,28,0,0,0,0,0,91,91,0,2,2,180,90,90,0
573300,2027,7,28,0,0,0,0,0,91,91,0,2,2,180,90,90,0
573400,2027,7,28,0,0,0,0,0,91,91,0,2,2,180,90,90,0
573500,2027,7,28,0,0,0,0,0,91,91,0,2,2,180,90,90,0
573600,2027,7,28,0,0,0,0,0,91,91,0,2,2,180,90,90,0
573700,2027,7,28,0,0,0,0,0,91,91,0,2,2,180,90,90,0
573800,2027,7,28,0,0,0,0,0,91,91,0,2,2,180,90,90,0
573900,2027,7,28,0,0,0,0,0,91,91,0,2,2,180,90,90,0
574000,2027,7,28,0,0,0,0,0,91,91,0,2,2,180,90,90,0
574100,2027,7,29,0,0,0,0,0,91,91,0,2,2,180,90,90,0
574200,2027,7,29,0,0,0,0,0,91,91,0,2,2,180,90,90,0
574300,2027,7,29,0,0,0,0,0,91,91,0,2,2,180,90,90,0
574400,2027,7,29,0,0,0,0,0,91,91,0,2,2,180,90,90,0
574500,2027,7,29,0,0,0,0,0,91,91,0,2,2,180,90,90,0
574600,2027,7,29,0,0,0,0,0,91,91,0,2,2,180,90,90,0
574700,2027,7,29,0,0,0,0,0,91,91,0,2,2,180,90,90,0
574800,2027,7,29,0,0,0,0,0,91,91,0,2,2,180,90,90,0
574900,2027,7,29,0,0,0,0,0,91,91,0,2,2,180,90,90,0
575000,2027,7,29,0,0,0,0,0,91,91,0,2,2,180,90,90,0
575100,2027,7,30,0,0,0,0,0,91,91,0,2,2,180,90,90,0
575200,2027,7,30,0,0,0,0,0,91,91,0,2,2,180,90,90,0
575300,2027,7,30,0,0,0,0,0,91,91,0,2,2,180,90,90,0
575400,2027,7,30,0,0,0,0,0,91,91,0,2,2,180,90,90,0
575500,2027,7,30,0,0,0,0,0,91,91,0,2,2,180,90,90,0
575600,2027,7,30,0,0,0,0,0,91,91,0,2,2,180,90,90,0
575700,2027,7,30,0,0,0,0,0,91,91,0,2,2,180,90,90,0
575800,2027,7,30,0,0,0,0,0,91,91,0,2,2,180,90,90,0
575900,2027,7,30,0,0,0,0,0,91,91,0,2,2,180,90,90,0
576000,2027,7,30,0,0,0,0,0,91,91,0,2,2,180,90,90,0
576100,2027,7,31,0,0,0,0,0,91,91,0,2,2,180,90,90,0
576200,2027,7,31,0,0,0,0,0,91,91,0,2,2,180,90,90,0
576300,2027,7,31,0,0,0,0,0,91,91,0,2,2,180,90,90,0
576400,2027,7,31,0,0,0,0,0,91,91,0,2,2,180,90,90,0
576500,2027,7,31,0,0,0,0,0,91,91,0,2,2,180,90,90,0
576600,2027,7,31,0,0,0,0,0,91,91,0,2,2,180,90,90,0
576700,2027,7,31,0,0,0,0,0,91,91,0,2,2,180,90,90,0
576800,2027,7,31,0,0,0,0,0,91,91,0,2,2,180,90,90,0
576900,2027,7,31,0,0,0,0,0,91,91,0,2,2,180,90,90,0
577000,2027,7,31,0,0,0,0,0,91,91,0,2,2,180,90,90,0
577100,2027,8,1,0,0,0,0,0,91,91,0,2,2,180,90,90,0
577200,2027,8,1,0,0,0,0,0,91,91,0,2,2,180,90,90,0
577300,2027,8,1,0,0,0,0,0,91,91,0,2,2,180,90,90,0
577400,2027,8,1,0,0,0,0,0,91,91,0,2,2,180,90,90,0
577500,2027,8,1,0,0,0,0,0,91,91,0,2,2,180,90,90,0
577600,2027,8,1,0,0,0,0,0,91,91,0,2,2,180,90,90,0
577700,2027,8,1,0,0,0,0,0,91,91,0,2,2,180,90,90,0
577800,2027,8,1,0,0,0,0,0,91,91,0,2,2,180,90,90,0
577900,2027,8,1,0,0,0,0,0,91,91,0,2,2,180,90,90,0
578000,2027,8,1,0,0,0,0,0,91,91,0,2,2,180,90,90,0
578100,2027,8,2,0,0,0,0,0,91,91,0,2,2,180,90,90,0
578200,2027,8,2,0,0,0,0,0,91,91,0,2,2,180,90,90,0
578300,2027,8,2,0,0,0,0,0,91,91,0,2,2,180,90,90,0
578400,2027,8,2,0,0,0,0,0,91,91,0,2,2,180,90,90,0
578500,2027,8,2,0,0,0,0,0,91,91,0,2,2,180,90,90,0
578600,2027,8,2,0,0,0,0,0,91,91,0,2,2,180,90,90,0
578700,2027,8,2,0,0,0,0,0,91,91,0,2,2,180,90,90,0
578800,2027,8,2,0,0,0,0,0,91,91,0,2,2,180,90,90,0
578900,2027,8,2,0,0,0,0,0,91,91,0,2,2,180,90,90,0
579000,2027,8,2,0,0,0,0,0,91,91,0,2,2,180,90,90,0
579100,2027,8,3,0,0,0,0,0,91,91,0,2,2,180,90,90,0
579200,2027,8,3,0,0,0,0,0,91,91,0,2,2,180,90,90,0
579300,2027,8,3,0,0,0,0,0,91,91,0,2,2,180,90,90,0
579400,2027,8,3,0,0,0,0,0,91,91,0,2,2,180,90,90,0
579500,2027,8,3,0,0,0,0,0,91,91,0,2,2,180,90,90,0
579600,2027,8,3,0,0,0,0,0,91,91,0,2,2,180,90,90,0
579700,2027,8,3,0,0,0,0,0,91,91,0,2,2,180,90,90,0
579800,2027,8,3,0,0,0,0,0,91,91,0,2,2,180,90,90,0
579900,2027,8,3,0,0,0,0,0,91,91,0,2,2,180,90,90,0
580000,2027,8,3,0,0,0,0,0,91,91,0,2,2,180,90,90,0
580100,2027,8,4,0,0,0,0,0,91,91,0,2,2,180,90,90,0
580200,2027,8,4,0,0,0,0,0,91,91,0,2,2,180,90,90,0
580300,2027,8,4,0,0,0,0,0,91,91,0,2,2,180,90,90,0
580400,2027,8,4,0,0,0,0,0,91,91,0,2,2,180,90,90,0
580500,2027,8,4,0,0,0,0,0,91,91,0,2,2,180,90,90,0
580600,2027,8,4,0,0,0,0,0,91,91,0,2,2,180,90,90,0
580700,2027,8,4,0,0,0,0,0,91,91,0,2,2,180,90,90,0
580800,2027,8,4,0,0,0,0,0,91,91,0,2,2,180,90,90,0
580900,2027,8,4,0,0,0,0,0,91,91,0,2,2,180,90,90,0
581000,2027,8,4,0,0,0,0,0,91,91,0,2,2,180,90,90,0
581100,2027,8,5,0,0,0,0,0,91,91,0,2,2,180,90,90,0
581200,2027,8,5,0,0,0,0,0,91,91,0,2,2,180,90,90,0
581300,2027,8,5,0,0,0,0,0,91,91,0,2,2,180,90,90,0
581400,2027,8,5,0,0,0,0,0,91,91,0,2,2,180,90,90,0
581500,2027,8,5,0,0,0,0,0,91,91,0,2,2,180,90,90,0
581600,2027,8,5,0,0,0,0,0,91,91,0,2,2,180,90,90,0
581700,2027,8,5,0,0,0,0,0,91,91,0,2,2,180,90,90,0
581800,2027,8,5,0,0,0,0,0,91,91,0,2,2,180,90,90,0
581900,2027,8,5,0,0,0,0,0,91,91,0,2,2,180,90,90,0
582000,2027,8,5,0,0,0,0,0,91,91,0,2,2,180,90,90,0
582100,2027,8,6,0,0,0,0,0,91,91,0,2,2,180,90,90,0
582200,2027,8,6,0,0,0,0,0,91,91,0,2,2,180,90,90,0
582300,2027,8,6,0,0,0,0,0,91,91,0,2,2,180,90,90,0
582400,2027,8,6,0,0,0,0,0,91,91,0,2,2,180,90,90,0
582500,2027,8,6,0,0,0,0,0,91,91,0,2,2,180,90,90,0
582600,2027,8,6,0,0,0,0,0,91,91,0,2,2,180,90,90,0
582700,2027,8,6,0,0,0,0,0,91,91,0,2,2,180,90,90,0
582800,2027,8,6,0,0,0,0,0,91,91,0,2,2,180,90,90,0
582900,2027,8,6,0,0,0,0,0,91,91,0,2,2,180,90,90,0
583000,2027,8,6,0,0,0,0,0,91,91,0,2,2,180,90,90,0
583100,2027,8,7,0,0,0,0,0,91,91,0,2,2,180,90,90,0
583200,2027,8,7,0,0,0,0,0,91,91,0,2,2,180,90,90,0
583300,2027,8,7,0,0,0,0,0,91,91,0,2,2,180,90,90,0
583400,2027,8,7,0,0,0,0,0,91,91,0,2,2,180,90,90,0
583500,2027,8,7,0,0,0,0,0,91,91,0,2,2,180,90,90,0
583600,2027,8,7,0,0,0,0,0,91,91,0,2,2,180,90,90,0
583700,2027,8,7,0,0,0,0,0,91,91,0,2,2,180,90,90,0
583800,2027,8,7,0,0,0,0,0,91,91,0,2,2,180,90,90,0
583900,2027,8,7,0,0,0,0,0,91,91,0,2,2,180,90,90,0
584000,2027,8,7,0,0,0,0,0,91,91,0,2,2,180,90,90,0
584100,2027,8,8,0,0,0,0,0,91,91,0,2,2,180,90,90,0
584200,2027,8,8,0,0,0,0,0,91,91,0,2,2,180,90,90,0
584300,2027,8,8,0,0,0,0,0,91,91,0,2,2,180,90,90,0
584400,2027,8,8,0,0,0,0,0,91,91,0,2,2,180,90,90,0
584500,2027,8,8,0,0,0,0,0,91,91,0,2,2,180,90,90,0
584600,2027,8,8,0,0,0,0,0,91,91,0,2,2,180,90,90,0
584700,2027,8,8,0,0,0,0,0,91,91,0,2,2,180,90,90,0
584800,2027,8,8,0,0,0,0,0,91,91,0,2,2,180,90,90,0
584900,2027,8,8,0,0,0,0,0,91,91,0,2,2,180,90,90,0
585000,2027,8,8,0,0,0,0,0,91,91,0,2,2,180,90,90,0
585100,2027,8,9,0,0,0,0,0,91,91,0,2,2,180,90,90,0
585200,2027,8,9,0,0,0,0,0,91,91,0,2,2,180,90,90,0
585300,2027,8,9,0,0,0,0,0,91,91,0,2,2,180,90,90,0
585400,2027,8,9,0,0,0,0,0,91,91,0,2,2,180,90,90,0
585500,2027,8,9,0,0,0,0,0,91,91,0,2,2,180,90,90,0
585600,2027,8,9,0,0,0,0,0,91,91,0,2,2,180,90,90,0
585700,2027,8,9,0,0,0,0,0,91,91,0,2,2,180,90,90,0
585800,2027,8,9,0,0,0,0,0,91,91,0,2,2,180,90,90,0
585900,2027,8,9,0,0,0,0,0,91,91,0,2,2,180,90,90,0
586000,2027,8,9,0,0,0,0,0,91,91,0,2,2,180,90,90,0
586100,2027,8,10,0,0,0,0,0,91,91,0,2,2,180,90,90,0
586200,2027,8,10,0,0,0,0,0,91,91,0,2,2,180,90,90,0
586300,2027,8,10,0,0,0,0,0,91,91,0,2,2,180,90,90,0
586400,2027,8,10,0,0,0,0,0,91,91,0,2,2,180,90,90,0
586500,2027,8,10,0,0,0,0,0,91,91,0,2,2,180,90,90,0
586600,2027,8,10,0,0,0,0,0,91,91,0,2,2,180,90,90,0
586700,2027,8,10,0,0,0,0,0,91,91,0,2,2,180,90,90,0
586800,2027,8,10,0,0,0,0,0,91,91,0,2,2,180,90,90,0
586900,2027,8,10,0,0,0,0,0,91,91,0,2,2,180,90,90,0
587000,2027,8,10,0,0,0,0,0,91,91,0,2,2,180,90,90,0
587100,2027,8,11,0,0,0,0,0,91,91,0,2,2,180,90,90,0
587200,2027,8,11,0,0,0,0,0,91,91,0,2,2,180,90,90,0
587300,2027,8,11,0,0,0,0,0,91,91,0,2,2,180,90,90,0
587400,2027,8,11,0,0,0,0,0,91,91,0,2,2,180,90,90,0
587500,2027,8,11,0,0,0,0,0,91,91,0,2,2,180,90,90,0
587600,2027,8,11,0,0,0,0,0,91,91,0,2,2,180,90,90,0
587700,2027,8,11,0,0,0,0,0,91,91,0,2,2,180,90,90,0
587800,2027,8,11,0,0,0,0,0,91,91,0,2,2,180,90,90,0
587900,2027,8,11,0,0,0,0,0,91,91,0,2,2,180,90,90,0
588000,2027,8,11,0,0,0,0,0,91,91,0,2,2,180,90,90,0
588100,2027,8,12,0,0,0,0,0,91,91,0,2,2,180,90,90,0
588200,2027,8,12,0,0,0,0,0,91,91,0,2,2,180,90,90,0
588300,2027,8,12,0,0,0,0,0,91,91,0,2,2,180,90,90,0
588400,2027,8,12,0,0,0,0,0,91,91,0,2,2,180,90,90,0
588500,2027,8,12,0,0,0,0,0,91,91,0,2,2,180,90,90,0
588600,2027,8,12,0,0,0,0,0,91,91,0,2,2,180,90,90,0
588700,2027,8,12,0,0,0,0,0,91,91,0,2,2,180,90,90,0
588800,2027,8,12,0,0,0,0,0,91,91,0,2,2,180,90,90,0
588900,2027,8,12,0,0,0,0,0,91,91,0,2,2,180,90,90,0
589000,2027,8,12,0,0,0,0,0,91,91,0,2,2,180,90,90,0
589100,2027,8,13,0,0,0,0,0,91,91,0,2,2,180,90,90,0
589200,2027,8,13,0,0,0,0,0,91,91,0,2,2,180,90,90,0
589300,2027,8,13,0,0,0,0,0,91,91,0,2,2,180,90,90,0
589400,2027,8,13,0,0,0,0,0,91,91,0,2,2,180,90,90,0
589500,2027,8,13,0,0,0,0,0,91,91,0,2,2,180,90,90,0
589600,2027,8,13,0,0,0,0,0,91,91,0,2,2,180,90,90,0
589700,2027,8,13,0,0,0,0,0,91,91,0,2,2,180,90,90,0
589800,2027,8,13,0,0,0,0,0,91,91,0,2,2,180,90,90,0
589900,2027,8,13,0,0,0,0,0,91,91,0,2,2,180,90,90,0
590000,2027,8,13,0,0,0,0,0,91,91,0,2,2,180,90,90,0
590100,2027,8,14,0,0,0,0,0,91,91,0,2,2,180,90,90,0
590200,2027,8,14,0,0,0,0,0,91,91,0,2,2,180,90,90,0
590300,2027,8,14,0,0,0,0,0,91,91,0,2,2,180,90,90,0
590400,2027,8,14,0,0,0,0,0,91,91,0,2,2,180,90,90,0
590500,2027,8,14,0,0,0,0,0,91,91,0,2,2,180,90,90,0
590600,2027,8,14,0,0,0,0,0,91,91,0,2,2,180,90,90,0
590700,2027,8,14,0,0,0,0,0,91,91,0,2,2,180,90,90,0
590800,2027,8,14,0,0,0,0,0,91,91,0,2,2,180,90,90,0
590900,2027,8,14,0,0,0,0,0,91,91,0,2,2,180,90,90,0
591000,2027,8,14,0,0,0,0,0,91,91,0,2,2,180,90,90,0
591100,2027,8,15,0,0,0,0,0,91,91,0,2,2,180,90,90,0
591200,2027,8,15,0,0,0,0,0,91,91,0,2,2,180,90,90,0
591300,2027,8,15,0,0,0,0,0,91,91,0,2,2,180,90,90,0
591400,2027,8,15,0,0,0,0,0,91,91,0,2,2,180,90,90,0
591500,2027,8,15,0,0,0,0,0,91,91,0,2,2,180,90,90,0
591600,2027,8,15,0,0,0,0,0,91,91,0,2,2,180,90,90,0
591700,2027,8,15,0,0,0,0,0,91,91,0,2,2,180,90,90,0
591800,2027,8,15,0,0,0,0,0,91,91,0,2,2,180,90,90,0
591900,2027,8,15,0,0,0,0,0,91,91,0,2,2,180,90,90,0
592000,2027,8,15,0,0,0,0,0,91,91,0,2,2,180,90,90,0
592100,2027,8,16,0,0,0,0,0,91,91,0,2,2,180,90,90,0
592200,2027,8,16,0,0,0,0,0,91,91,0,2,2,180,90,90,0
592300,2027,8,16,0,0,0,0,0,91,91,0,2,2,180,90,90,0
592400,2027,8,16,0,0,0,0,0,91,91,0,2,2,180,90,90,0
592500,2027,8,16,0,0,0,0,0,91,91,0,2,2,180,90,90,0
592600,2027,8,16,0,0,0,0,0,91,91,0,2,2,180,90,90,0
592700,2027,8,16,0,0,0,0,0,91,91,0,2,2,180,90,90,0
592800,2027,8,16,0,0,0,0,0,91,91,0,2,2,180,90,90,0
592900,2027,8,16,0,0,0,0,0,91,91,0,2,2,180,90,90,0
593000,2027,8,16,0,0,0,0,0,91,91,0,2,2,180,90,90,0
593100,2027,8,17,0,0,0,0,0,91,91,0,2,2,180,90,90,0
593200,2027,8,17,0,0,0,0,0,91,91,0,2,2,180,90,90,0
593300,2027,8,17,0,0,0,0,0,91,91,0,2,2,180,90,90,0
593400,2027,8,17,0,0,0,0,0,91,91,0,2,2,180,90,90,0
593500,2027,8,17,0,0,0,0,0,91,91,0,2,2,180,90,90,0
593600,2027,8,17,0,0,0,0,0,91,91,0,2,2,180,90,90,0
593700,2027,8,17,0,0,0,0,0,91,91,0,2,2,180,90,90,0
593800,2027,8,17,0,0,0,0,0,91,91,0,2,2,180,90,90,0
593900,2027,8,17,0,0,0,0,0,91,91,0,2,2,180,90,90,0
594000,2027,8,17,0,0,0,0,0,91,91,0,2,2,180,90,90,0
594100,2027,8,18,0,0,0,0,0,91,91,0,2,2,180,90,90,0
594200,2027,8,18,0,0,0,0,0,91,91,0,2,2,180,90,90,0
594300,2027,8,18,0,0,0,0,0,91,91,0,2,2,180,90,90,0
594400,2027,8,18,0,0,0,0,0,91,91,0,2,2,180,90,90,0
594500,2027,8,18,0,0,0,0,0,91,91,0,2,2,180,90,90,0
594600,2027,8,18,0,0,0,0,0,91,91,0,2,2,180,90,90,0
594700,2027,8,18,0,0,0,0,0,91,91,0,2,2,180,90,90,0
594800,2027,8,18,0,0,0,0,0,91,91,0,2,2,180,90,90,0
594900,2027,8,18,0,0,0,0,0,91,91,0,2,2,180,90,90,0
595000,2027,8,18,0,0,0,0,0,91,91,0,2,2,180,90,90,0
595100,2027,8,19,0,0,0,0,0,91,91,0,2,2,180,90,90,0
595200,2027,8,19,0,0,0,0,0,91,91,0,2,2,180,90,90,0
595300,2027,8,19,0,0,0,0,0,91,91,0,2,2,180,90,90,0
595400,2027,8,19,0,0,0,0,0,91,91,0,2,2,180,90,90,0
595500,2027,8,19,0,0,0,0,0,91,91,0,2,2,180,90,90,0
595600,2027,8,19,0,0,0,0,0,91,91,0,2,2,180,90,90,0
595700,2027,8,19,0,0,0,0,0,91,91,0,2,2,180,90,90,0
595800,2027,8,19,0,0,0,0,0,91,91,0,2,2,180,90,90,0
595900,2027,8,19,0,0,0,0,0,91,91,0,2,2,180,90,90,0
596000,2027,8,19,0,0,0,0,0,91,91,0,2,2,180,90,90,0
596100,2027,8,20,0,0,0,0,0,91,91,0,2,2,180,90,90,0
596200,2027,8,20,0,0,0,0,0,91,91,0,2,2,180,90,90,0
596300,2027,8,20,0,0,0,0,0,91,91,0,2,2,180,90,90,0
596400,2027,8,20,0,0,0,0,0,91,91,0,2,2,180,90,90,0
596500,2027,8,20,0,0,0,0,0,91,91,0,2,2,180,90,90,0
596600,2027,8,20,0,0,0,0,0,91,91,0,2,2,180,90,90,0
596700,2027,8,20,0,0,0,0,0,91,91,0,2,2,180,90,90,0
596800,2027,8,20,0,0,0,0,0,91,91,0,2,2,180,90,90,0
596900,2027,8,20,0,0,0,0,0,91,91,0,2,2,180,90,90,0
597000,2027,8,20,0,0,0,0,0,91,91,0,2,2,180,90,90,0
597100,2027,8,21,0,0,0,0,0,91,91,0,2,2,180,90,90,0
597200,2027,8,21,0,0,0,0,0,91,91,0,2,2,180,90,90,0
597300,2027,8,21,0,0,0,0,0,91,91,0,2,2,180,90,90,0
597400,2027,8,21,0,0,0,0,0,91,91,0,2,2,180,90,90,0
597500,2027,8,21,0,0,0,0,0,91,91,0,2,2,180,90,90,0
597600,2027,8,21,0,0,0,0,0,91,91,0,2,2,180,90,90,0
597700,2027,8,21,0,0,0,0,0,91,91,0,2,2,180,90,90,0
597800,2027,8,21,0,0,0,0,0,91,91,0,2,2,180,90,90,0
597900,2027,8,21,0,0,0,0,0,91,91,0,2,2,180,90,90,0
598000,2027,8,21,0,0,0,0,0,91,91,0,2,2,180,90,90,0
598100,2027,8,22,0,0,0,0,0,91,91,0,2,2,180,90,90,0
598200,2027,8,22,0,0,0,0,0,91,91,0,2,2,180,90,90,0
598300,2027,8,22,0,0,0,0,0,91,91,0,2,2,180,90,90,0
598400,2027,8,22,0,0,0,0,0,91,91,0,2,2,180,90,90,0
598500,2027,8,22,0,0,0,0,0,91,91,0,2,2,180,90,90,0
598600,2027,8,22,0,0,0,0,0,91,91,0,2,2,180,90,90,0
598700,2027,8,22,0,0,0,0,0,91,91,0,2,2,180,90,90,0
598800,2027,8,22,0,0,0,0,0,91,91,0,2,2,180,90,90,0
598900,2027,8,22,0,0,0,0,0,91,91,0,2,2,180,90,90,0
599000,2027,8,22,0,0,0,0,0,91,91,0,2,2,180,90,90,0
599100,2027,8,23,0,0,0,0,0,91,91,0,2,2,180,90,90,0
599200,2027,8,23,0,0,0,0,0,91,91,0,2,2,180,90,90,0
599300,2027,8,23,0,0,0,0,0,91,91,0,2,2,180,90,90,0
599400,2027,8,23,0,0,0,0,0,91,91,0,2,2,180,90,90,0
599500,2027,8,23,0,0,0,0,0,91,91,0,2,2,180,90,90,0
599600,2027,8,23,0,0,0,0,0,91,91,0,2,2,180,90,90,0
599700,2027,8,23,0,0,0,0,0,91,91,0,2,2,180,90,90,0
599800,2027,8,23,0,0,0,0,0,91,91,0,2,2,180,90,90,0
599900,2027,8,23,0,0,0,0,0,91,91,0,2,2,180,90,90,0
600000,2027,8,23,0,0,0,0,0,91,91,0,2,2,180,90,90,0
600100,2027,8,24,0,0,0,0,0,91,91,0,2,2,180,90,90,0
600200,2027,8,24,0,0,0,0,0,91,91,0,2,2,180,90,90,0
600300,2027,8,24,0,0,0,0,0,91,91,0,2,2,180,90,90,0
600400,2027,8,24,0,0,0,0,0,91,91,0,2,2,180,90,90,0
600500,2027,8,24,0,0,0,0,0,91,91,0,2,2,180,90,90,0
600600,2027,8,24,0,0,0,0,0,91,91,0,2,2,180,90,90,0
600700,2027,8,24,0,0,0,0,0,91,91,0,2,2,180,90,90,0
600800,2027,8,24,0,0,0,0,0,91,91,0,2,2,180,90,90,0
600900,2027,8,24,0,0,0,0,0,91,91,0,2,2,180,90,90,0
601000,2027,8,24,0,0,0,0,0,91,91,0,2,2,180,90,90,0
601100,2027,8,25,0,0,0,0,0,91,91,0,2,2,180,90,90,0
601200,2027,8,25,0,0,0,0,0,91,91,0,2,2,180,90,90,0
601300,2027,8,25,0,0,0,0,0,91,91,0,2,2,180,90,90,0
601400,2027,8,25,0,0,0,0,0,91,91,0,2,2,180,90,90,0
601500,2027,8,25,0,0,0,0,0,91,91,0,2,2,180,90,90,0
601600,2027,8,25,0,0,0,0,0,91,91,0,2,2,180,90,90,0
601700,2027,8,25,0,0,0,0,0,91,91,0,2,2,180,90,90,0
601800,2027,8,25,0,0,0,0,0,91,91,0,2,2,180,90,90,0
601900,2027,8,25,0,0,0,0,0,91,91,0,2,2,180,90,90,0
602000,2027,8,25,0,0,0,0,0,91,91,0,2,2,180,90,90,0
602100,2027,8,26,0,0,0,0,0,91,91,0,2,2,180,90,90,0
602200,2027,8,26,0,0,0,0,0,91,91,0,2,2,180,90,90,0
602300,2027,8,26,0,0,0,0,0,91,91,0,2,2,180,90,90,0
602400,2027,8,26,0,0,0,0,0,91,91,0,2,2,180,90,90,0
602500,2027,8,26,0,0,0,0,0,91,91,0,2,2,180,90,90,0
602600,2027,8,26,0,0,0,0,0,91,91,0,2,2,180,90,90,0
602700,2027,8,26,0,0,0,0,0,91,91,0,2,2,180,90,90,0
602800,2027,8,26,0,0,0,0,0,91,91,0,2,2,180,90,90,0
602900,2027,8,26,0,0,0,0,0,91,91,0,2,2,180,90,90,0
603000,2027,8,26,0,0,0,0,0,91,91,0,2,2,180,90,90,0
603100,2027,8,27,0,0,0,0,0,91,91,0,2,2,180,90,90,0
603200,2027,8,27,0,0,0,0,0,91,91,0,2,2,180,90,90,0
603300,2027,8,27,0,0,0,0,0,91,91,0,2,2,180,90,90,0
603400,2027,8,27,0,0,0,0,0,91,91,0,2,2,180,90,90,0
603500,2027,8,27,0,0,0,0,0,91,91,0,2,2,180,90,90,0
603600,2027,8,27,0,0,0,0,0,91,91,0,2,2,180,90,90,0
603700,2027,8,27,0,0,0,0,0,91,91,0,2,2,180,90,90,0
603800,2027,8,27,0,0,0,0,0,91,91,0,2,2,180,90,90,0
603900,2027,8,27,0,0,0,0,0,91,91,0,2,2,180,90,90,0
604000,2027,8,27,0,0,0,0,0,91,91,0,2,2,180,90,90,0
604100,2027,8,28,0,0,0,0,0,91,91,0,2,2,180,90,90,0
604200,2027,8,28,0,0,0,0,0,91,91,0,2,2,180,90,90,0
604300,2027,8,28,0,0,0,0,0,91,91,0,2,2,180,90,90,0
604400,2027,8,28,0,0,0,0,0,91,91,0,2,2,180,90,90,0
604500,2027,8,28,0,0,0,0,0,91,91,0,2,2,180,90,90,0
604600,2027,8,28,0,0,0,0,0,91,91,0,2,2,180,90,90,0
604700,2027,8,28,0,0,0,0,0,91,91,0,2,2,180,90,90,0
604800,2027,8,28,0,0,0,0,0,91,91,0,2,2,180,90,90,0
604900,2027,8,28,0,0,0,0,0,91,91,0,2,2,180,90,90,0
605000,2027,8,28,0,0,0,0,0,91,91,0,2,2,180,90,90,0
605100,2027,8,29,0,0,0,0,0,91,91,0,2,2,180,90,90,0
605200,2027,8,29,0,0,0,0,0,91,91,0,2,2,180,90,90,0
605300,2027,8,29,0,0,0,0,0,91,91,0,2,2,180,90,90,0
605400,2027,8,29,0,0,0,0,0,91,91,0,2,2,180,90,90,0
605500,2027,8,29,0,0,0,0,0,91,91,0,2,2,180,90,90,0
605600,2027,8,29,0,0,0,0,0,91,91,0,2,2,180,90,90,0
605700,2027,8,29,0,0,0,0,0,91,91,0,2,2,180,90,90,0
605800,2027,8,29,0,0,0,0,0,91,91,0,2,2,180,90,90,0
605900,2027,8,29,0,0,0,0,0,91,91,0,2,2,180,90,90,0
606000,2027,8,29,0,0,0,0,0,91,91,0,2,2,180,90,90,0
606100,2027,8,30,0,0,0,0,0,91,91,0,2,2,180,90,90,0
606200,2027,8,30,0,0,0,0,0,91,91,0,2,2,180,90,90,0
606300,2027,8,30,0,0,0,0,0,91,91,0,2,2,180,90,90,0
606400,2027,8,30,0,0,0,0,0,91,91,0,2,2,180,90,90,0
606500,2027,8,30,0,0,0,0,0,91,91,0,2,2,180,90,90,0
606600,2027,8,30,0,0,0,0,0,91,91,0,2,2,180,90,90,0
606700,2027,8,30,0,0,0,0,0,91,91,0,2,2,180,90,90,0
606800,2027,8,30,0,0,0,0,0,91,91,0,2,2,180,90,90,0
606900,2027,8,30,0,0,0,0,0,91,91,0,2,2,180,90,90,0
607000,2027,8,30,0,0,0,0,0,91,91,0,2,2,180,90,90,0
607100,2027,8,31,0,0,0,0,0,91,91,0,2,2,180,90,90,0
607200,2027,8,31,0,0,0,0,0,91,91,0,2,2,180,90,90,0
607300,2027,8,31,0,0,0,0,0,91,91,0,2,2,180,90,90,0
607400,2027,8,31,0,0,0,0,0,91,91,0,2,2,180,90,90,0
607500,2027,8,31,0,0,0,0,0,91,91,0,2,2,180,90,90,0
607600,2027,8,31,0,0,0,0,0,91,91,0,2,2,180,90,90,0
607700,2027,8,31,0,0,0,0,0,91,91,0,2,2,180,90,90,0
607800,2027,8,31,0,0,0,0,0,91,91,0,2,2,180,90,90,0
607900,2027,8,31,0,0,0,0,0,91,91,0,2,2,180,90,90,0
608000,2027,8,31,0,0,0,0,0,91,91,0,2,2,180,90,90,0
608100,2027,9,1,0,0,0,0,0,91,91,0,2,2,180,90,90,0
608200,2027,9,1,0,0,0,0,0,91,91,0,2,2,180,90,90,0
608300,2027,9,1,0,0,0,0,0,91,91,0,2,2,180,90,90,0
608400,2027,9,1,0,0,0,0,0,91,91,0,2,2,180,90,90,0
608500,2027,9,1,0,0,0,0,0,91,91,0,2,2,180,90,90,0
608600,2027,9,1,0,0,0,0,0,91,91,0,2,2,180,90,90,0
608700,2027,9,1,0,0,0,0,0,91,91,0,2,2,180,90,90,0
608800,2027,9,1,0,0,0,0,0,91,91,0,2,2,180,90,90,0
608900,2027,9,1,0,0,0,0,0,91,91,0,2,2,180,90,90,0
609000,2027,9,1,0,0,0,0,0,91,91,0,2,2,180,90,90,0
609100,2027,9,2,0,0,0,0,0,91,91,0,2,2,180,90,90,0
609200,2027,9,2,0,0,0,0,0,91,91,0,2,2,180,90,90,0
609300,2027,9,2,0,0,0,0,0,91,91,0,2,2,180,90,90,0
609400,2027,9,2,0,0,0,0,0,91,91,0,2,2,180,90,90,0
609500,2027,9,2,0,0,0,0,0,91,91,0,2,2,180,90,90,0
609600,2027,9,2,0,0,0,0,0,91,91,0,2,2,180,90,90,0
609700,2027,9,2,0,0,0,0,0,91,91,0,2,2,180,90,90,0
609800,2027,9,2,0,0,0,0,0,91,91,0,2,2,180,90,90,0
609900,2027,9,2,0,0,0,0,0,91,91,0,2,2,180,90,90,0
610000,2027,9,2,0,0,0,0,0,91,91,0,2,2,180,90,90,0
610100,2027,9,3,0,0,0,0,0,91,91,0,2,2,180,90,90,0
610200,2027,9,3,0,0,0,0,0,91,91,0,2,2,180,90,90,0
610300,2027,9,3,0,0,0,0,0,91,91,0,2,2,180,90,90,0
610400,2027,9,3,0,0,0,0,0,91,91,0,2,2,180,90,90,0
610500,2027,9,3,0,0,0,0,0,91,91,0,2,2,180,90,90,0
610600,2027,9,3,0,0,0,0,0,91,91,0,2,2,180,90,90,0
610700,2027,9,3,0,0,0,0,0,91,91,0,2,2,180,90,90,0
610800,2027,9,3,0,0,0,0,0,91,91,0,2,2,180,90,90,0
610900,2027,9,3,0,0,0,0,0,91,91,0,2,2,180,90,90,0
611000,2027,9,3,0,0,0,0,0,91,91,0,2,2,180,90,90,0
611100,2027,9,4,0,0,0,0,0,91,91,0,2,2,180,90,90,0
611200,2027,9,4,0,0,0,0,0,91,91,0,2,2,180,90,90,0
611300,2027,9,4,0,0,0,0,0,91,91,0,2,2,180,90,90,0
611400,2027,9,4,0,0,0,0,0,91,91,0,2,2,180,90,90,0
611500,2027,9,4,0,0,0,0,0,91,91,0,2,2,180,90,90,0
611600,2027,9,4,0,0,0,0,0,91,91,0,2,2,180,90,90,0
611700,2027,9,4,0,0,0,0,0,91,91,0,2,2,180,90,90,0
611800,2027,9,4,0,0,0,0,0,91,91,0,2,2,180,90,90,0
611900,2027,9,4,0,0,0,0,0,91,91,0,2,2,180,90,90,0
612000,2027,9,4,0,0,0,0,0,91,91,0,2,2,180,90,90,0
612100,2027,9,5,0,0,0,0,0,91,91,0,2,2,180,90,90,0
612200,2027,9,5,0,0,0,0,0,91,91,0,2,2,180,90,90,0
612300,2027,9,5,0,0,0,0,0,91,91,0,2,2,180,90,90,0
612400,2027,9,5,0,0,0,0,0,91,91,0,2,2,180,90,90,0
612500,2027,9,5,0,0,0,0,0,91,91,0,2,2,180,90,90,0
612600,2027,9,5,0,0,0,0,0,91,91,0,2,2,180,90,90,0
612700,2027,9,5,0,0,0,0,0,91,91,0,2,2,180,90,90,0
612800,2027,9,5,0,0,0,0,0,91,91,0,2,2,180,90,90,0
612900,2027,9,5,0,0,0,0,0,91,91,0,2,2,180,90,90,0
613000,2027,9,5,0,0,0,0,0,91,91,0,2,2,180,90,90,0
613100,2027,9,6,0,0,0,0,0,91,91,0,2,2,180,90,90,0
613200,2027,9,6,0,0,0,0,0,91,91,0,2,2,180,90,90,0
613300,2027,9,6,0,0,0,0,0,91,91,0,2,2,180,90,90,0
613400,2027,9,6,0,0,0,0,0,91,91,0,2,2,180,90,90,0
613500,2027,9,6,0,0,0,0,0,91,91,0,2,2,180,90,90,0
613600,2027,9,6,0,0,0,0,0,91,91,0,2,2,180,90,90,0
613700,2027,9,6,0,0,0,0,0,91,91,0,2,2,180,90,90,0
613800,2027,9,6,0,0,0,0,0,91,91,0,2,2,180,90,90,0
613900,2027,9,6,0,0,0,0,0,91,91,0,2,2,180,90,90,0
614000,2027,9,6,0,0,0,0,0,91,91,0,2,2,180,90,90,0
614100,2027,9,7,0,0,0,0,0,91,91,0,2,2,180,90,90,0
614200,2027,9,7,0,0,0,0,0,91,91,0,2,2,180,90,90,0
614300,2027,9,7,0,0,0,0,0,91,91,0,2,2,180,90,90,0
614400,2027,9,7,0,0,0,0,0,91,91,0,2,2,180,90,90,0
614500,2027,9,7,0,0,0,0,0,91,91,0,2,2,180,90,90,0
614600,2027,9,7,0,0,0,0,0,91,91,0,2,2,180,90,90,0
614700,2027,9,7,0,0,0,0,0,91,91,0,2,2,180,90,90,0
614800,2027,9,7,0,0,0,0,0,91,91,0,2,2,180,90,90,0
614900,2027,9,7,0,0,0,0,0,91,91,0,2,2,180,90,90,0
615000,2027,9,7,0,0,0,0,0,91,91,0,2,2,180,90,90,0
615100,2027,9,8,0,0,0,0,0,91,91,0,2,2,180,90,90,0
615200,2027,9,8,0,0,0,0,0,91,91,0,2,2,180,90,90,0
615300,2027,9,8,0,0,0,0,0,91,91,0,2,2,180,90,90,0
615400,2027,9,8,0,0,0,0,0,91,91,0,2,2,180,90,90,0
615500,2027,9,8,0,0,0,0,0,91,91,0,2,2,180,90,90,0
615600,2027,9,8,0,0,0,0,0,91,91,0,2,2,180,90,90,0
615700,2027,9,8,0,0,0,0,0,91,91,0,2,2,180,90,90,0
615800,2027,9,8,0,0,0,0,0,91,91,0,2,2,180,90,90,0
615900,2027,9,8,0,0,0,0,0,91,91,0,2,2,180,90,90,0
616000,2027,9,8,0,0,0,0,0,91,91,0,2,2,180,90,90,0
616100,2027,9,9,0,0,0,0,0,91,91,0,2,2,180,90,90,0
616200,2027,9,9,0,0,0,0,0,91,91,0,2,2,180,90,90,0
616300,2027,9,9,0,0,0,0,0,91,91,0,2,2,180,90,90,0
616400,2027,9,9,0,0,0,0,0,91,91,0,2,2,180,90,90,0
616500,2027,9,9,0,0,0,0,0,91,91,0,2,2,180,90,90,0
616600,2027,9,9,0,0,0,0,0,91,91,0,2,2,180,90,90,0
616700,2027,9,9,0,0,0,0,0,91,91,0,2,2,180,90,90,0
616800,2027,9,9,0,0,0,0,0,91,91,0,2,2,180,90,90,0
616900,2027,9,9,0,0,0,0,0,91,91,0,2,2,180,90,90,0
617000,2027,9,9,0,0,0,0,0,91,91,0,2,2,180,90,90,0
617100,2027,9,10,0,0,0,0,0,91,91,0,2,2,180,90,90,0
617200,2027,9,10,0,0,0,0,0,91,91,0,2,2,180,90,90,0
617300,2027,9,10,0,0,0,0,0,91,91,0,2,2,180,90,90,0
617400,2027,9,10,0,0,0,0,0,91,91,0,2,2,180,90,90,0
617500,2027,9,10,0,0,0,0,0,91,91,0,2,2,180,90,90,0
617600,2027,9,10,0,0,0,0,0,91,91,0,2,2,180,90,90,0
617700,2027,9,10,0,0,0,0,0,91,91,0,2,2,180,90,90,0
617800,2027,9,10,0,0,0,0,0,91,91,0,2,2,180,90,90,0
617900,2027,9,10,0,0,0,0,0,91,91,0,2,2,180,90,90,0
618000,2027,9,10,0,0,0,0,0,91,91,0,2,2,180,90,90,0
618100,2027,9,11,0,0,0,0,0,91,91,0,2,2,180,90,90,0
618200,2027,9,11,0,0,0,0,0,91,91,0,2,2,180,90,90,0
618300,2027,9,11,0,0,0,0,0,91,91,0,2,2,180,90,90,0
618400,2027,9,11,0,0,0,0,0,91,91,0,2,2,180,90,90,0
618500,2027,9,11,0,0,0,0,0,91,91,0,2,2,180,90,90,0
618600,2027,9,11,0,0,0,0,0,91,91,0,2,2,180,90,90,0
618700,2027,9,11,0,0,0,0,0,91,91,0,2,2,180,90,90,0
618800,2027,9,11,0,0,0,0,0,91,91,0,2,2,180,90,90,0
618900,2027,9,11,0,0,0,0,0,91,91,0,2,2,180,90,90,0
619000,2027,9,11,0,0,0,0,0,91,91,0,2,2,180,90,90,0
619100,2027,9,12,0,0,0,0,0,91,91,0,2,2,180,90,90,0
619200,2027,9,12,0,0,0,0,0,91,91,0,2,2,180,90,90,0
619300,2027,9,12,0,0,0,0,0,91,91,0,2,2,180,90,90,0
619400,2027,9,12,0,0,0,0,0,91,91,0,2,2,180,90,90,0
619500,2027,9,12,0,0,0,0,0,91,91,0,2,2,180,90,90,0
619600,2027,9,12,0,0,0,0,0,91,91,0,2,2,180,90,90,0
619700,2027,9,12,0,0,0,0,0,91,91,0,2,2,180,90,90,0
619800,2027,9,12,0,0,0,0,0,91,91,0,2,2,180,90,90,0
619900,2027,9,12,0,0,0,0,0,91,91,0,2,2,180,90,90,0
620000,2027,9,12,0,0,0,0,0,91,91,0,2,2,180,90,90,0
620100,2027,9,13,0,0,0,0,0,91,91,0,2,2,180,90,90,0
620200,2027,9,13,0,0,0,0,0,91,91,0,2,2,180,90,90,0
620300,2027,9,13,0,0,0,0,0,91,91,0,2,2,180,90,90,0
620400,2027,9,13,0,0,0,0,0,91,91,0,2,2,180,90,90,0
620500,2027,9,13,0,0,0,0,0,91,91,0,2,2,180,90,90,0
620600,2027,9,13,0,0,0,0,0,91,91,0,2,2,180,90,90,0
620700,2027,9,13,0,0,0,0,0,91,91,0,2,2,180,90,90,0
620800,2027,9,13,0,0,0,0,0,91,91,0,2,2,180,90,90,0
620900,2027,9,13,0,0,0,0,0,91,91,0,2,2,180,90,90,0
621000,2027,9,13,0,0,0,0,0,91,91,0,2,2,180,90,90,0
621100,2027,9,14,0,0,0,0,0,91,91,0,2,2,180,90,90,0
621200,2027,9,14,0,0,0,0,0,91,91,0,2,2,180,90,90,0
621300,2027,9,14,0,0,0,0,0,91,91,0,2,2,180,90,90,0
621400,2027,9,14,0,0,0,0,0,91,91,0,2,2,180,90,90,0
621500,2027,9,14,0,0,0,0,0,91,91,0,2,2,180,90,90,0
621600,2027,9,14,0,0,0,0,0,91,91,0,2,2,180,90,90,0
621700,2027,9,14,0,0,0,0,0,91,91,0,2,2,180,90,90,0
621800,2027,9,14,0,0,0,0,0,91,91,0,2,2,180,90,90,0
621900,2027,9,14,0,0,0,0,0,91,91,0,2,2,180,90,90,0
622000,2027,9,14,0,0,0,0,0,91,91,0,2,2,180,90,90,0
622100,2027,9,15,0,0,0,0,0,91,91,0,2,2,180,90,90,0
622200,2027,9,15,0,0,0,0,0,91,91,0,2,2,180,90,90,0
622300,2027,9,15,0,0,0,0,0,91,91,0,2,2,180,90,90,0
622400,2027,9,15,0,0,0,0,0,91,91,0,2,2,180,90,90,0
622500,2027,9,15,0,0,0,0,0,91,91,0,2,2,180,90,90,0
622600,2027,9,15,0,0,0,0,0,91,91,0,2,2,180,90,90,0
622700,2027,9,15,0,0,0,0,0,91,91,0,2,2,180,90,90,0
622800,2027,9,15,0,0,0,0,0,91,91,0,2,2,180,90,90,0
622900,2027,9,15,0,0,0,0,0,91,91,0,2,2,180,90,90,0
623000,2027,9,15,0,0,0,0,0,91,91,0,2,2,180,90,90,0
623100,2027,9,16,0,0,0,0,0,91,91,0,2,2,180,90,90,0
623200,2027,9,16,0,0,0,0,0,91,91,0,2,2,180,90,90,0
623300,2027,9,16,0,0,0,0,0,91,91,0,2,2,180,90,90,0
623400,2027,9,16,0,0,0,0,0,91,91,0,2,2,180,90,90,0
623500,2027,9,16,0,0,0,0,0,91,91,0,2,2,180,90,90,0
623600,2027,9,16,0,0,0,0,0,91,91,0,2,2,180,90,90,0
623700,2027,9,16,0,0,0,0,0,91,91,0,2,2,180,90,90,0
623800,2027,9,16,0,0,0,0,0,91,91,0,2,2,180,90,90,0
623900,2027,9,16,0,0,0,0,0,91,91,0,2,2,180,90,90,0
624000,2027,9,16,0,0,0,0,0,91,91,0,2,2,180,90,90,0
624100,2027,9,17,0,0,0,0,0,91,91,0,2,2,180,90,90,0
624200,2027,9,17,0,0,0,0,0,91,91,0,2,2,180,90,90,0
624300,2027,9,17,0,0,0,0,0,91,91,0,2,2,180,90,90,0
624400,2027,9,17,0,0,0,0,0,91,91,0,2,2,180,90,90,0
624500,2027,9,17,0,0,0,0,0,91,91,0,2,2,180,90,90,0
624600,2027,9,17,0,0,0,0,0,91,91,0,2,2,180,90,90,0
624700,2027,9,17,0,0,0,0,0,91,91,0,2,2,180,90,90,0
624800,2027,9,17,0,0,0,0,0,91,91,0,2,2,180,90,90,0
624900,2027,9,17,0,0,0,0,0,91,91,0,2,2,180,90,90,0
625000,2027,9,17,0,0,0,0,0,91,91,0,2,2,180,90,90,0
625100,2027,9,18,0,0,0,0,0,91,91,0,2,2,180,90,90,0
625200,2027,9,18,0,0,0,0,0,91,91,0,2,2,180,90,90,0
625300,2027,9,18,0,0,0,0,0,91,91,0,2,2,180,90,90,0
625400,2027,9,18,0,0,0,0,0,91,91,0,2,2,180,90,90,0
625500,2027,9,18,0,0,0,0,0,91,91,0,2,2,180,90,90,0
625600,2027,9,18,0,0,0,0,0,91,91,0,2,2,180,90,90,0
625700,2027,9,18,0,0,0,0,0,91,91,0,2,2,180,90,90,0
625800,2027,9,18,0,0,0,0,0,91,91,0,2,2,180,90,90,0
625900,2027,9,18,0,0,0,0,0,91,91,0,2,2,180,90,90,0
626000,2027,9,18,0,0,0,0,0,91,91,0,2,2,180,90,90,0
626100,2027,9,19,0,0,0,0,0,91,91,0,2,2,180,90,90,0
626200,2027,9,19,0,0,0,0,0,91,91,0,2,2,180,90,90,0
626300,2027,9,19,0,0,0,0,0,91,91,0,2,2,180,90,90,0
626400,2027,9,19,0,0,0,0,0,91,91,0,2,2,180,90,90,0
626500,2027,9,19,0,0,0,0,0,91,91,0,2,2,180,90,90,0
626600,2027,9,19,0,0,0,0,0,91,91,0,2,2,180,90,90,0
626700,2027,9,19,0,0,0,0,0,91,91,0,2,2,180,90,90,0
626800,2027,9,19,0,0,0,0,0,91,91,0,2,2,180,90,90,0
626900,2027,9,19,0,0,0,0,0,91,91,0,2,2,180,90,90,0
627000,2027,9,19,0,0,0,0,0,91,91,0,2,2,180,90,90,0
627100,2027,9,20,0,0,0,0,0,91,91,0,2,2,180,90,90,0
627200,2027,9,20,0,0,0,0,0,91,91,0,2,2,180,90,90,0
627300,2027,9,20,0,0,0,0,0,91,91,0,2,2,180,90,90,0
627400,2027,9,20,0,0,0,0,0,91,91,0,2,2,180,90,90,0
627500,2027,9,20,0,0,0,0,0,91,91,0,2,2,180,90,90,0
627600,2027,9,20,0,0,0,0,0,91,91,0,2,2,180,90,90,0
627700,2027,9,20,0,0,0,0,0,91,91,0,2,2,180,90,90,0
627800,2027,9,20,0,0,0,0,0,91,91,0,2,2,180,90,90,0
627900,2027,9,20,0,0,0,0,0,91,91,0,2,2,180,90,90,0
628000,2027,9,20,0,0,0,0,0,91,91,0,2,2,180,90,90,0
628100,2027,9,21,0,0,0,0,0,91,91,0,2,2,180,90,90,0
628200,2027,9,21,0,0,0,0,0,91,91,0,2,2,180,90,90,0
628300,2027,9,21,0,0,0,0,0,91,91,0,2,2,180,90,90,0
628400,2027,9,21,0,0,0,0,0,91,91,0,2,2,180,90,90,0
628500,2027,9,21,0,0,0,0,0,91,91,0,2,2,180,90,90,0
628600,2027,9,21,0,0,0,0,0,91,91,0,2,2,180,90,90,0
628700,2027,9,21,0,0,0,0,0,91,91,0,2,2,180,90,90,0
628800,2027,9,21,0,0,0,0,0,91,91,0,2,2,180,90,90,0
628900,2027,9,21,0,0,0,0,0,91,91,0,2,2,180,90,90,0
629000,2027,9,21,0,0,0,0,0,91,91,0,2,2,180,90,90,0
629100,2027,9,22,0,0,0,0,0,91,91,0,2,2,180,90,90,0
629200,2027,9,22,0,0,0,0,0,91,91,0,2,2,180,90,90,0
629300,2027,9,22,0,0,0,0,0,91,91,0,2,2,180,90,90,0
629400,2027,9,22,0,0,0,0,0,91,91,0,2,2,180,90,90,0
629500,2027,9,22,0,0,0,0,0,91,91,0,2,2,180,90,90,0
629600,2027,9,22,0,0,0,0,0,91,91,0,2,2,180,90,90,0
629700,2027,9,22,0,0,0,0,0,91,91,0,2,2,180,90,90,0
629800,2027,9,22,0,0,0,0,0,91,91,0,2,2,180,90,90,0
629900,2027,9,22,0,0,0,0,0,91,91,0,2,2,180,90,90,0
630000,2027,9,22,0,0,0,0,0,91,91,0,2,2,180,90,90,0
630100,2027,9,23,0,0,0,0,0,91,91,0,2,2,180,90,90,0
630200,2027,9,23,0,0,0,0,0,91,91,0,2,2,180,90,90,0
630300,2027,9,23,0,0,0,0,0,91,91,0,2,2,180,90,90,0
630400,2027,9,23,0,0,0,0,0,91,91,0,2,2,180,90,90,0
630500,2027,9,23,0,0,0,0,0,91,91,0,2,2,180,90,90,0
630600,2027,9,23,0,0,0,0,0,91,91,0,2,2,180,90,90,0
630700,2027,9,23,0,0,0,0,0,91,91,0,2,2,180,90,90,0
630800,2027,9,23,0,0,0,0,0,91,91,0,2,2,180,90,90,0
630900,2027,9,23,0,0,0,0,0,91,91,0,2,2,180,90,90,0
631000,2027,9,23,0,0,0,0,0,91,91,0,2,2,180,90,90,0
631100,2027,9,24,0,0,0,0,0,91,91,0,2,2,180,90,90,0
631200,2027,9,24,0,0,0,0,0,91,91,0,2,2,180,90,90,0
631300,2027,9,24,0,0,0,0,0,91,91,0,2,2,180,90,90,0
631400,2027,9,24,0,0,0,0,0,91,91,0,2,2,180,90,90,0
631500,2027,9,24,0,0,0,0,0,91,91,0,2,2,180,90,90,0
631600,2027,9,24,0,0,0,0,0,91,91,0,2,2,180,90,90,0
631700,2027,9,24,0,0,0,0,0,91,91,0,2,2,180,90,90,0
631800,2027,9,24,0,0,0,0,0,91,91,0,2,2,180,90,90,0
631900,2027,9,24,0,0,0,0,0,91,91,0,2,2,180,90,90,0
632000,2027,9,24,0,0,0,0,0,91,91,0,2,2,180,90,90,0
632100,2027,9,25,0,0,0,0,0,91,91,0,2,2,180,90,90,0
632200,2027,9,25,0,0,0,0,0,91,91,0,2,2,180,90,90,0
632300,2027,9,25,0,0,0,0,0,91,91,0,2,2,180,90,90,0
632400,2027,9,25,0,0,0,0,0,91,91,0,2,2,180,90,90,0
632500,2027,9,25,0,0,0,0,0,91,91,0,2,2,180,90,90,0
632600,2027,9,25,0,0,0,0,0,91,91,0,2,2,180,90,90,0
632700,2027,9,25,0,0,0,0,0,91,91,0,2,2,180,90,90,0
632800,2027,9,25,0,0,0,0,0,91,91,0,2,2,180,90,90,0
632900,2027,9,25,0,0,0,0,0,91,91,0,2,2,180,90,90,0
633000,2027,9,25,0,0,0,0,0,91,91,0,2,2,180,90,90,0
633100,2027,9,26,0,0,0,0,0,91,91,0,2,2,180,90,90,0
633200,2027,9,26,0,0,0,0,0,91,91,0,2,2,180,90,90,0
633300,2027,9,26,0,0,0,0,0,91,91,0,2,2,180,90,90,0
633400,2027,9,26,0,0,0,0,0,91,91,0,2,2,180,90,90,0
633500,2027,9,26,0,0,0,0,0,91,91,0,2,2,180,90,90,0
633600,2027,9,26,0,0,0,0,0,91,91,0,2,2,180,90,90,0
633700,2027,9,26,0,0,0,0,0,91,91,0,2,2,180,90,90,0
633800,2027,9,26,0,0,0,0,0,91,91,0,2,2,180,90,90,0
633900,2027,9,26,0,0,0,0,0,91,91,0,2,2,180,90,90,0
634000,2027,9,26,0,0,0,0,0,91,91,0,2,2,180,90,90,0
634100,2027,9,27,0,0,0,0,0,91,91,0,2,2,180,90,90,0
634200,2027,9,27,0,0,0,0,0,91,91,0,2,2,180,90,90,0
634300,2027,9,27,0,0,0,0,0,91,91,0,2,2,180,90,90,0
634400,2027,9,27,0,0,0,0,0,91,91,0,2,2,180,90,90,0
634500,2027,9,27,0,0,0,0,0,91,91,0,2,2,180,90,90,0
634600,2027,9,27,0,0,0,0,0,91,91,0,2,2,180,90,90,0
634700,2027,9,27,0,0,0,0,0,91,91,0,2,2,180,90,90,0
634800,2027,9,27,0,0,0,0,0,91,91,0,2,2,180,90,90,0
634900,2027,9,27,0,0,0,0,0,91,91,0,2,2,180,90,90,0
635000,2027,9,27,0,0,0,0,0,91,91,0,2,2,180,90,90,0
635100,2027,9,28,0,0,0,0,0,91,91,0,2,2,180,90,90,0
635200,2027,9,28,0,0,0,0,0,91,91,0,2,2,180,90,90,0
635300,2027,9,28,0,0,0,0,0,91,91,0,2,2,180,90,90,0
635400,2027,9,28,0,0,0,0,0,91,91,0,2,2,180,90,90,0
635500,2027,9,28,0,0,0,0,0,91,91,0,2,2,180,90,90,0
635600,2027,9,28,0,0,0,0,0,91,91,0,2,2,180,90,90,0
635700,2027,9,28,0,0,0,0,0,91,91,0,2,2,180,90,90,0
635800,2027,9,28,0,0,0,0,0,91,91,0,2,2,180,90,90,0
635900,2027,9,28,0,0,0,0,0,91,91,0,2,2,180,90,90,0
636000,2027,9,28,0,0,0,0,0,91,91,0,2,2,180,90,90,0
636100,2027,9,29,0,0,0,0,0,91,91,0,2,2,180,90,90,0
636200,2027,9,29,0,0,0,0,0,91,91,0,2,2,180,90,90,0
636300,2027,9,29,0,0,0,0,0,91,91,0,2,2,180,90,90,0
636400,2027,9,29,0,0,0,0,0,91,91,0,2,2,180,90,90,0
636500,2027,9,29,0,0,0,0,0,91,91,0,2,2,180,90,90,0
636600,2027,9,29,0,0,0,0,0,91,91,0,2,2,180,90,90,0
636700,2027,9,29,0,0,0,0,0,91,91,0,2,2,180,90,90,0
636800,2027,9,29,0,0,0,0,0,91,91,0,2,2,180,90,90,0
636900,2027,9,29,0,0,0,0,0,91,91,0,2,2,180,90,90,0
637000,2027,9,29,0,0,0,0,0,91,91,0,2,2,180,90,90,0
637100,2027,9,30,0,0,0,0,0,91,91,0,2,2,180,90,90,0
637200,2027,9,30,0,0,0,0,0,91,91,0,2,2,180,90,90,0
637300,2027,9,30,0,0,0,0,0,91,91,0,2,2,180,90,90,0
637400,2027,9,30,0,0,0,0,0,91,91,0,2,2,180,90,90,0
637500,2027,9,30,0,0,0,0,0,91,91,0,2,2,180,90,90,0
637600,2027,9,30,0,0,0,0,0,91,91,0,2,2,180,90,90,0
637700,2027,9,30,0,0,0,0,0,91,91,0,2,2,180,90,90,0
637800,2027,9,30,0,0,0,0,0,91,91,0,2,2,180,90,90,0
637900,2027,9,30,0,0,0,0,0,91,91,0,2,2,180,90,90,0
638000,2027,9,30,0,0,0,0,0,91,91,0,2,2,180,90,90,0
638100,2027,10,1,0,0,0,0,0,91,91,0,2,2,180,90,90,0
638200,2027,10,1,0,0,0,0,0,91,91,0,2,2,180,90,90,0
638300,2027,10,1,0,0,0,0,0,91,91,0,2,2,180,90,90,0
638400,2027,10,1,0,0,0,0,0,91,91,0,2,2,180,90,90,0
638500,2027,10,1,0,0,0,0,0,91,91,0,2,2,180,90,90,0
638600,2027,10,1,0,0,0,0,0,91,91,0,2,2,180,90,90,0
638700,2027,10,1,0,0,0,0,0,91,91,0,2,2,180,90,90,0
638800,2027,10,1,0,0,0,0,0,91,91,0,2,2,180,90,90,0
638900,2027,10,1,0,0,0,0,0,91,91,0,2,2,180,90,90,0
639000,2027,10,1,0,0,0,0,0,91,91,0,2,2,180,90,90,0
639100,2027,10,2,0,0,0,0,0,91,91,0,2,2,180,90,90,0
639200,2027,10,2,0,0,0,0,0,91,91,0,2,2,180,90,90,0
639300,2027,10,2,0,0,0,0,0,91,91,0,2,2,180,90,90,0
639400,2027,10,2,0,0,0,0,0,91,91,0,2,2,180,90,90,0
639500,2027,10,2,0,0,0,0,0,91,91,0,2,2,180,90,90,0
639600,2027,10,2,0,0,0,0,0,91,91,0,2,2,180,90,90,0
639700,2027,10,2,0,0,0,0,0,91,91,0,2,2,180,90,90,0
639800,2027,10,2,0,0,0,0,0,91,91,0,2,2,180,90,90,0
639900,2027,10,2,0,0,0,0,0,91,91,0,2,2,180,90,90,0
640000,2027,10,2,0,0,0,0,0,91,91,0,2,2,180,90,90,0
640100,2027,10,3,0,0,0,0,0,91,91,0,2,2,180,90,90,0
640200,2027,10,3,0,0,0,0,0,91,91,0,2,2,180,90,90,0
640300,2027,10,3,0,0,0,0,0,91,91,0,2,2,180,90,90,0
640400,2027,10,3,0,0,0,0,0,91,91,0,2,2,180,90,90,0
640500,2027,10,3,0,0,0,0,0,91,91,0,2,2,180,90,90,0
640600,2027,10,3,0,0,0,0,0,91,91,0,2,2,180,90,90,0
640700,2027,10,3,0,0,0,0,0,91,91,0,2,2,180,90,90,0
640800,2027,10,3,0,0,0,0,0,91,91,0,2,2,180,90,90,0
640900,2027,10,3,0,0,0,0,0,91,91,0,2,2,180,90,90,0
641000,2027,10,3,0,0,0,0,0,91,91,0,2,2,180,90,90,0
641100,2027,10,4,0,0,0,0,0,91,91,0,2,2,180,90,90,0
641200,2027,10,4,0,0,0,0,0,91,91,0,2,2,180,90,90,0
641300,2027,10,4,0,0,0,0,0,91,91,0,2,2,180,90,90,0
641400,2027,10,4,0,0,0,0,0,91,91,0,2,2,180,90,90,0
641500,2027,10,4,0,0,0,0,0,91,91,0,2,2,180,90,90,0
641600,2027,10,4,0,0,0,0,0,91,91,0,2,2,180,90,90,0
641700,2027,10,4,0,0,0,0,0,91,91,0,2,2,180,90,90,0
641800,2027,10,4,0,0,0,0,0,91,91,0,2,2,180,90,90,0
641900,2027,10,4,0,0,0,0,0,91,91,0,2,2,180,90,90,0
642000,2027,10,4,0,0,0,0,0,91,91,0,2,2,180,90,90,0
642100,2027,10,5,0,0,0,0,0,91,91,0,2,2,180,90,90,0
642200,2027,10,5,0,0,0,0,0,91,91,0,2,2,180,90,90,0
642300,2027,10,5,0,0,0,0,0,91,91,0,2,2,180,90,90,0
642400,2027,10,5,0,0,0,0,0,91,91,0,2,2,180,90,90,0
642500,2027,10,5,0,0,0,0,0,91,91,0,2,2,180,90,90,0
642600,2027,10,5,0,0,0,0,0,91,91,0,2,2,180,90,90,0
642700,2027,10,5,0,0,0,0,0,91,91,0,2,2,180,90,90,0
642800,2027,10,5,0,0,0,0,0,91,91,0,2,2,180,90,90,0
642900,2027,10,5,0,0,0,0,0,91,91,0,2,2,180,90,90,0
643000,2027,10,5,0,0,0,0,0,91,91,0,2,2,180,90,90,0
643100,2027,10,6,0,0,0,0,0,91,91,0,2,2,180,90,90,0
643200,2027,10,6,0,0,0,0,0,91,91,0,2,2,180,90,90,0
643300,2027,10,6,0,0,0,0,0,91,91,0,2,2,180,90,90,0
643400,2027,10,6,0,0,0,0,0,91,91,0,2,2,180,90,90,0
643500,2027,10,6,0,0,0,0,0,91,91,0,2,2,180,90,90,0
643600,2027,10,6,0,0,0,0,0,91,91,0,2,2,180,90,90,0
643700,2027,10,6,0,0,0,0,0,91,91,0,2,2,180,90,90,0
643800,2027,10,6,0,0,0,0,0,91,91,0,2,2,180,90,90,0
643900,2027,10,6,0,0,0,0,0,91,91,0,2,2,180,90,90,0
644000,2027,10,6,0,0,0,0,0,91,91,0,2,2,180,90,90,0
644100,2027,10,7,0,0,0,0,0,91,91,0,2,2,180,90,90,0
644200,2027,10,7,0,0,0,0,0,91,91,0,2,2,180,90,90,0
644300,2027,10,7,0,0,0,0,0,91,91,0,2,2,180,90,90,0
644400,2027,10,7,0,0,0,0,0,91,91,0,2,2,180,90,90,0
644500,2027,10,7,0,0,0,0,0,91,91,0,2,2,180,90,90,0
644600,2027,10,7,0,0,0,0,0,91,91,0,2,2,180,90,90,0
644700,2027,10,7,0,0,0,0,0,91,91,0,2,2,180,90,90,0
644800,2027,10,7,0,0,0,0,0,91,91,0,2,2,180,90,90,0
644900,2027,10,7,0,0,0,0,0,91,91,0,2,2,180,90,90,0
645000,2027,10,7,0,0,0,0,0,91,91,0,2,2,180,90,90,0
645100,2027,10,8,0,0,0,0,0,91,91,0,2,2,180,90,90,0
645200,2027,10,8,0,0,0,0,0,91,91,0,2,2,180,90,90,0
645300,2027,10,8,0,0,0,0,0,91,91,0,2,2,180,90,90,0
645400,2027,10,8,0,0,0,0,0,91,91,0,2,2,180,90,90,0
645500,2027,10,8,0,0,0,0,0,91,91,0,2,2,180,90,90,0
645600,2027,10,8,0,0,0,0,0,91,91,0,2,2,180,90,90,0
645700,2027,10,8,0,0,0,0,0,91,91,0,2,2,180,90,90,0
645800,2027,10,8,0,0,0,0,0,91,91,0,2,2,180,90,90,0
645900,2027,10,8,0,0,0,0,0,91,91,0,2,2,180,90,90,0
646000,2027,10,8,0,0,0,0,0,91,91,0,2,2,180,90,90,0
646100,2027,10,9,0,0,0,0,0,91,91,0,2,2,180,90,90,0
646200,2027,10,9,0,0,0,0,0,91,91,0,2,2,180,90,90,0
646300,2027,10,9,0,0,0,0,0,91,91,0,2,2,180,90,90,0
646400,2027,10,9,0,0,0,0,0,91,91,0,2,2,180,90,90,0
646500,2027,10,9,0,0,0,0,0,91,91,0,2,2,180,90,90,0
646600,2027,10,9,0,0,0,0,0,91,91,0,2,2,180,90,90,0
646700,2027,10,9,0,0,0,0,0,91,91,0,2,2,180,90,90,0
646800,2027,10,9,0,0,0,0,0,91,91,0,2,2,180,90,90,0
646900,2027,10,9,0,0,0,0,0,91,91,0,2,2,180,90,90,0
647000,2027,10,9,0,0,0,0,0,91,91,0,2,2,180,90,90,0
647100,2027,10,10,0,0,0,0,0,91,91,0,2,2,180,90,90,0
647200,2027,10,10,0,0,0,0,0,91,91,0,2,2,180,90,90,0
647300,2027,10,10,0,0,0,0,0,91,91,0,2,2,180,90,90,0
647400,2027,10,10,0,0,0,0,0,91,91,0,2,2,180,90,90,0
647500,2027,10,10,0,0,0,0,0,91,91,0,2,2,180,90,90,0
647600,2027,10,10,0,0,0,0,0,91,91,0,2,2,180,90,90,0
647700,2027,10,10,0,0,0,0,0,91,91,0,2,2,180,90,90,0
647800,2027,10,10,0,0,0,0,0,91,91,0,2,2,180,90,90,0
647900,2027,10,10,0,0,0,0,0,91,91,0,2,2,180,90,90,0
648000,2027,10,10,0,0,0,0,0,91,91,0,2,2,180,90,90,0
648100,2027,10,11,0,0,0,0,0,91,91,0,2,2,180,90,90,0
648200,2027,10,11,0,0,0,0,0,91,91,0,2,2,180,90,90,0
648300,2027,10,11,0,0,0,0,0,91,91,0,2,2,180,90,90,0
648400,2027,10,11,0,0,0,0,0,91,91,0,2,2,180,90,90,0
648500,2027,10,11,0,0,0,0,0,91,91,0,2,2,180,90,90,0
648600,2027,10,11,0,0,0,0,0,91,91,0,2,2,180,90,90,0
648700,2027,10,11,0,0,0,0,0,91,91,0,2,2,180,90,90,0
648800,2027,10,11,0,0,0,0,0,91,91,0,2,2,180,90,90,0
648900,2027,10,11,0,0,0,0,0,91,91,0,2,2,180,90,90,0
649000,2027,10,11,0,0,0,0,0,91,91,0,2,2,180,90,90,0
649100,2027,10,12,0,0,0,0,0,91,91,0,2,2,180,90,90,0
649200,2027,10,12,0,0,0,0,0,91,91,0,2,2,180,90,90,0
649300,2027,10,12,0,0,0,0,0,91,91,0,2,2,180,90,90,0
649400,2027,10,12,0,0,0,0,0,91,91,0,2,2,180,90,90,0
649500,2027,10,12,0,0,0,0,0,91,91,0,2,2,180,90,90,0
649600,2027,10,12,0,0,0,0,0,91,91,0,2,2,180,90,90,0
649700,2027,10,12,0,0,0,0,0,91,91,0,2,2,180,90,90,0
649800,2027,10,12,0,0,0,0,0,91,91,0,2,2,180,90,90,0
649900,2027,10,12,0,0,0,0,0,91,91,0,2,2,180,90,90,0
650000,2027,10,12,0,0,0,0,0,91,91,0,2,2,180,90,90,0
650100,2027,10,13,0,0,0,0,0,91,91,0,2,2,180,90,90,0
650200,2027,10,13,0,0,0,0,0,91,91,0,2,2,180,90,90,0
650300,2027,10,13,0,0,0,0,0,91,91,0,2,2,180,90,90,0
650400,2027,10,13,0,0,0,0,0,91,91,0,2,2,180,90,90,0
650500,2027,10,13,0,0,0,0,0,91,91,0,2,2,180,90,90,0
650600,2027,10,13,0,0,0,0,0,91,91,0,2,2,180,90,90,0
650700,2027,10,13,0,0,0,0,0,91,91,0,2,2,180,90,90,0
650800,2027,10,13,0,0,0,0,0,91,91,0,2,2,180,90,90,0
650900,2027,10,13,0,0,0,0,0,91,91,0,2,2,180,90,90,0
651000,2027,10,13,0,0,0,0,0,91,91,0,2,2,180,90,90,0
651100,2027,10,14,0,0,0,0,0,91,91,0,2,2,180,90,90,0
651200,2027,10,14,0,0,0,0,0,91,91,0,2,2,180,90,90,0
651300,2027,10,14,0,0,0,0,0,91,91,0,2,2,180,90,90,0
651400,2027,10,14,0,0,0,0,0,91,91,0,2,2,180,90,90,0
651500,2027,10,14,0,0,0,0,0,91,91,0,2,2,180,90,90,0
651600,2027,10,14,0,0,0,0,0,91,91,0,2,2,180,90,90,0
651700,2027,10,14,0,0,0,0,0,91,91,0,2,2,180,90,90,0
651800,2027,10,14,0,0,0,0,0,91,91,0,2,2,180,90,90,0
651900,2027,10,14,0,0,0,0,0,91,91,0,2,2,180,90,90,0
652000,2027,10,14,0,0,0,0,0,91,91,0,2,2,180,90,90,0
652100,2027,10,15,0,0,0,0,0,91,91,0,2,2,180,90,90,0
652200,2027,10,15,0,0,0,0,0,91,91,0,2,2,180,90,90,0
652300,2027,10,15,0,0,0,0,0,91,91,0,2,2,180,90,90,0
652400,2027,10,15,0,0,0,0,0,91,91,0,2,2,180,90,90,0
652500,2027,10,15,0,0,0,0,0,91,91,0,2,2,180,90,90,0
652600,2027,10,15,0,0,0,0,0,91,91,0,2,2,180,90,90,0
652700,2027,10,15,0,0,0,0,0,91,91,0,2,2,180,90,90,0
652800,2027,10,15,0,0,0,0,0,91,91,0,2,2,180,90,90,0
652900,2027,10,15,0,0,0,0,0,91,91,0,2,2,180,90,90,0
653000,2027,10,15,0,0,0,0,0,91,91,0,2,2,180,90,90,0
653100,2027,10,16,0,0,0,0,0,91,91,0,2,2,180,90,90,0
653200,2027,10,16,0,0,0,0,0,91,91,0,2,2,180,90,90,0
653300,2027,10,16,0,0,0,0,0,91,91,0,2,2,180,90,90,0
653400,2027,10,16,0,0,0,0,0,91,91,0,2,2,180,90,90,0
653500,2027,10,16,0,0,0,0,0,91,91,0,2,2,180,90,90,0
653600,2027,10,16,0,0,0,0,0,91,91,0,2,2,180,90,90,0
653700,2027,10,16,0,0,0,0,0,91,91,0,2,2,180,90,90,0
653800,2027,10,16,0,0,0,0,0,91,91,0,2,2,180,90,90,0
653900,2027,10,16,0,0,0,0,0,91,91,0,2,2,180,90,90,0
654000,2027,10,16,0,0,0,0,0,91,91,0,2,2,180,90,90,0
654100,2027,10,17,0,0,0,0,0,91,91,0,2,2,180,90,90,0
654200,2027,10,17,0,0,0,0,0,91,91,0,2,2,180,90,90,0
654300,2027,10,17,0,0,0,0,0,91,91,0,2,2,180,90,90,0
654400,2027,10,17,0,0,0,0,0,91,91,0,2,2,180,90,90,0
654500,2027,10,17,0,0,0,0,0,91,91,0,2,2,180,90,90,0
654600,2027,10,17,0,0,0,0,0,91,91,0,2,2,180,90,90,0
654700,2027,10,17,0,0,0,0,0,91,91,0,2,2,180,90,90,0
654800,2027,10,17,0,0,0,0,0,91,91,0,2,2,180,90,90,0
654900,2027,10,17,0,0,0,0,0,91,91,0,2,2,180,90,90,0
655000,2027,10,17,0,0,0,0,0,91,91,0,2,2,180,90,90,0
655100,2027,10,18,0,0,0,0,0,91,91,0,2,2,180,90,90,0
655200,2027,10,18,0,0,0,0,0,91,91,0,2,2,180,90,90,0
655300,2027,10,18,0,0,0,0,0,91,91,0,2,2,180,90,90,0
655400,2027,10,18,0,0,0,0,0,91,91,0,2,2,180,90,90,0
655500,2027,10,18,0,0,0,0,0,91,91,0,2,2,180,90,90,0
655600,2027,10,18,0,0,0,0,0,91,91,0,2,2,180,90,90,0
655700,2027,10,18,0,0,0,0,0,91,91,0,2,2,180,90,90,0
655800,2027,10,18,0,0,0,0,0,91,91,0,2,2,180,90,90,0
655900,2027,10,18,0,0,0,0,0,91,91,0,2,2,180,90,90,0
656000,2027,10,18,0,0,0,0,0,91,91,0,2,2,180,90,90,0
656100,2027,10,19,0,0,0,0,0,91,91,0,2,2,180,90,90,0
656200,2027,10,19,0,0,0,0,0,91,91,0,2,2,180,90,90,0
656300,2027,10,19,0,0,0,0,0,91,91,0,2,2,180,90,90,0
656400,2027,10,19,0,0,0,0,0,91,91,0,2,2,180,90,90,0
656500,2027,10,19,0,0,0,0,0,91,91,0,2,2,180,90,90,0
656600,2027,10,19,0,0,0,0,0,91,91,0,2,2,180,90,90,0
656700,2027,10,19,0,0,0,0,0,91,91,0,2,2,180,90,90,0
656800,2027,10,19,0,0,0,0,0,91,91,0,2,2,180,90,90,0
656900,2027,10,19,0,0,0,0,0,91,91,0,2,2,180,90,90,0
657000,2027,10,19,0,0,0,0,0,91,91,0,2,2,180,90,90,0
657100,2027,10,20,0,0,0,0,0,91,91,0,2,2,180,90,90,0
657200,2027,10,20,0,0,0,0,0,91,91,0,2,2,180,90,90,0
657300,2027,10,20,0,0,0,0,0,91,91,0,2,2,180,90,90,0
657400,2027,10,20,0,0,0,0,0,91,91,0,2,2,180,90,90,0
657500,2027,10,20,0,0,0,0,0,91,91,0,2,2,180,90,90,0
657600,2027,10,20,0,0,0,0,0,91,91,0,2,2,180,90,90,0
657700,2027,10,20,0,0,0,0,0,91,91,0,2,2,180,90,90,0
657800,2027,10,20,0,0,0,0,0,91,91,0,2,2,180,90,90,0
657900,2027,10,20,0,0,0,0,0,91,91,0,2,2,180,90,90,0
658000,2027,10,20,0,0,0,0,0,91,91,0,2,2,180,90,90,0
658100,2027,10,21,0,0,0,0,0,91,91,0,2,2,180,90,90,0
658200,2027,10,21,0,0,0,0,0,91,91,0,2,2,180,90,90,0
658300,2027,10,21,0,0,0,0,0,91,91,0,2,2,180,90,90,0
658400,2027,10,21,0,0,0,0,0,91,91,0,2,2,180,90,90,0
658500,2027,10,21,0,0,0,0,0,91,91,0,2,2,180,90,90,0
658600,2027,10,21,0,0,0,0,0,91,91,0,2,2,180,90,90,0
658700,2027,10,21,0,0,0,0,0,91,91,0,2,2,180,90,90,0
658800,2027,10,21,0,0,0,0,0,91,91,0,2,2,180,90,90,0
658900,2027,10,21,0,0,0,0,0,91,91,0,2,2,180,90,90,0
659000,2027,10,21,0,0,0,0,0,91,91,0,2,2,180,90,90,0
659100,2027,10,22,0,0,0,0,0,91,91,0,2,2,180,90,90,0
659200,2027,10,22,0,0,0,0,0,91,91,0,2,2,180,90,90,0
659300,2027,10,22,0,0,0,0,0,91,91,0,2,2,180,90,90,0
659400,2027,10,22,0,0,0,0,0,91,91,0,2,2,180,90,90,0
659500,2027,10,22,0,0,0,0,0,91,91,0,2,2,180,90,90,0
659600,2027,10,22,0,0,0,0,0,91,91,0,2,2,180,90,90,0
659700,2027,10,22,0,0,0,0,0,91,91,0,2,2,180,90,90,0
659800,2027,10,22,0,0,0,0,0,91,91,0,2,2,180,90,90,0
659900,2027,10,22,0,0,0,0,0,91,91,0,2,2,180,90,90,0
660000,2027,10,22,0,0,0,0,0,91,91,0,2,2,180,90,90,0
660100,2027,10,23,0,0,0,0,0,91,91,0,2,2,180,90,90,0
660200,2027,10,23,0,0,0,0,0,91,91,0,2,2,180,90,90,0
660300,2027,10,23,0,0,0,0,0,91,91,0,2,2,180,90,90,0
660400,2027,10,23,0,0,0,0,0,91,91,0,2,2,180,90,90,0
660500,2027,10,23,0,0,0,0,0,91,91,0,2,2,180,90,90,0
660600,2027,10,23,0,0,0,0,0,91,91,0,2,2,180,90,90,0
660700,2027,10,23,0,0,0,0,0,91,91,0,2,2,180,90,90,0
660800,2027,10,23,0,0,0,0,0,91,91,0,2,2,180,90,90,0
660900,2027,10,23,0,0,0,0,0,91,91,0,2,2,180,90,90,0
661000,2027,10,23,0,0,0,0,0,91,91,0,2,2,180,90,90,0
661100,2027,10,24,0,0,0,0,0,91,91,0,2,2,180,90,90,0
661200,2027,10,24,0,0,0,0,0,91,91,0,2,2,180,90,90,0
661300,2027,10,24,0,0,0,0,0,91,91,0,2,2,180,90,90,0
661400,2027,10,24,0,0,0,0,0,91,91,0,2,2,180,90,90,0
661500,2027,10,24,0,0,0,0,0,91,91,0,2,2,180,90,90,0
661600,2027,10,24,0,0,0,0,0,91,91,0,2,2,180,90,90,0
661700,2027,10,24,0,0,0,0,0,91,91,0,2,2,180,90,90,0
661800,2027,10,24,0,0,0,0,0,91,91,0,2,2,180,90,90,0
661900,2027,10,24,0,0,0,0,0,91,91,0,2,2,180,90,90,0
662000,2027,10,24,0,0,0,0,0,91,91,0,2,2,180,90,90,0
662100,2027,10,25,0,0,0,0,0,91,91,0,2,2,180,90,90,0
662200,2027,10,25,0,0,0,0,0,91,91,0,2,2,180,90,90,0
662300,2027,10,25,0,0,0,0,0,91,91,0,2,2,180,90,90,0
662400,2027,10,25,0,0,0,0,0,91,91,0,2,2,180,90,90,0
662500,2027,10,25,0,0,0,0,0,91,91,0,2,2,180,90,90,0
662600,2027,10,25,0,0,0,0,0,91,91,0,2,2,180,90,90,0
662700,2027,10,25,0,0,0,0,0,91,91,0,2,2,180,90,90,0
662800,2027,10,25,0,0,0,0,0,91,91,0,2,2,180,90,90,0
662900,2027,10,25,0,0,0,0,0,91,91,0,2,2,180,90,90,0
663000,2027,10,25,0,0,0,0,0,91,91,0,2,2,180,90,90,0
663100,2027,10,26,0,0,0,0,0,91,91,0,2,2,180,90,90,0
663200,2027,10,26,0,0,0,0,0,91,91,0,2,2,180,90,90,0
663300,2027,10,26,0,0,0,0,0,91,91,0,2,2,180,90,90,0
663400,2027,10,26,0,0,0,0,0,91,91,0,2,2,180,90,90,0
663500,2027,10,26,0,0,0,0,0,91,91,0,2,2,180,90,90,0
663600,2027,10,26,0,0,0,0,0,91,91,0,2,2,180,90,90,0
663700,2027,10,26,0,0,0,0,0,91,91,0,2,2,180,90,90,0
663800,2027,10,26,0,0,0,0,0,91,91,0,2,2,180,90,90,0
663900,2027,10,26,0,0,0,0,0,91,91,0,2,2,180,90,90,0
664000,2027,10,26,0,0,0,0,0,91,91,0,2,2,180,90,90,0
664100,2027,10,27,0,0,0,0,0,91,91,0,2,2,180,90,90,0
664200,2027,10,27,0,0,0,0,0,91,91,0,2,2,180,90,90,0
664300,2027,10,27,0,0,0,0,0,91,91,0,2,2,180,90,90,0
664400,2027,10,27,0,0,0,0,0,91,91,0,2,2,180,90,90,0
664500,2027,10,27,0,0,0,0,0,91,91,0,2,2,180,90,90,0
664600,2027,10,27,0,0,0,0,0,91,91,0,2,2,180,90,90,0
664700,2027,10,27,0,0,0,0,0,91,91,0,2,2,180,90,90,0
664800,2027,10,27,0,0,0,0,0,91,91,0,2,2,180,90,90,0
664900,2027,10,27,0,0,0,0,0,91,91,0,2,2,180,90,90,0
665000,2027,10,27,0,0,0,0,0,91,91,0,2,2,180,90,90,0
665100,2027,10,28,0,0,0,0,0,91,91,0,2,2,180,90,90,0
665200,2027,10,28,0,0,0,0,0,91,91,0,2,2,180,90,90,0
665300,2027,10,28,0,0,0,0,0,91,91,0,2,2,180,90,90,0
665400,2027,10,28,0,0,0,0,0,91,91,0,2,2,180,90,90,0
665500,2027,10,28,0,0,0,0,0,91,91,0,2,2,180,90,90,0
665600,2027,10,28,0,0,0,0,0,91,91,0,2,2,180,90,90,0
665700,2027,10,28,0,0,0,0,0,91,91,0,2,2,180,90,90,0
665800,2027,10,28,0,0,0,0,0,91,91,0,2,2,180,90,90,0
665900,2027,10,28,0,0,0,0,0,91,91,0,2,2,180,90,90,0
666000,2027,10,28,0,0,0,0,0,91,91,0,2,2,180,90,90,0
666100,2027,10,29,0,0,0,0,0,91,91,0,2,2,180,90,90,0
666200,2027,10,29,0,0,0,0,0,91,91,0,2,2,180,90,90,0
666300,2027,10,29,0,0,0,0,0,91,91,0,2,2,180,90,90,0
666400,2027,10,29,0,0,0,0,0,91,91,0,2,2,180,90,90,0
666500,2027,10,29,0,0,0,0,0,91,91,0,2,2,180,90,90,0
666600,2027,10,29,0,0,0,0,0,91,91,0,2,2,180,90,90,0
666700,2027,10,29,0,0,0,0,0,91,91,0,2,2,180,90,90,0
666800,2027,10,29,0,0,0,0,0,91,91,0,2,2,180,90,90,0
666900,2027,10,29,0,0,0,0,0,91,91,0,2,2,180,90,90,0
667000,2027,10,29,0,0,0,0,0,91,91,0,2,2,180,90,90,0
667100,2027,10,30,0,0,0,0,0,91,91,0,2,2,180,90,90,0
667200,2027,10,30,0,0,0,0,0,91,91,0,2,2,180,90,90,0
667300,2027,10,30,0,0,0,0,0,91,91,0,2,2,180,90,90,0
667400,2027,10,30,0,0,0,0,0,91,91,0,2,2,180,90,90,0
667500,2027,10,30,0,0,0,0,0,91,91,0,2,2,180,90,90,0
667600,2027,10,30,0,0,0,0,0,91,91,0,2,2,180,90,90,0
667700,2027,10,30,0,0,0,0,0,91,91,0,2,2,180,90,90,0
667800,2027,10,30,0,0,0,0,0,91,91,0,2,2,180,90,90,0
667900,2027,10,30,0,0,0,0,0,91,91,0,2,2,180,90,90,0
668000,2027,10,30,0,0,0,0,0,91,91,0,2,2,180,90,90,0
668100,2027,10,31,0,0,0,0,0,91,91,0,2,2,180,90,90,0
668200,2027,10,31,0,0,0,0,0,91,91,0,2,2,180,90,90,0
668300,2027,10,31,0,0,0,0,0,91,91,0,2,2,180,90,90,0
668400,2027,10,31,0,0,0,0,0,91,91,0,2,2,180,90,90,0
668500,2027,10,31,0,0,0,0,0,91,91,0,2,2,180,90,90,0
668600,2027,10,31,0,0,0,0,0,91,91,0,2,2,180,90,90,0
668700,2027,10,31,0,0,0,0,0,91,91,0,2,2,180,90,90,0
668800,2027,10,31,0,0,0,0,0,91,91,0,2,2,180,90,90,0
668900,2027,10,31,0,0,0,0,0,91,91,0,2,2,180,90,90,0
669000,2027,10,31,0,0,0,0,0,91,91,0,2,2,180,90,90,0
669100,2027,11,1,0,0,0,0,0,91,91,0,2,2,180,90,90,0
669200,2027,11,1,0,0,0,0,0,91,91,0,2,2,180,90,90,0
669300,2027,11,1,0,0,0,0,0,91,91,0,2,2,180,90,90,0
669400,2027,11,1,0,0,0,0,0,91,91,0,2,2,180,90,90,0
669500,2027,11,1,0,0,0,0,0,91,91,0,2,2,180,90,90,0
669600,2027,11,1,0,0,0,0,0,91,91,0,2,2,180,90,90,0
669700,2027,11,1,0,0,0,0,0,91,91,0,2,2,180,90,90,0
669800,2027,11,1,0,0,0,0,0,91,91,0,2,2,180,90,90,0
669900,2027,11,1,0,0,0,0,0,91,91,0,2,2,180,90,90,0
670000,2027,11,1,0,0,0,0,0,91,91,0,2,2,180,90,90,0
670100,2027,11,2,0,0,0,0,0,91,91,0,2,2,180,90,90,0
670200,2027,11,2,0,0,0,0,0,91,91,0,2,2,180,90,90,0
670300,2027,11,2,0,0,0,0,0,91,91,0,2,2,180,90,90,0
670400,2027,11,2,0,0,0,0,0,91,91,0,2,2,180,90,90,0
670500,2027,11,2,0,0,0,0,0,91,91,0,2,2,180,90,90,0
670600,2027,11,2,0,0,0,0,0,91,91,0,2,2,180,90,90,0
670700,2027,11,2,0,0,0,0,0,91,91,0,2,2,180,90,90,0
670800,2027,11,2,0,0,0,0,0,91,91,0,2,2,180,90,90,0
670900,2027,11,2,0,0,0,0,0,91,91,0,2,2,180,90,90,0
671000,2027,11,2,0,0,0,0,0,91,91,0,2,2,180,90,90,0
671100,2027,11,3,0,0,0,0,0,91,91,0,2,2,180,90,90,0
671200,2027,11,3,0,0,0,0,0,91,91,0,2,2,180,90,90,0
671300,2027,11,3,0,0,0,0,0,91,91,0,2,2,180,90,90,0
671400,2027,11,3,0,0,0,0,0,91,91,0,2,2,180,90,90,0
671500,2027,11,3,0,0,0,0,0,91,91,0,2,2,180,90,90,0
671600,2027,11,3,0,0,0,0,0,91,91,0,2,2,180,90,90,0
671700,2027,11,3,0,0,0,0,0,91,91,0,2,2,180,90,90,0
671800,2027,11,3,0,0,0,0,0,91,91,0,2,2,180,90,90,0
671900,2027,11,3,0,0,0,0,0,91,91,0,2,2,180,90,90,0
672000,2027,11,3,0,0,0,0,0,91,91,0,2,2,180,90,90,0
672100,2027,11,4,0,0,0,0,0,91,91,0,2,2,180,90,90,0
672200,2027,11,4,0,0,0,0,0,91,91,0,2,2,180,90,90,0
672300,2027,11,4,0,0,0,0,0,91,91,0,2,2,180,90,90,0
672400,2027,11,4,0,0,0,0,0,91,91,0,2,2,180,90,90,0
672500,2027,11,4,0,0,0,0,0,91,91,0,2,2,180,90,90,0
672600,2027,11,4,0,0,0,0,0,91,91,0,2,2,180,90,90,0
672700,2027,11,4,0,0,0,0,0,91,91,0,2,2,180,90,90,0
672800,2027,11,4,0,0,0,0,0,91,91,0,2,2,180,90,90,0
672900,2027,11,4,0,0,0,0,0,91,91,0,2,2,180,90,90,0
673000,2027,11,4,0,0,0,0,0,91,91,0,2,2,180,90,90,0
673100,2027,11,5,0,0,0,0,0,91,91,0,2,2,180,90,90,0
673200,2027,11,5,0,0,0,0,0,91,91,0,2,2,180,90,90,0
673300,2027,11,5,0,0,0,0,0,91,91,0,2,2,180,90,90,0
673400,2027,11,5,0,0,0,0,0,91,91,0,2,2,180,90,90,0
673500,2027,11,5,0,0,0,0,0,91,91,0,2,2,180,90,90,0
673600,2027,11,5,0,0,0,0,0,91,91,0,2,2,180,90,90,0
673700,2027,11,5,0,0,0,0,0,91,91,0,2,2,180,90,90,0
673800,2027,11,5,0,0,0,0,0,91,91,0,2,2,180,90,90,0
673900,2027,11,5,0,0,0,0,0,91,91,0,2,2,180,90,90,0
674000,2027,11,5,0,0,0,0,0,91,91,0,2,2,180,90,90,0
674100,2027,11,6,0,0,0,0,0,91,91,0,2,2,180,90,90,0
674200,2027,11,6,0,0,0,0,0,91,91,0,2,2,180,90,90,0
674300,2027,11,6,0,0,0,0,0,91,91,0,2,2,180,90,90,0
674400,2027,11,6,0,0,0,0,0,91,91,0,2,2,180,90,90,0
674500,2027,11,6,0,0,0,0,0,91,91,0,2,2,180,90,90,0
674600,2027,11,6,0,0,0,0,0,91,91,0,2,2,180,90,90,0
674700,2027,11,6,0,0,0,0,0,91,91,0,2,2,180,90,90,0
674800,2027,11,6,0,0,0,0,0,91,91,0,2,2,180,90,90,0
674900,2027,11,6,0,0,0,0,0,91,91,0,2,2,180,90,90,0
675000,2027,11,6,0,0,0,0,0,91,91,0,2,2,180,90,90,0
675100,2027,11,7,0,0,0,0,0,91,91,0,2,2,180,90,90,0
675200,2027,11,7,0,0,0,0,0,91,91,0,2,2,180,90,90,0
675300,2027,11,7,0,0,0,0,0,91,91,0,2,2,180,90,90,0
675400,2027,11,7,0,0,0,0,0,91,91,0,2,2,180,90,90,0
675500,2027,11,7,0,0,0,0,0,91,91,0,2,2,180,90,90,0
675600,2027,11,7,0,0,0,0,0,91,91,0,2,2,180,90,90,0
675700,2027,11,7,0,0,0,0,0,91,91,0,2,2,180,90,90,0
675800,2027,11,7,0,0,0,0,0,91,91,0,2,2,180,90,90,0
675900,2027,11,7,0,0,0,0,0,91,91,0,2,2,180,90,90,0
676000,2027,11,7,0,0,0,0,0,91,91,0,2,2,180,90,90,0
676100,2027,11,8,0,0,0,0,0,91,91,0,2,2,180,90,90,0
676200,2027,11,8,0,0,0,0,0,91,91,0,2,2,180,90,90,0
676300,2027,11,8,0,0,0,0,0,91,91,0,2,2,180,90,90,0
676400,2027,11,8,0,0,0,0,0,91,91,0,2,2,180,90,90,0
676500,2027,11,8,0,0,0,0,0,91,91,0,2,2,180,90,90,0
676600,2027,11,8,0,0,0,0,0,91,91,0,2,2,180,90,90,0
676700,2027,11,8,0,0,0,0,0,91,91,0,2,2,180,90,90,0
676800,2027,11,8,0,0,0,0,0,91,91,0,2,2,180,90,90,0
676900,2027,11,8,0,0,0,0,0,91,91,0,2,2,180,90,90,0
677000,2027,11,8,0,0,0,0,0,91,91,0,2,2,180,90,90,0
677100,2027,11,9,0,0,0,0,0,91,91,0,2,2,180,90,90,0
677200,2027,11,9,0,0,0,0,0,91,91,0,2,2,180,90,90,0
677300,2027,11,9,0,0,0,0,0,91,91,0,2,2,180,90,90,0
677400,2027,11,9,0,0,0,0,0,91,91,0,2,2,180,90,90,0
677500,2027,11,9,0,0,0,0,0,91,91,0,2,2,180,90,90,0
677600,2027,11,9,0,0,0,0,0,91,91,0,2,2,180,90,90,0
677700,2027,11,9,0,0,0,0,0,91,91,0,2,2,180,90,90,0
677800,2027,11,9,0,0,0,0,0,91,91,0,2,2,180,90,90,0
677900,2027,11,9,0,0,0,0,0,91,91,0,2,2,180,90,90,0
678000,2027,11,9,0,0,0,0,0,91,91,0,2,2,180,90,90,0
678100,2027,11,10,0,0,0,0,0,91,91,0,2,2,180,90,90,0
678200,2027,11,10,0,0,0,0,0,91,91,0,2,2,180,90,90,0
678300,2027,11,10,0,0,0,0,0,91,91,0,2,2,180,90,90,0
678400,2027,11,10,0,0,0,0,0,91,91,0,2,2,180,90,90,0
678500,2027,11,10,0,0,0,0,0,91,91,0,2,2,180,90,90,0
678600,2027,11,10,0,0,0,0,0,91,91,0,2,2,180,90,90,0
678700,2027,11,10,0,0,0,0,0,91,91,0,2,2,180,90,90,0
678800,2027,11,10,0,0,0,0,0,91,91,0,2,2,180,90,90,0
678900,2027,11,10,0,0,0,0,0,91,91,0,2,2,180,90,90,0
679000,2027,11,10,0,0,0,0,0,91,91,0,2,2,180,90,90,0
679100,2027,11,11,0,0,0,0,0,91,91,0,2,2,180,90,90,0
679200,2027,11,11,0,0,0,0,0,91,91,0,2,2,180,90,90,0
679300,2027,11,11,0,0,0,0,0,91,91,0,2,2,180,90,90,0
679400,2027,11,11,0,0,0,0,0,91,91,0,2,2,180,90,90,0
679500,2027,11,11,0,0,0,0,0,91,91,0,2,2,180,90,90,0
679600,2027,11,11,0,0,0,0,0,91,91,0,2,2,180,90,90,0
679700,2027,11,11,0,0,0,0,0,91,91,0,2,2,180,90,90,0
679800,2027,11,11,0,0,0,0,0,91,91,0,2,2,180,90,90,0
679900,2027,11,11,0,0,0,0,0,91,91,0,2,2,180,90,90,0
680000,2027,11,11,0,0,0,0,0,91,91,0,2,2,180,90,90,0
680100,2027,11,12,0,0,0,0,0,91,91,0,2,2,180,90,90,0
680200,2027,11,12,0,0,0,0,0,91,91,0,2,2,180,90,90,0
680300,2027,11,12,0,0,0,0,0,91,91,0,2,2,180,90,90,0
680400,2027,11,12,0,0,0,0,0,91,91,0,2,2,180,90,90,0
680500,2027,11,12,0,0,0,0,0,91,91,0,2,2,180,90,90,0
680600,2027,11,12,0,0,0,0,0,91,91,0,2,2,180,90,90,0
680700,2027,11,12,0,0,0,0,0,91,91,0,2,2,180,90,90,0
680800,2027,11,12,0,0,0,0,0,91,91,0,2,2,180,90,90,0
680900,2027,11,12,0,0,0,0,0,91,91,0,2,2,180,90,90,0
681000,2027,11,12,0,0,0,0,0,91,91,0,2,2,180,90,90,0
681100,2027,11,13,0,0,0,0,0,91,91,0,2,2,180,90,90,0
681200,2027,11,13,0,0,0,0,0,91,91,0,2,2,180,90,90,0
681300,2027,11,13,0,0,0,0,0,91,91,0,2,2,180,90,90,0
681400,2027,11,13,0,0,0,0,0,91,91,0,2,2,180,90,90,0
681500,2027,11,13,0,0,0,0,0,91,91,0,2,2,180,90,90,0
681600,2027,11,13,0,0,0,0,0,91,91,0,2,2,180,90,90,0
681700,2027,11,13,0,0,0,0,0,91,91,0,2,2,180,90,90,0
681800,2027,11,13,0,0,0,0,0,91,91,0,2,2,180,90,90,0
681900,2027,11,13,0,0,0,0,0,91,91,0,2,2,180,90,90,0
682000,2027,11,13,0,0,0,0,0,91,91,0,2,2,180,90,90,0
682100,2027,11,14,0,0,0,0,0,91,91,0,2,2,180,90,90,0
682200,2027,11,14,0,0,0,0,0,91,91,0,2,2,180,90,90,0
682300,2027,11,14,0,0,0,0,0,91,91,0,2,2,180,90,90,0
682400,2027,11,14,0,0,0,0,0,91,91,0,2,2,180,90,90,0
682500,2027,11,14,0,0,0,0,0,91,91,0,2,2,180,90,90,0
682600,2027,11,14,0,0,0,0,0,91,91,0,2,2,180,90,90,0
682700,2027,11,14,0,0,0,0,0,91,91,0,2,2,180,90,90,0
682800,2027,11,14,0,0,0,0,0,91,91,0,2,2,180,90,90,0
682900,2027,11,14,0,0,0,0,0,91,91,0,2,2,180,90,90,0
683000,2027,11,14,0,0,0,0,0,91,91,0,2,2,180,90,90,0
683100,2027,11,15,0,0,0,0,0,91,91,0,2,2,180,90,90,0
683200,2027,11,15,0,0,0,0,0,91,91,0,2,2,180,90,90,0
683300,2027,11,15,0,0,0,0,0,91,91,0,2,2,180,90,90,0
683400,2027,11,15,0,0,0,0,0,91,91,0,2,2,180,90,90,0
683500,2027,11,15,0,0,0,0,0,91,91,0,2,2,180,90,90,0
683600,2027,11,15,0,0,0,0,0,91,91,0,2,2,180,90,90,0
683700,2027,11,15,0,0,0,0,0,91,91,0,2,2,180,90,90,0
683800,2027,11,15,0,0,0,0,0,91,91,0,2,2,180,90,90,0
683900,2027,11,15,0,0,0,0,0,91,91,0,2,2,180,90,90,0
684000,2027,11,15,0,0,0,0,0,91,91,0,2,2,180,90,90,0
684100,2027,11,16,0,0,0,0,0,91,91,0,2,2,180,90,90,0
684200,2027,11,16,0,0,0,0,0,91,91,0,2,2,180,90,90,0
684300,2027,11,16,0,0,0,0,0,91,91,0,2,2,180,90,90,0
684400,2027,11,16,0,0,0,0,0,91,91,0,2,2,180,90,90,0
684500,2027,11,16,0,0,0,0,0,91,91,0,2,2,180,90,90,0
684600,2027,11,16,0,0,0,0,0,91,91,0,2,2,180,90,90,0
684700,2027,11,16,0,0,0,0,0,91,91,0,2,2,180,90,90,0
684800,2027,11,16,0,0,0,0,0,91,91,0,2,2,180,90,90,0
684900,2027,11,16,0,0,0,0,0,91,91,0,2,2,180,90,90,0
685000,2027,11,16,0,0,0,0,0,91,91,0,2,2,180,90,90,0
685100,2027,11,17,0,0,0,0,0,91,91,0,2,2,180,90,90,0
685200,2027,11,17,0,0,0,0,0,91,91,0,2,2,180,90,90,0
685300,2027,11,17,0,0,0,0,0,91,91,0,2,2,180,90,90,0
685400,2027,11,17,0,0,0,0,0,91,91,0,2,2,180,90,90,0
685500,2027,11,17,0,0,0,0,0,91,91,0,2,2,180,90,90,0
685600,2027,11,17,0,0,0,0,0,91,91,0,2,2,180,90,90,0
685700,2027,11,17,0,0,0,0,0,91,91,0,2,2,180,90,90,0
685800,2027,11,17,0,0,0,0,0,91,91,0,2,2,180,90,90,0
685900,2027,11,17,0,0,0,0,0,91,91,0,2,2,180,90,90,0
686000,2027,11,17,0,0,0,0,0,91,91,0,2,2,180,90,90,0
686100,2027,11,18,0,0,0,0,0,91,91,0,2,2,180,90,90,0
686200,2027,11,18,0,0,0,0,0,91,91,0,2,2,180,90,90,0
686300,2027,11,18,0,0,0,0,0,91,91,0,2,2,180,90,90,0
686400,2027,11,18,0,0,0,0,0,91,91,0,2,2,180,90,90,0
686500,2027,11,18,0,0,0,0,0,91,91,0,2,2,180,90,90,0
686600,2027,11,18,0,0,0,0,0,91,91,0,2,2,180,90,90,0
686700,2027,11,18,0,0,0,0,0,91,91,0,2,2,180,90,90,0
686800,2027,11,18,0,0,0,0,0,91,91,0,2,2,180,90,90,0
686900,2027,11,18,0,0,0,0,0,91,91,0,2,2,180,90,90,0
687000,2027,11,18,0,0,0,0,0,91,91,0,2,2,180,90,90,0
687100,2027,11,19,0,0,0,0,0,91,91,0,2,2,180,90,90,0
687200,2027,11,19,0,0,0,0,0,91,91,0,2,2,180,90,90,0
687300,2027,11,19,0,0,0,0,0,91,91,0,2,2,180,90,90,0
687400,2027,11,19,0,0,0,0,0,91,91,0,2,2,180,90,90,0
687500,2027,11,19,0,0,0,0,0,91,91,0,2,2,180,90,90,0
687600,2027,11,19,0,0,0,0,0,91,91,0,2,2,180,90,90,0
687700,2027,11,19,0,0,0,0,0,91,91,0,2,2,180,90,90,0
687800,2027,11,19,0,0,0,0,0,91,91,0,2,2,180,90,90,0
687900,2027,11,19,0,0,0,0,0,91,91,0,2,2,180,90,90,0
688000,2027,11,19,0,0,0,0,0,91,91,0,2,2,180,90,90,0
688100,2027,11,20,0,0,0,0,0,91,91,0,2,2,180,90,90,0
688200,2027,11,20,0,0,0,0,0,91,91,0,2,2,180,90,90,0
688300,2027,11,20,0,0,0,0,0,91,91,0,2,2,180,90,90,0
688400,2027,11,20,0,0,0,0,0,91,91,0,2,2,180,90,90,0
688500,2027,11,20,0,0,0,0,0,91,91,0,2,2,180,90,90,0
688600,2027,11,20,0,0,0,0,0,91,91,0,2,2,180,90,90,0
688700,2027,11,20,0,0,0,0,0,91,91,0,2,2,180,90,90,0
688800,2027,11,20,0,0,0,0,0,91,91,0,2,2,180,90,90,0
688900,2027,11,20,0,0,0,0,0,91,91,0,2,2,180,90,90,0
689000,2027,11,20,0,0,0,0,0,91,91,0,2,2,180,90,90,0
689100,2027,11,21,0,0,0,0,0,91,91,0,2,2,180,90,90,0
689200,2027,11,21,0,0,0,0,0,91,91,0,2,2,180,90,90,0
689300,2027,11,21,0,0,0,0,0,91,91,0,2,2,180,90,90,0
689400,2027,11,21,0,0,0,0,0,91,91,0,2,2,180,90,90,0
689500,2027,11,21,0,0,0,0,0,91,91,0,2,2,180,90,90,0
689600,2027,11,21,0,0,0,0,0,91,91,0,2,2,180,90,90,0
689700,2027,11,21,0,0,0,0,0,91,91,0,2,2,180,90,90,0
689800,2027,11,21,0,0,0,0,0,91,91,0,2,2,180,90,90,0
689900,2027,11,21,0,0,0,0,0,91,91,0,2,2,180,90,90,0
690000,2027,11,21,0,0,0,0,0,91,91,0,2,2,180,90,90,0
690100,2027,11,22,0,0,0,0,0,91,91,0,2,2,180,90,90,0
690200,2027,11,22,0,0,0,0,0,91,91,0,2,2,180,90,90,0
690300,2027,11,22,0,0,0,0,0,91,91,0,2,2,180,90,90,0
690400,2027,11,22,0,0,0,0,0,91,91,0,2,2,180,90,90,0
690500,2027,11,22,0,0,0,0,0,91,91,0,2,2,180,90,90,0
690600,2027,11,22,0,0,0,0,0,91,91,0,2,2,180,90,90,0
690700,2027,11,22,0,0,0,0,0,91,91,0,2,2,180,90,90,0
690800,2027,11,22,0,0,0,0,0,91,91,0,2,2,180,90,90,0
690900,2027,11,22,0,0,0,0,0,91,91,0,2,2,180,90,90,0
691000,2027,11,22,0,0,0,0,0,91,91,0,2,2,180,90,90,0
691100,2027,11,23,0,0,0,0,0,91,91,0,2,2,180,90,90,0
691200,2027,11,23,0,0,0,0,0,91,91,0,2,2,180,90,90,0
691300,2027,11,23,0,0,0,0,0,91,91,0,2,2,180,90,90,0
691400,2027,11,23,0,0,0,0,0,91,91,0,2,2,180,90,90,0
691500,2027,11,23,0,0,0,0,0,91,91,0,2,2,180,90,90,0
691600,2027,11,23,0,0,0,0,0,91,91,0,2,2,180,90,90,0
691700,2027,11,23,0,0,0,0,0,91,91,0,2,2,180,90,90,0
691800,2027,11,23,0,0,0,0,0,91,91,0,2,2,180,90,90,0
691900,2027,11,23,0,0,0,0,0,91,91,0,2,2,180,90,90,0
692000,2027,11,23,0,0,0,0,0,91,91,0,2,2,180,90,90,0
692100,2027,11,24,0,0,0,0,0,91,91,0,2,2,180,90,90,0
692200,2027,11,24,0,0,0,0,0,91,91,0,2,2,180,90,90,0
692300,2027,11,24,0,0,0,0,0,91,91,0,2,2,180,90,90,0
692400,2027,11,24,0,0,0,0,0,91,91,0,2,2,180,90,90,0
692500,2027,11,24,0,0,0,0,0,91,91,0,2,2,180,90,90,0
692600,2027,11,24,0,0,0,0,0,91,91,0,2,2,180,90,90,0
692700,2027,11,24,0,0,0,0,0,91,91,0,2,2,180,90,90,0
692800,2027,11,24,0,0,0,0,0,91,91,0,2,2,180,90,90,0
692900,2027,11,24,0,0,0,0,0,91,91,0,2,2,180,90,90,0
693000,2027,11,24,0,0,0,0,0,91,91,0,2,2,180,90,90,0
693100,2027,11,25,0,0,0,0,0,91,91,0,2,2,180,90,90,0
693200,2027,11,25,0,0,0,0,0,91,91,0,2,2,180,90,90,0
693300,2027,11,25,0,0,0,0,0,91,91,0,2,2,180,90,90,0
693400,2027,11,25,0,0,0,0,0,91,91,0,2,2,180,90,90,0
693500,2027,11,25,0,0,0,0,0,91,91,0,2,2,180,90,90,0
693600,2027,11,25,0,0,0,0,0,91,91,0,2,2,180,90,90,0
693700,2027,11,25,0,0,0,0,0,91,91,0,2,2,180,90,90,0
693800,2027,11,25,0,0,0,0,0,91,91,0,2,2,180,90,90,0
693900,2027,11,25,0,0,0,0,0,91,91,0,2,2,180,90,90,0
694000,2027,11,25,0,0,0,0,0,91,91,0,2,2,180,90,90,0
694100,2027,11,26,0,0,0,0,0,91,91,0,2,2,180,90,90,0
694200,2027,11,26,0,0,0,0,0,91,91,0,2,2,180,90,90,0
694300,2027,11,26,0,0,0,0,0,91,91,0,2,2,180,90,90,0
694400,2027,11,26,0,0,0,0,0,91,91,0,2,2,180,90,90,0
694500,2027,11,26,0,0,0,0,0,91,91,0,2,2,180,90,90,0
694600,2027,11,26,0,0,0,0,0,91,91,0,2,2,180,90,90,0
694700,2027,11,26,0,0,0,0,0,91,91,0,2,2,180,90,90,0
694800,2027,11,26,0,0,0,0,0,91,91,0,2,2,180,90,90,0
694900,2027,11,26,0,0,0,0,0,91,91,0,2,2,180,90,90,0
695000,2027,11,26,0,0,0,0,0,91,91,0,2,2,180,90,90,0
695100,2027,11,27,0,0,0,0,0,91,91,0,2,2,180,90,90,0
695200,2027,11,27,0,0,0,0,0,91,91,0,2,2,180,90,90,0
695300,2027,11,27,0,0,0,0,0,91,91,0,2,2,180,90,90,0
695400,2027,11,27,0,0,0,0,0,91,91,0,2,2,180,90,90,0
695500,2027,11,27,0,0,0,0,0,91,91,0,2,2,180,90,90,0
695600,2027,11,27,0,0,0,0,0,91,91,0,2,2,180,90,90,0
695700,2027,11,27,0,0,0,0,0,91,91,0,2,2,180,90,90,0
695800,2027,11,27,0,0,0,0,0,91,91,0,2,2,180,90,90,0
695900,2027,11,27,0,0,0,0,0,91,91,0,2,2,180,90,90,0
696000,2027,11,27,0,0,0,0,0,91,91,0,2,2,180,90,90,0
696100,2027,11,28,0,0,0,0,0,91,91,0,2,2,180,90,90,0
696200,2027,11,28,0,0,0,0,0,91,91,0,2,2,180,90,90,0
696300,2027,11,28,0,0,0,0,0,91,91,0,2,2,180,90,90,0
696400,2027,11,28,0,0,0,0,0,91,91,0,2,2,180,90,90,0
696500,2027,11,28,0,0,0,0,0,91,91,0,2,2,180,90,90,0
696600,2027,11,28,0,0,0,0,0,91,91,0,2,2,180,90,90,0
696700,2027,11,28,0,0,0,0,0,91,91,0,2,2,180,90,90,0
696800,2027,11,28,0,0,0,0,0,91,91,0,2,2,180,90,90,0
696900,2027,11,28,0,0,0,0,0,91,91,0,2,2,180,90,90,0
697000,2027,11,28,0,0,0,0,0,91,91,0,2,2,180,90,90,0
697100,2027,11,29,0,0,0,0,0,91,91,0,2,2,180,90,90,0
697200,2027,11,29,0,0,0,0,0,91,91,0,2,2,180,90,90,0
697300,2027,11,29,0,0,0,0,0,91,91,0,2,2,180,90,90,0
697400,2027,11,29,0,0,0,0,0,91,91,0,2,2,180,90,90,0
697500,2027,11,29,0,0,0,0,0,91,91,0,2,2,180,90,90,0
697600,2027,11,29,0,0,0,0,0,91,91,0,2,2,180,90,90,0
697700,2027,11,29,0,0,0,0,0,91,91,0,2,2,180,90,90,0
697800,2027,11,29,0,0,0,0,0,91,91,0,2,2,180,90,90,0
697900,2027,11,29,0,0,0,0,0,91,91,0,2,2,180,90,90,0
698000,2027,11,29,0,0,0,0,0,91,91,0,2,2,180,90,90,0
698100,2027,11,30,0,0,0,0,0,91,91,0,2,2,180,90,90,0
698200,2027,11,30,0,0,0,0,0,91,91,0,2,2,180,90,90,0
698300,2027,11,30,0,0,0,0,0,91,91,0,2,2,180,90,90,0
698400,2027,11,30,0,0,0,0,0,91,91,0,2,2,180,90,90,0
698500,2027,11,30,0,0,0,0,0,91,91,0,2,2,180,90,90,0
698600,2027,11,30,0,0,0,0,0,91,91,0,2,2,180,90,90,0
698700,2027,11,30,0,0,0,0,0,91,91,0,2,2,180,90,90,0
698800,2027,11,30,0,0,0,0,0,91,91,0,2,2,180,90,90,0
698900,2027,11,30,0,0,0,0,0,91,91,0,2,2,180,90,90,0
699000,2027,11,30,0,0,0,0,0,91,91,0,2,2,180,90,90,0
699100,2027,12,1,0,0,0,0,0,91,91,0,2,2,180,90,90,0
699200,2027,12,1,0,0,0,0,0,91,91,0,2,2,180,90,90,0
699300,2027,12,1,0,0,0,0,0,91,91,0,2,2,180,90,90,0
699400,2027,12,1,0,0,0,0,0,91,91,0,2,2,180,90,90,0
699500,2027,12,1,0,0,0,0,0,91,91,0,2,2,180,90,90,0
699600,2027,12,1,0,0,0,0,0,91,91,0,2,2,180,90,90,0
699700,2027,12,1,0,0,0,0,0,91,91,0,2,2,180,90,90,0
699800,2027,12,1,0,0,0,0,0,91,91,0,2,2,180,90,90,0
699900,2027,12,1,0,0,0,0,0,91,91,0,2,2,180,90,90,0
700000,2027,12,1,0,0,0,0,0,91,91,0,2,2,180,90,90,0
700100,2027,12,2,0,0,0,0,0,91,91,0,2,2,180,90,90,0
700200,2027,12,2,0,0,0,0,0,91,91,0,2,2,180,90,90,0
700300,2027,12,2,0,0,0,0,0,91,91,0,2,2,180,90,90,0
700400,2027,12,2,0,0,0,0,0,91,91,0,2,2,180,90,90,0
700500,2027,12,2,0,0,0,0,0,91,91,0,2,2,180,90,90,0
700600,2027,12,2,0,0,0,0,0,91,91,0,2,2,180,90,90,0
700700,2027,12,2,0,0,0,0,0,91,91,0,2,2,180,90,90,0
700800,2027,12,2,0,0,0,0,0,91,91,0,2,2,180,90,90,0
700900,2027,12,2,0,0,0,0,0,91,91,0,2,2,180,90,90,0
701000,2027,12,2,0,0,0,0,0,91,91,0,2,2,180,90,90,0
701100,2027,12,3,0,0,0,0,0,91,91,0,2,2,180,90,90,0
701200,2027,12,3,0,0,0,0,0,91,91,0,2,2,180,90,90,0
701300,2027,12,3,0,0,0,0,0,91,91,0,2,2,180,90,90,0
701400,2027,12,3,0,0,0,0,0,91,91,0,2,2,180,90,90,0
701500,2027,12,3,0,0,0,0,0,91,91,0,2,2,180,90,90,0
701600,2027,12,3,0,0,0,0,0,91,91,0,2,2,180,90,90,0
701700,2027,12,3,0,0,0,0,0,91,91,0,2,2,180,90,90,0
701800,2027,12,3,0,0,0,0,0,91,91,0,2,2,180,90,90,0
701900,2027,12,3,0,0,0,0,0,91,91,0,2,2,180,90,90,0
702000,2027,12,3,0,0,0,0,0,91,91,0,2,2,180,90,90,0
702100,2027,12,4,0,0,0,0,0,91,91,0,2,2,180,90,90,0
702200,2027,12,4,0,0,0,0,0,91,91,0,2,2,180,90,90,0
702300,2027,12,4,0,0,0,0,0,91,91,0,2,2,180,90,90,0
702400,2027,12,4,0,0,0,0,0,91,91,0,2,2,180,90,90,0
702500,2027,12,4,0,0,0,0,0,91,91,0,2,2,180,90,90,0
702600,2027,12,4,0,0,0,0,0,91,91,0,2,2,180,90,90,0
702700,2027,12,4,0,0,0,0,0,91,91,0,2,2,180,90,90,0
702800,2027,12,4,0,0,0,0,0,91,91,0,2,2,180,90,90,0
702900,2027,12,4,0,0,0,0,0,91,91,0,2,2,180,90,90,0
703000,2027,12,4,0,0,0,0,0,91,91,0,2,2,180,90,90,0
703100,2027,12,5,0,0,0,0,0,91,91,0,2,2,180,90,90,0
703200,2027,12,5,0,0,0,0,0,91,91,0,2,2,180,90,90,0
703300,2027,12,5,0,0,0,0,0,91,91,0,2,2,180,90,90,0
703400,2027,12,5,0,0,0,0,0,91,91,0,2,2,180,90,90,0
703500,2027,12,5,0,0,0,0,0,91,91,0,2,2,180,90,90,0
703600,2027,12,5,0,0,0,0,0,91,91,0,2,2,180,90,90,0
703700,2027,12,5,0,0,0,0,0,91,91,0,2,2,180,90,90,0
703800,2027,12,5,0,0,0,0,0,91,91,0,2,2,180,90,90,0
703900,2027,12,5,0,0,0,0,0,91,91,0,2,2,180,90,90,0
704000,2027,12,5,0,0,0,0,0,91,91,0,2,2,180,90,90,0
704100,2027,12,6,0,0,0,0,0,91,91,0,2,2,180,90,90,0
704200,2027,12,6,0,0,0,0,0,91,91,0,2,2,180,90,90,0
704300,2027,12,6,0,0,0,0,0,91,91,0,2,2,180,90,90,0
704400,2027,12,6,0,0,0,0,0,91,91,0,2,2,180,90,90,0
704500,2027,12,6,0,0,0,0,0,91,91,0,2,2,180,90,90,0
704600,2027,12,6,0,0,0,0,0,91,91,0,2,2,180,90,90,0
704700,2027,12,6,0,0,0,0,0,91,91,0,2,2,180,90,90,0
704800,2027,12,6,0,0,0,0,0,91,91,0,2,2,180,90,90,0
704900,2027,12,6,0,0,0,0,0,91,91,0,2,2,180,90,90,0
705000,2027,12,6,0,0,0,0,0,91,91,0,2,2,180,90,90,0
705100,2027,12,7,0,0,0,0,0,91,91,0,2,2,180,90,90,0
705200,2027,12,7,0,0,0,0,0,91,91,0,2,2,180,90,90,0
705300,2027,12,7,0,0,0,0,0,91,91,0,2,2,180,90,90,0
705400,2027,12,7,0,0,0,0,0,91,91,0,2,2,180,90,90,0
705500,2027,12,7,0,0,0,0,0,91,91,0,2,2,180,90,90,0
705600,2027,12,7,0,0,0,0,0,91,91,0,2,2,180,90,90,0
705700,2027,12,7,0,0,0,0,0,91,91,0,2,2,180,90,90,0
705800,2027,12,7,0,0,0,0,0,91,91,0,2,2,180,90,90,0
705900,2027,12,7,0,0,0,0,0,91,91,0,2,2,180,90,90,0
706000,2027,12,7,0,0,0,0,0,91,91,0,2,2,180,90,90,0
706100,2027,12,8,0,0,0,0,0,91,91,0,2,2,180,90,90,0
706200,2027,12,8,0,0,0,0,0,91,91,0,2,2,180,90,90,0
706300,2027,12,8,0,0,0,0,0,91,91,0,2,2,180,90,90,0
706400,2027,12,8,0,0,0,0,0,91,91,0,2,2,180,90,90,0
706500,2027,12,8,0,0,0,0,0,91,91,0,2,2,180,90,90,0
706600,2027,12,8,0,0,0,0,0,91,91,0,2,2,180,90,90,0
706700,2027,12,8,0,0,0,0,0,91,91,0,2,2,180,90,90,0
706800,2027,12,8,0,0,0,0,0,91,91,0,2,2,180,90,90,0
706900,2027,12,8,0,0,0,0,0,91,91,0,2,2,180,90,90,0
707000,2027,12,8,0,0,0,0,0,91,91,0,2,2,180,90,90,0
707100,2027,12,9,0,0,0,0,0,91,91,0,2,2,180,90,90,0
707200,2027,12,9,0,0,0,0,0,91,91,0,2,2,180,90,90,0
707300,2027,12,9,0,0,0,0,0,91,91,0,2,2,180,90,90,0
707400,2027,12,9,0,0,0,0,0,91,91,0,2,2,180,90,90,0
707500,2027,12,9,0,0,0,0,0,91,91,0,2,2,180,90,90,0
707600,2027,12,9,0,0,0,0,0,91,91,0,2,2,180,90,90,0
707700,2027,12,9,0,0,0,0,0,91,91,0,2,2,180,90,90,0
707800,2027,12,9,0,0,0,0,0,91,91,0,2,2,180,90,90,0
707900,2027,12,9,0,0,0,0,0,91,91,0,2,2,180,90,90,0
708000,2027,12,9,0,0,0,0,0,91,91,0,2,2,180,90,90,0
708100,2027,12,10,0,0,0,0,0,91,91,0,2,2,180,90,90,0
708200,2027,12,10,0,0,0,0,0,91,91,0,2,2,180,90,90,0
708300,2027,12,10,0,0,0,0,0,91,91,0,2,2,180,90,90,0
708400,2027,12,10,0,0,0,0,0,91,91,0,2,2,180,90,90,0
708500,2027,12,10,0,0,0,0,0,91,91,0,2,2,180,90,90,0
708600,2027,12,10,0,0,0,0,0,91,91,0,2,2,180,90,90,0
708700,2027,12,10,0,0,0,0,0,91,91,0,2,2,180,90,90,0
708800,2027,12,10,0,0,0,0,0,91,91,0,2,2,180,90,90,0
708900,2027,12,10,0,0,0,0,0,91,91,0,2,2,180,90,90,0
709000,2027,12,10,0,0,0,0,0,91,91,0,2,2,180,90,90,0
709100,2027,12,11,0,0,0,0,0,91,91,0,2,2,180,90,90,0
709200,2027,12,11,0,0,0,0,0,91,91,0,2,2,180,90,90,0
709300,2027,12,11,0,0,0,0,0,91,91,0,2,2,180,90,90,0
709400,2027,12,11,0,0,0,0,0,91,91,0,2,2,180,90,90,0
709500,2027,12,11,0,0,0,0,0,91,91,0,2,2,180,90,90,0
709600,2027,12,11,0,0,0,0,0,91,91,0,2,2,180,90,90,0
709700,2027,12,11,0,0,0,0,0,91,91,0,2,2,180,90,90,0
709800,2027,12,11,0,0,0,0,0,91,91,0,2,2,180,90,90,0
709900,2027,12,11,0,0,0,0,0,91,91,0,2,2,180,90,90,0
710000,2027,12,11,0,0,0,0,0,91,91,0,2,2,180,90,90,0
710100,2027,12,12,0,0,0,0,0,91,91,0,2,2,180,90,90,0
710200,2027,12,12,0,0,0,0,0,91,91,0,2,2,180,90,90,0
710300,2027,12,12,0,0,0,0,0,91,91,0,2,2,180,90,90,0
710400,2027,12,12,0,0,0,0,0,91,91,0,2,2,180,90,90,0
710500,2027,12,12,0,0,0,0,0,91,91,0,2,2,180,90,90,0
710600,2027,12,12,0,0,0,0,0,91,91,0,2,2,180,90,90,0
710700,2027,12,12,0,0,0,0,0,91,91,0,2,2,180,90,90,0
710800,2027,12,12,0,0,0,0,0,91,91,0,2,2,180,90,90,0
710900,2027,12,12,0,0,0,0,0,91,91,0,2,2,180,90,90,0
711000,2027,12,12,0,0,0,0,0,91,91,0,2,2,180,90,90,0
711100,2027,12,13,0,0,0,0,0,91,91,0,2,2,180,90,90,0
711200,2027,12,13,0,0,0,0,0,91,91,0,2,2,180,90,90,0
711300,2027,12,13,0,0,0,0,0,91,91,0,2,2,180,90,90,0
711400,2027,12,13,0,0,0,0,0,91,91,0,2,2,180,90,90,0
711500,2027,12,13,0,0,0,0,0,91,91,0,2,2,180,90,90,0
711600,2027,12,13,0,0,0,0,0,91,91,0,2,2,180,90,90,0
711700,2027,12,13,0,0,0,0,0,91,91,0,2,2,180,90,90,0
711800,2027,12,13,0,0,0,0,0,91,91,0,2,2,180,90,90,0
711900,2027,12,13,0,0,0,0,0,91,91,0,2,2,180,90,90,0
712000,2027,12,13,0,0,0,0,0,91,91,0,2,2,180,90,90,0
712100,2027,12,14,0,0,0,0,0,91,91,0,2,2,180,90,90,0
712200,2027,12,14,0,0,0,0,0,91,91,0,2,2,180,90,90,0
712300,2027,12,14,0,0,0,0,0,91,91,0,2,2,180,90,90,0
712400,2027,12,14,0,0,0,0,0,91,91,0,2,2,180,90,90,0
712500,2027,12,14,0,0,0,0,0,91,91,0,2,2,180,90,90,0
712600,2027,12,14,0,0,0,0,0,91,91,0,2,2,180,90,90,0
712700,2027,12,14,0,0,0,0,0,91,91,0,2,2,180,90,90,0
712800,2027,12,14,0,0,0,0,0,91,91,0,2,2,180,90,90,0
712900,2027,12,14,0,0,0,0,0,91,91,0,2,2,180,90,90,0
713000,2027,12,14,0,0,0,0,0,91,91,0,2,2,180,90,90,0
713100,2027,12,15,0,0,0,0,0,91,91,0,2,2,180,90,90,0
713200,2027,12,15,0,0,0,0,0,91,91,0,2,2,180,90,90,0
713300,2027,12,15,0,0,0,0,0,91,91,0,2,2,180,90,90,0
713400,2027,12,15,0,0,0,0,0,91,91,0,2,2,180,90,90,0
713500,2027,12,15,0,0,0,0,0,91,91,0,2,2,180,90,90,0
713600,2027,12,15,0,0,0,0,0,91,91,0,2,2,180,90,90,0
713700,2027,12,15,0,0,0,0,0,91,91,0,2,2,180,90,90,0
713800,2027,12,15,0,0,0,0,0,91,91,0,2,2,180,90,90,0
713900,2027,12,15,0,0,0,0,0,91,91,0,2,2,180,90,90,0
714000,2027,12,15,0,0,0,0,0,91,91,0,2,2,180,90,90,0
714100,2027,12,16,0,0,0,0,0,91,91,0,2,2,180,90,90,0
714200,2027,12,16,0,0,0,0,0,91,91,0,2,2,180,90,90,0
714300,2027,12,16,0,0,0,0,0,91,91,0,2,2,180,90,90,0
714400,2027,12,16,0,0,0,0,0,91,91,0,2,2,180,90,90,0
714500,2027,12,16,0,0,0,0,0,91,91,0,2,2,180,90,90,0
714600,2027,12,16,0,0,0,0,0,91,91,0,2,2,180,90,90,0
714700,2027,12,16,0,0,0,0,0,91,91,0,2,2,180,90,90,0
714800,2027,12,16,0,0,0,0,0,91,91,0,2,2,180,90,90,0
714900,2027,12,16,0,0,0,0,0,91,91,0,2,2,180,90,90,0
715000,2027,12,16,0,0,0,0,0,91,91,0,2,2,180,90,90,0
715100,2027,12,17,0,0,0,0,0,91,91,0,2,2,180,90,90,0
715200,2027,12,17,0,0,0,0,0,91,91,0,2,2,180,90,90,0
715300,2027,12,17,0,0,0,0,0,91,91,0,2,2,180,90,90,0
715400,2027,12,17,0,0,0,0,0,91,91,0,2,2,180,90,90,0
715500,2027,12,17,0,0,0,0,0,91,91,0,2,2,180,90,90,0
715600,2027,12,17,0,0,0,0,0,91,91,0,2,2,180,90,90,0
715700,2027,12,17,0,0,0,0,0,91,91,0,2,2,180,90,90,0
715800,2027,12,17,0,0,0,0,0,91,91,0,2,2,180,90,90,0
715900,2027,12,17,0,0,0,0,0,91,91,0,2,2,180,90,90,0
716000,2027,12,17,0,0,0,0,0,91,91,0,2,2,180,90,90,0
716100,2027,12,18,0,0,0,0,0,91,91,0,2,2,180,90,90,0
716200,2027,12,18,0,0,0,0,0,91,91,0,2,2,180,90,90,0
716300,2027,12,18,0,0,0,0,0,91,91,0,2,2,180,90,90,0
716400,2027,12,18,0,0,0,0,0,91,91,0,2,2,180,90,90,0
716500,2027,12,18,0,0,0,0,0,91,91,0,2,2,180,90,90,0
716600,2027,12,18,0,0,0,0,0,91,91,0,2,2,180,90,90,0
716700,2027,12,18,0,0,0,0,0,91,91,0,2,2,180,90,90,0
716800,2027,12,18,0,0,0,0,0,91,91,0,2,2,180,90,90,0
716900,2027,12,18,0,0,0,0,0,91,91,0,2,2,180,90,90,0
717000,2027,12,18,0,0,0,0,0,91,91,0,2,2,180,90,90,0
717100,2027,12,19,0,0,0,0,0,91,91,0,2,2,180,90,90,0
717200,2027,12,19,0,0,0,0,0,91,91,0,2,2,180,90,90,0
717300,2027,12,19,0,0,0,0,0,91,91,0,2,2,180,90,90,0
717400,2027,12,19,0,0,0,0,0,91,91,0,2,2,180,90,90,0
717500,2027,12,19,0,0,0,0,0,91,91,0,2,2,180,90,90,0
717600,2027,12,19,0,0,0,0,0,91,91,0,2,2,180,90,90,0
717700,2027,12,19,0,0,0,0,0,91,91,0,2,2,180,90,90,0
717800,2027,12,19,0,0,0,0,0,91,91,0,2,2,180,90,90,0
717900,2027,12,19,0,0,0,0,0,91,91,0,2,2,180,90,90,0
718000,2027,12,19,0,0,0,0,0,91,91,0,2,2,180,90,90,0
718100,2027,12,20,0,0,0,0,0,91,91,0,2,2,180,90,90,0
718200,2027,12,20,0,0,0,0,0,91,91,0,2,2,180,90,90,0
718300,2027,12,20,0,0,0,0,0,91,91,0,2,2,180,90,90,0
718400,2027,12,20,0,0,0,0,0,91,91,0,2,2,180,90,90,0
718500,2027,12,20,0,0,0,0,0,91,91,0,2,2,180,90,90,0
718600,2027,12,20,0,0,0,0,0,91,91,0,2,2,180,90,90,0
718700,2027,12,20,0,0,0,0,0,91,91,0,2,2,180,90,90,0
718800,2027,12,20,0,0,0,0,0,91,91,0,2,2,180,90,90,0
718900,2027,12,20,0,0,0,0,0,91,91,0,2,2,180,90,90,0
719000,2027,12,20,0,0,0,0,0,91,91,0,2,2,180,90,90,0
719100,2027,12,21,0,0,0,0,0,91,91,0,2,2,180,90,90,0
719200,2027,12,21,0,0,0,0,0,91,91,0,2,2,180,90,90,0
719300,2027,12,21,0,0,0,0,0,91,91,0,2,2,180,90,90,0
719400,2027,12,21,0,0,0,0,0,91,91,0,2,2,180,90,90,0
719500,2027,12,21,0,0,0,0,0,91,91,0,2,2,180,90,90,0
719600,2027,12,21,0,0,0,0,0,91,91,0,2,2,180,90,90,0
719700,2027,12,21,0,0,0,0,0,91,91,0,2,2,180,90,90,0
719800,2027,12,21,0,0,0,0,0,91,91,0,2,2,180,90,90,0
719900,2027,12,21,0,0,0,0,0,91,91,0,2,2,180,90,90,0
720000,2027,12,21,0,0,0,0,0,91,91,0,2,2,180,90,90,0
720100,2027,12,22,0,0,0,0,0,91,91,0,2,2,180,90,90,0
720200,2027,12,22,0,0,0,0,0,91,91,0,2,2,180,90,90,0
720300,2027,12,22,0,0,0,0,0,91,91,0,2,2,180,90,90,0
720400,2027,12,22,0,0,0,0,0,91,91,0,2,2,180,90,90,0
720500,2027,12,22,0,0,0,0,0,91,91,0,2,2,180,90,90,0
720600,2027,12,22,0,0,0,0,0,91,91,0,2,2,180,90,90,0
720700,2027,12,22,0,0,0,0,0,91,91,0,2,2,180,90,90,0
720800,2027,12,22,0,0,0,0,0,91,91,0,2,2,180,90,90,0
720900,2027,12,22,0,0,0,0,0,91,91,0,2,2,180,90,90,0
721000,2027,12,22,0,0,0,0,0,91,91,0,2,2,180,90,90,0
721100,2027,12,23,0,0,0,0,0,91,91,0,2,2,180,90,90,0
721200,2027,12,23,0,0,0,0,0,91,91,0,2,2,180,90,90,0
721300,2027,12,23,0,0,0,0,0,91,91,0,2,2,180,90,90,0
721400,2027,12,23,0,0,0,0,0,91,91,0,2,2,180,90,90,0
721500,2027,12,23,0,0,0,0,0,91,91,0,2,2,180,90,90,0
721600,2027,12,23,0,0,0,0,0,91,91,0,2,2,180,90,90,0
721700,2027,12,23,0,0,0,0,0,91,91,0,2,2,180,90,90,0
721800,2027,12,23,0,0,0,0,0,91,91,0,2,2,180,90,90,0
721900,2027,12,23,0,0,0,0,0,91,91,0,2,2,180,90,90,0
722000,2027,12,23,0,0,0,0,0,91,91,0,2,2,180,90,90,0
722100,2027,12,24,0,0,0,0,0,91,91,0,2,2,180,90,90,0
722200,2027,12,24,0,0,0,0,0,91,91,0,2,2,180,90,90,0
722300,2027,12,24,0,0,0,0,0,91,91,0,2,2,180,90,90,0
722400,2027,12,24,0,0,0,0,0,91,91,0,2,2,180,90,90,0
722500,2027,12,24,0,0,0,0,0,91,91,0,2,2,180,90,90,0
722600,2027,12,24,0,0,0,0,0,91,91,0,2,2,180,90,90,0
722700,2027,12,24,0,0,0,0,0,91,91,0,2,2,180,90,90,0
722800,2027,12,24,0,0,0,0,0,91,91,0,2,2,180,90,90,0
722900,2027,12,24,0,0,0,0,0,91,91,0,2,2,180,90,90,0
723000,2027,12,24,0,0,0,0,0,91,91,0,2,2,180,90,90,0
723100,2027,12,25,0,0,0,0,0,91,91,0,2,2,180,90,90,0
723200,2027,12,25,0,0,0,0,0,91,91,0,2,2,180,90,90,0
723300,2027,12,25,0,0,0,0,0,91,91,0,2,2,180,90,90,0
723400,2027,12,25,0,0,0,0,0,91,91,0,2,2,180,90,90,0
723500,2027,12,25,0,0,0,0,0,91,91,0,2,2,180,90,90,0
723600,2027,12,25,0,0,0,0,0,91,91,0,2,2,180,90,90,0
723700,2027,12,25,0,0,0,0,0,91,91,0,2,2,180,90,90,0
723800,2027,12,25,0,0,0,0,0,91,91,0,2,2,180,90,90,0
723900,2027,12,25,0,0,0,0,0,91,91,0,2,2,180,90,90,0
724000,2027,12,25,0,0,0,0,0,91,91,0,2,2,180,90,90,0
724100,2027,12,26,0,0,0,0,0,91,91,0,2,2,180,90,90,0
724200,2027,12,26,0,0,0,0,0,91,91,0,2,2,180,90,90,0
724300,2027,12,26,0,0,0,0,0,91,91,0,2,2,180,90,90,0
724400,2027,12,26,0,0,0,0,0,91,91,0,2,2,180,90,90,0
724500,2027,12,26,0,0,0,0,0,91,91,0,2,2,180,90,90,0
724600,2027,12,26,0,0,0,0,0,91,91,0,2,2,180,90,90,0
724700,2027,12,26,0,0,0,0,0,91,91,0,2,2,180,90,90,0
724800,2027,12,26,0,0,0,0,0,91,91,0,2,2,180,90,90,0
724900,2027,12,26,0,0,0,0,0,91,91,0,2,2,180,90,90,0
725000,2027,12,26,0,0,0,0,0,91,91,0,2,2,180,90,90,0
725100,2027,12,27,0,0,0,0,0,91,91,0,2,2,180,90,90,0
725200,2027,12,27,0,0,0,0,0,91,91,0,2,2,180,90,90,0
725300,2027,12,27,0,0,0,0,0,91,91,0,2,2,180,90,90,0
725400,2027,12,27,0,0,0,0,0,91,91,0,2,2,180,90,90,0
725500,2027,12,27,0,0,0,0,0,91,91,0,2,2,180,90,90,0
725600,2027,12,27,0,0,0,0,0,91,91,0,2,2,180,90,90,0
725700,2027,12,27,0,0,0,0,0,91,91,0,2,2,180,90,90,0
725800,2027,12,27,0,0,0,0,0,91,91,0,2,2,180,90,90,0
725900,2027,12,27,0,0,0,0,0,91,91,0,2,2,180,90,90,0
726000,2027,12,27,0,0,0,0,0,91,91,0,2,2,180,90,90,0
726100,2027,12,28,0,0,0,0,0,91,91,0,2,2,180,90,90,0
726200,2027,12,28,0,0,0,0,0,91,91,0,2,2,180,90,90,0
726300,2027,12,28,0,0,0,0,0,91,91,0,2,2,180,90,90,0
726400,2027,12,28,0,0,0,0,0,91,91,0,2,2,180,90,90,0
726500,2027,12,28,0,0,0,0,0,91,91,0,2,2,180,90,90,0
726600,2027,12,28,0,0,0,0,0,91,91,0,2,2,180,90,90,0
726700,2027,12,28,0,0,0,0,0,91,91,0,2,2,180,90,90,0
726800,2027,12,28,0,0,0,0,0,91,91,0,2,2,180,90,90,0
726900,2027,12,28,0,0,0,0,0,91,91,0,2,2,180,90,90,0
727000,2027,12,28,0,0,0,0,0,91,91,0,2,2,180,90,90,0
727100,2027,12,29,0,0,0,0,0,91,91,0,2,2,180,90,90,0
727200,2027,12,29,0,0,0,0,0,91,91,0,2,2,180,90,90,0
727300,2027,12,29,0,0,0,0,0,91,91,0,2,2,180,90,90,0
727400,2027,12,29,0,0,0,0,0,91,91,0,2,2,180,90,90,0
727500,2027,12,29,0,0,0,0,0,91,91,0,2,2,180,90,90,0
727600,2027,12,29,0,0,0,0,0,91,91,0,2,2,180,90,90,0
727700,2027,12,29,0,0,0,0,0,91,91,0,2,2,180,90,90,0
727800,2027,12,29,0,0,0,0,0,91,91,0,2,2,180,90,90,0
727900,2027,12,29,0,0,0,0,0,91,91,0,2,2,180,90,90,0
728000,2027,12,29,0,0,0,0,0,91,91,0,2,2,180,90,90,0
728100,2027,12,30,0,0,0,0,0,91,91,0,2,2,180,90,90,0
728200,2027,12,30,0,0,0,0,0,91,91,0,2,2,180,90,90,0
728300,2027,12,30,0,0,0,0,0,91,91,0,2,2,180,90,90,0
728400,2027,12,30,0,0,0,0,0,91,91,0,2,2,180,90,90,0
728500,2027,12,30,0,0,0,0,0,91,91,0,2,2,180,90,90,0
728600,2027,12,30,0,0,0,0,0,91,91,0,2,2,180,90,90,0
728700,2027,12,30,0,0,0,0,0,91,91,0,2,2,180,90,90,0
728800,2027,12,30,0,0,0,0,0,91,91,0,2,2,180,90,90,0
728900,2027,12,30,0,0,0,0,0,91,91,0,2,2,180,90,90,0
729000,2027,12,30,0,0,0,0,0,91,91,0,2,2,180,90,90,0
729100,2027,12,31,0,0,0,0,0,91,91,0,2,2,180,90,90,0
729200,2027,12,31,0,0,0,0,0,91,91,0,2,2,180,90,90,0
729300,2027,12,31,0,0,0,0,0,91,91,0,2,2,180,90,90,0
729400,2027,12,31,0,0,0,0,0,91,91,0,2,2,180,90,90,0
729500,2027,12,31,0,0,0,0,0,91,91,0,2,2,180,90,90,0
729600,2027,12,31,0,0,0,0,0,91,91,0,2,2,180,90,90,0
729700,2027,12,31,0,0,0,0,0,91,91,0,2,2,180,90,90,0
729800,2027,12,31,0,0,0,0,0,91,91,0,2,2,180,90,90,0
729900,2027,12,31,0,0,0,0,0,91,91,0,2,2,180,90,90,0
730000,2027,12,31,0,0,0,0,0,91,91,0,2,2,180,90,90,0
730100,2028,1,1,0,0,0,0,0,91,91,0,2,2,180,90,90,0
730200,2028,1,1,0,0,0,0,0,91,91,0,2,2,180,90,90,0
730300,2028,1,1,0,0,0,0,0,91,91,0,2,2,180,90,90,0
730400,2028,1,1,0,0,0,0,0,91,91,0,2,2,180,90,90,0
730500,2028,1,1,0,0,0,0,0,91,91,0,2,2,180,90,90,0
730600,2028,1,1,0,0,0,0,0,91,91,0,2,2,180,90,90,0
730700,2028,1,1,0,0,0,0,0,91,91,0,2,2,180,90,90,0
730800,2028,1,1,0,0,0,0,0,91,91,0,2,2,180,90,90,0
730900,2028,1,1,0,0,0,0,0,91,91,0,2,2,180,90,90,0
731000,2028,1,1,0,0,0,0,0,91,91,0,2,2,180,90,90,0
731100,2028,1,2,0,0,0,0,0,91,91,0,2,2,180,90,90,0
731200,2028,1,2,0,0,0,0,0,91,91,0,2,2,180,90,90,0
731300,2028,1,2,0,0,0,0,0,91,91,0,2,2,180,90,90,0
731400,2028,1,2,0,0,0,0,0,91,91,0,2,2,180,90,90,0
731500,2028,1,2,0,0,0,0,0,91,91,0,2,2,180,90,90,0
731600,2028,1,2,0,0,0,0,0,91,91,0,2,2,180,90,90,0
731700,2028,1,2,0,0,0,0,0,91,91,0,2,2,180,90,90,0
731800,2028,1,2,0,0,0,0,0,91,91,0,2,2,180,90,90,0
731900,2028,1,2,0,0,0,0,0,91,91,0,2,2,180,90,90,0
732000,2028,1,2,0,0,0,0,0,91,91,0,2,2,180,90,90,0
732100,2028,1,3,0,0,0,0,0,91,91,0,2,2,180,90,90,0
732200,2028,1,3,0,0,0,0,0,91,91,0,2,2,180,90,90,0
732300,2028,1,3,0,0,0,0,0,91,91,0,2,2,180,90,90,0
732400,2028,1,3,0,0,0,0,0,91,91,0,2,2,180,90,90,0
732500,2028,1,3,0,0,0,0,0,91,91,0,2,2,180,90,90,0
732600,2028,1,3,0,0,0,0,0,91,91,0,2,2,180,90,90,0
732700,2028,1,3,0,0,0,0,0,91,91,0,2,2,180,90,90,0
732800,2028,1,3,0,0,0,0,0,91,91,0,2,2,180,90,90,0
732900,2028,1,3,0,0,0,0,0,91,91,0,2,2,180,90,90,0
733000,2028,1,3,0,0,0,0,0,91,91,0,2,2,180,90,90,0
733100,2028,1,4,0,0,0,0,0,91,91,0,2,2,180,90,90,0
733200,2028,1,4,0,0,0,0,0,91,91,0,2,2,180,90,90,0
733300,2028,1,4,0,0,0,0,0,91,91,0,2,2,180,90,90,0
733400,2028,1,4,0,0,0,0,0,91,91,0,2,2,180,90,90,0
733500,2028,1,4,0,0,0,0,0,91,91,0,2,2,180,90,90,0
733600,2028,1,4,0,0,0,0,0,91,91,0,2,2,180,90,90,0
733700,2028,1,4,0,0,0,0,0,91,91,0,2,2,180,90,90,0
733800,2028,1,4,0,0,0,0,0,91,91,0,2,2,180,90,90,0
733900,2028,1,4,0,0,0,0,0,91,91,0,2,2,180,90,90,0
734000,2028,1,4,0,0,0,0,0,91,91,0,2,2,180,90,90,0
734100,2028,1,5,0,0,0,0,0,91,91,0,2,2,180,90,90,0
734200,2028,1,5,0,0,0,0,0,91,91,0,2,2,180,90,90,0
734300,2028,1,5,0,0,0,0,0,91,91,0,2,2,180,90,90,0
734400,2028,1,5,0,0,0,0,0,91,91,0,2,2,180,90,90,0
734500,2028,1,5,0,0,0,0,0,91,91,0,2,2,180,90,90,0
734600,2028,1,5,0,0,0,0,0,91,91,0,2,2,180,90,90,0
734700,2028,1,5,0,0,0,0,0,91,91,0,2,2,180,90,90,0
734800,2028,1,5,0,0,0,0,0,91,91,0,2,2,180,90,90,0
734900,2028,1,5,0,0,0,0,0,91,91,0,2,2,180,90,90,0
735000,2028,1,5,0,0,0,0,0,91,91,0,2,2,180,90,90,0
735100,2028,1,6,0,0,0,0,0,91,91,0,2,2,180,90,90,0
735200,2028,1,6,0,0,0,0,0,91,91,0,2,2,180,90,90,0
735300,2028,1,6,0,0,0,0,0,91,91,0,2,2,180,90,90,0
735400,2028,1,6,0,0,0,0,0,91,91,0,2,2,180,90,90,0
735500,2028,1,6,0,0,0,0,0,91,91,0,2,2,180,90,90,0
735600,2028,1,6,0,0,0,0,0,91,91,0,2,2,180,90,90,0
735700,2028,1,6,0,0,0,0,0,91,91,0,2,2,180,90,90,0
735800,2028,1,6,0,0,0,0,0,91,91,0,2,2,180,90,90,0
735900,2028,1,6,0,0,0,0,0,91,91,0,2,2,180,90,90,0
736000,2028,1,6,0,0,0,0,0,91,91,0,2,2,180,90,90,0
736100,2028,1,7,0,0,0,0,0,91,91,0,2,2,180,90,90,0
736200,2028,1,7,0,0,0,0,0,91,91,0,2,2,180,90,90,0
736300,2028,1,7,0,0,0,0,0,91,91,0,2,2,180,90,90,0
736400,2028,1,7,0,0,0,0,0,91,91,0,2,2,180,90,90,0
736500,2028,1,7,0,0,0,0,0,91,91,0,2,2,180,90,90,0
736600,2028,1,7,0,0,0,0,0,91,91,0,2,2,180,90,90,0
736700,2028,1,7,0,0,0,0,0,91,91,0,2,2,180,90,90,0
736800,2028,1,7,0,0,0,0,0,91,91,0,2,2,180,90,90,0
736900,2028,1,7,0,0,0,0,0,91,91,0,2,2,180,90,90,0
737000,2028,1,7,0,0,0,0,0,91,91,0,2,2,180,90,90,0
737100,2028,1,8,0,0,0,0,0,91,91,0,2,2,180,90,90,0
737200,2028,1,8,0,0,0,0,0,91,91,0,2,2,180,90,90,0
737300,2028,1,8,0,0,0,0,0,91,91,0,2,2,180,90,90,0
737400,2028,1,8,0,0,0,0,0,91,91,0,2,2,180,90,90,0
737500,2028,1,8,0,0,0,0,0,91,91,0,2,2,180,90,90,0
737600,2028,1,8,0,0,0,0,0,91,91,0,2,2,180,90,90,0
737700,2028,1,8,0,0,0,0,0,91,91,0,2,2,180,90,90,0
737800,2028,1,8,0,0,0,0,0,91,91,0,2,2,180,90,90,0
737900,2028,1,8,0,0,0,0,0,91,91,0,2,2,180,90,90,0
738000,2028,1,8,0,0,0,0,0,91,91,0,2,2,180,90,90,0
738100,2028,1,9,0,0,0,0,0,91,91,0,2,2,180,90,90,0
738200,2028,1,9,0,0,0,0,0,91,91,0,2,2,180,90,90,0
738300,2028,1,9,0,0,0,0,0,91,91,0,2,2,180,90,90,0
738400,2028,1,9,0,0,0,0,0,91,91,0,2,2,180,90,90,0
738500,2028,1,9,0,0,0,0,0,91,91,0,2,2,180,90,90,0
738600,2028,1,9,0,0,0,0,0,91,91,0,2,2,180,90,90,0
738700,2028,1,9,0,0,0,0,0,91,91,0,2,2,180,90,90,0
738800,2028,1,9,0,0,0,0,0,91,91,0,2,2,180,90,90,0
738900,2028,1,9,0,0,0,0,0,91,91,0,2,2,180,90,90,0
739000,2028,1,9,0,0,0,0,0,91,91,0,2,2,180,90,90,0
739100,2028,1,10,0,0,0,0,0,91,91,0,2,2,180,90,90,0
739200,2028,1,10,0,0,0,0,0,91,91,0,2,2,180,90,90,0
739300,2028,1,10,0,0,0,0,0,91,91,0,2,2,180,90,90,0
739400,2028,1,10,0,0,0,0,0,91,91,0,2,2,180,90,90,0
739500,2028,1,10,0,0,0,0,0,91,91,0,2,2,180,90,90,0
739600,2028,1,10,0,0,0,0,0,91,91,0,2,2,180,90,90,0
739700,2028,1,10,0,0,0,0,0,91,91,0,2,2,180,90,90,0
739800,2028,1,10,0,0,0,0,0,91,91,0,2,2,180,90,90,0
739900,2028,1,10,0,0,0,0,0,91,91,0,2,2,180,90,90,0
740000,2028,1,10,0,0,0,0,0,91,91,0,2,2,180,90,90,0
740100,2028,1,11,0,0,0,0,0,91,91,0,2,2,180,90,90,0
740200,2028,1,11,0,0,0,0,0,91,91,0,2,2,180,90,90,0
740300,2028,1,11,0,0,0,0,0,91,91,0,2,2,180,90,90,0
740400,2028,1,11,0,0,0,0,0,91,91,0,2,2,180,90,90,0
740500,2028,1,11,0,0,0,0,0,91,91,0,2,2,180,90,90,0
740600,2028,1,11,0,0,0,0,0,91,91,0,2,2,180,90,90,0
740700,2028,1,11,0,0,0,0,0,91,91,0,2,2,180,90,90,0
740800,2028,1,11,0,0,0,0,0,91,91,0,2,2,180,90,90,0
740900,2028,1,11,0,0,0,0,0,91,91,0,2,2,180,90,90,0
741000,2028,1,11,0,0,0,0,0,91,91,0,2,2,180,90,90,0
741100,2028,1,12,0,0,0,0,0,91,91,0,2,2,180,90,90,0
741200,2028,1,12,0,0,0,0,0,91,91,0,2,2,180,90,90,0
741300,2028,1,12,0,0,0,0,0,91,91,0,2,2,180,90,90,0
741400,2028,1,12,0,0,0,0,0,91,91,0,2,2,180,90,90,0
741500,2028,1,12,0,0,0,0,0,91,91,0,2,2,180,90,90,0
741600,2028,1,12,0,0,0,0,0,91,91,0,2,2,180,90,90,0
741700,2028,1,12,0,0,0,0,0,91,91,0,2,2,180,90,90,0
741800,2028,1,12,0,0,0,0,0,91,91,0,2,2,180,90,90,0
741900,2028,1,12,0,0,0,0,0,91,91,0,2,2,180,90,90,0
742000,2028,1,12,0,0,0,0,0,91,91,0,2,2,180,90,90,0
742100,2028,1,13,0,0,0,0,0,91,91,0,2,2,180,90,90,0
742200,2028,1,13,0,0,0,0,0,91,91,0,2,2,180,90,90,0
742300,2028,1,13,0,0,0,0,0,91,91,0,2,2,180,90,90,0
742400,2028,1,13,0,0,0,0,0,91,91,0,2,2,180,90,90,0
742500,2028,1,13,0,0,0,0,0,91,91,0,2,2,180,90,90,0
742600,2028,1,13,0,0,0,0,0,91,91,0,2,2,180,90,90,0
742700,2028,1,13,0,0,0,0,0,91,91,0,2,2,180,90,90,0
742800,2028,1,13,0,0,0,0,0,91,91,0,2,2,180,90,90,0
742900,2028,1,13,0,0,0,0,0,91,91,0,2,2,180,90,90,0
743000,2028,1,13,0,0,0,0,0,91,91,0,2,2,180,90,90,0
743100,2028,1,14,0,0,0,0,0,91,91,0,2,2,180,90,90,0
743200,2028,1,14,0,0,0,0,0,91,91,0,2,2,180,90,90,0
743300,2028,1,14,0,0,0,0,0,91,91,0,2,2,180,90,90,0
743400,2028,1,14,0,0,0,0,0,91,91,0,2,2,180,90,90,0
743500,2028,1,14,0,0,0,0,0,91,91,0,2,2,180,90,90,0
743600,2028,1,14,0,0,0,0,0,91,91,0,2,2,180,90,90,0
743700,2028,1,14,0,0,0,0,0,91,91,0,2,2,180,90,90,0
743800,2028,1,14,0,0,0,0,0,91,91,0,2,2,180,90,90,0
743900,2028,1,14,0,0,0,0,0,91,91,0,2,2,180,90,90,0
744000,2028,1,14,0,0,0,0,0,91,91,0,2,2,180,90,90,0
744100,2028,1,15,0,0,0,0,0,91,91,0,2,2,180,90,90,0
744200,2028,1,15,0,0,0,0,0,91,91,0,2,2,180,90,90,0
744300,2028,1,15,0,0,0,0,0,91,91,0,2,2,180,90,90,0
744400,2028,1,15,0,0,0,0,0,91,91,0,2,2,180,90,90,0
744500,2028,1,15,0,0,0,0,0,91,91,0,2,2,180,90,90,0
744600,2028,1,15,0,0,0,0,0,91,91,0,2,2,180,90,90,0
744700,2028,1,15,0,0,0,0,0,91,91,0,2,2,180,90,90,0
744800,2028,1,15,0,0,0,0,0,91,91,0,2,2,180,90,90,0
744900,2028,1,15,0,0,0,0,0,91,91,0,2,2,180,90,90,0
745000,2028,1,15,0,0,0,0,0,91,91,0,2,2,180,90,90,0
745100,2028,1,16,0,0,0,0,0,91,91,0,2,2,180,90,90,0
745200,2028,1,16,0,0,0,0,0,91,91,0,2,2,180,90,90,0
745300,2028,1,16,0,0,0,0,0,91,91,0,2,2,180,90,90,0
745400,2028,1,16,0,0,0,0,0,91,91,0,2,2,180,90,90,0
745500,2028,1,16,0,0,0,0,0,91,91,0,2,2,180,90,90,0
745600,2028,1,16,0,0,0,0,0,91,91,0,2,2,180,90,90,0
745700,2028,1,16,0,0,0,0,0,91,91,0,2,2,180,90,90,0
745800,2028,1,16,0,0,0,0,0,91,91,0,2,2,180,90,90,0
745900,2028,1,16,0,0,0,0,0,91,91,0,2,2,180,90,90,0
746000,2028,1,16,0,0,0,0,0,91,91,0,2,2,180,90,90,0
746100,2028,1,17,0,0,0,0,0,91,91,0,2,2,180,90,90,0
746200,2028,1,17,0,0,0,0,0,91,91,0,2,2,180,90,90,0
746300,2028,1,17,0,0,0,0,0,91,91,0,2,2,180,90,90,0
746400,2028,1,17,0,0,0,0,0,91,91,0,2,2,180,90,90,0
746500,2028,1,17,0,0,0,0,0,91,91,0,2,2,180,90,90,0
746600,2028,1,17,0,0,0,0,0,91,91,0,2,2,180,90,90,0
746700,2028,1,17,0,0,0,0,0,91,91,0,2,2,180,90,90,0
746800,2028,1,17,0,0,0,0,0,91,91,0,2,2,180,90,90,0
746900,2028,1,17,0,0,0,0,0,91,91,0,2,2,180,90,90,0
747000,2028,1,17,0,0,0,0,0,91,91,0,2,2,180,90,90,0
747100,2028,1,18,0,0,0,0,0,91,91,0,2,2,180,90,90,0
747200,2028,1,18,0,0,0,0,0,91,91,0,2,2,180,90,90,0
747300,2028,1,18,0,0,0,0,0,91,91,0,2,2,180,90,90,0
747400,2028,1,18,0,0,0,0,0,91,91,0,2,2,180,90,90,0
747500,2028,1,18,0,0,0,0,0,91,91,0,2,2,180,90,90,0
747600,2028,1,18,0,0,0,0,0,91,91,0,2,2,180,90,90,0
747700,2028,1,18,0,0,0,0,0,91,91,0,2,2,180,90,90,0
747800,2028,1,18,0,0,0,0,0,91,91,0,2,2,180,90,90,0
747900,2028,1,18,0,0,0,0,0,91,91,0,2,2,180,90,90,0
748000,2028,1,18,0,0,0,0,0,91,91,0,2,2,180,90,90,0
748100,2028,1,19,0,0,0,0,0,91,91,0,2,2,180,90,90,0
748200,2028,1,19,0,0,0,0,0,91,91,0,2,2,180,90,90,0
748300,2028,1,19,0,0,0,0,0,91,91,0,2,2,180,90,90,0
748400,2028,1,19,0,0,0,0,0,91,91,0,2,2,180,90,90,0
748500,2028,1,19,0,0,0,0,0,91,91,0,2,2,180,90,90,0
748600,2028,1,19,0,0,0,0,0,91,91,0,2,2,180,90,90,0
748700,2028,1,19,0,0,0,0,0,91,91,0,2,2,180,90,90,0
748800,2028,1,19,0,0,0,0,0,91,91,0,2,2,180,90,90,0
748900,2028,1,19,0,0,0,0,0,91,91,0,2,2,180,90,90,0
749000,2028,1,19,0,0,0,0,0,91,91,0,2,2,180,90,90,0
749100,2028,1,20,0,0,0,0,0,91,91,0,2,2,180,90,90,0
749200,2028,1,20,0,0,0,0,0,91,91,0,2,2,180,90,90,0
749300,2028,1,20,0,0,0,0,0,91,91,0,2,2,180,90,90,0
749400,2028,1,20,0,0,0,0,0,91,91,0,2,2,180,90,90,0
749500,2028,1,20,0,0,0,0,0,91,91,0,2,2,180,90,90,0
749600,2028,1,20,0,0,0,0,0,91,91,0,2,2,180,90,90,0
749700,2028,1,20,0,0,0,0,0,91,91,0,2,2,180,90,90,0
749800,2028,1,20,0,0,0,0,0,91,91,0,2,2,180,90,90,0
749900,2028,1,20,0,0,0,0,0,91,91,0,2,2,180,90,90,0
750000,2028,1,20,0,0,0,0,0,91,91,0,2,2,180,90,90,0
750100,2028,1,21,0,0,0,0,0,91,91,0,2,2,180,90,90,0
750200,2028,1,21,0,0,0,0,0,91,91,0,2,2,180,90,90,0
750300,2028,1,21,0,0,0,0,0,91,91,0,2,2,180,90,90,0
750400,2028,1,21,0,0,0,0,0,91,91,0,2,2,180,90,90,0
750500,2028,1,21,0,0,0,0,0,91,91,0,2,2,180,90,90,0
750600,2028,1,21,0,0,0,0,0,91,91,0,2,2,180,90,90,0
750700,2028,1,21,0,0,0,0,0,91,91,0,2,2,180,90,90,0
750800,2028,1,21,0,0,0,0,0,91,91,0,2,2,180,90,90,0
750900,2028,1,21,0,0,0,0,0,91,91,0,2,2,180,90,90,0
751000,2028,1,21,0,0,0,0,0,91,91,0,2,2,180,90,90,0
751100,2028,1,22,0,0,0,0,0,91,91,0,2,2,180,90,90,0
751200,2028,1,22,0,0,0,0,0,91,91,0,2,2,180,90,90,0
751300,2028,1,22,0,0,0,0,0,91,91,0,2,2,180,90,90,0
751400,2028,1,22,0,0,0,0,0,91,91,0,2,2,180,90,90,0
751500,2028,1,22,0,0,0,0,0,91,91,0,2,2,180,90,90,0
751600,2028,1,22,0,0,0,0,0,91,91,0,2,2,180,90,90,0
751700,2028,1,22,0,0,0,0,0,91,91,0,2,2,180,90,90,0
751800,2028,1,22,0,0,0,0,0,91,91,0,2,2,180,90,90,0
751900,2028,1,22,0,0,0,0,0,91,91,0,2,2,180,90,90,0
752000,2028,1,22,0,0,0,0,0,91,91,0,2,2,180,90,90,0
752100,2028,1,23,0,0,0,0,0,91,91,0,2,2,180,90,90,0
752200,2028,1,23,0,0,0,0,0,91,91,0,2,2,180,90,90,0
752300,2028,1,23,0,0,0,0,0,91,91,0,2,2,180,90,90,0
752400,2028,1,23,0,0,0,0,0,91,91,0,2,2,180,90,90,0
752500,2028,1,23,0,0,0,0,0,91,91,0,2,2,180,90,90,0
752600,2028,1,23,0,0,0,0,0,91,91,0,2,2,180,90,90,0
752700,2028,1,23,0,0,0,0,0,91,91,0,2,2,180,90,90,0
752800,2028,1,23,0,0,0,0,0,91,91,0,2,2,180,90,90,0
752900,2028,1,23,0,0,0,0,0,91,91,0,2,2,180,90,90,0
753000,2028,1,23,0,0,0,0,0,91,91,0,2,2,180,90,90,0
753100,2028,1,24,0,0,0,0,0,91,91,0,2,2,180,90,90,0
753200,2028,1,24,0,0,0,0,0,91,91,0,2,2,180,90,90,0
753300,2028,1,24,0,0,0,0,0,91,91,0,2,2,180,90,90,0
753400,2028,1,24,0,0,0,0,0,91,91,0,2,2,180,90,90,0
753500,2028,1,24,0,0,0,0,0,91,91,0,2,2,180,90,90,0
753600,2028,1,24,0,0,0,0,0,91,91,0,2,2,180,90,90,0
753700,2028,1,24,0,0,0,0,0,91,91,0,2,2,180,90,90,0
753800,2028,1,24,0,0,0,0,0,91,91,0,2,2,180,90,90,0
753900,2028,1,24,0,0,0,0,0,91,91,0,2,2,180,90,90,0
754000,2028,1,24,0,0,0,0,0,91,91,0,2,2,180,90,90,0
754100,2028,1,25,0,0,0,0,0,91,91,0,2,2,180,90,90,0
754200,2028,1,25,0,0,0,0,0,91,91,0,2,2,180,90,90,0
754300,2028,1,25,0,0,0,0,0,91,91,0,2,2,180,90,90,0
754400,2028,1,25,0,0,0,0,0,91,91,0,2,2,180,90,90,0
754500,2028,1,25,0,0,0,0,0,91,91,0,2,2,180,90,90,0
754600,2028,1,25,0,0,0,0,0,91,91,0,2,2,180,90,90,0
754700,2028,1,25,0,0,0,0,0,91,91,0,2,2,180,90,90,0
754800,2028,1,25,0,0,0,0,0,91,91,0,2,2,180,90,90,0
754900,2028,1,25,0,0,0,0,0,91,91,0,2,2,180,90,90,0
755000,2028,1,25,0,0,0,0,0,91,91,0,2,2,180,90,90,0
755100,2028,1,26,0,0,0,0,0,91,91,0,2,2,180,90,90,0
755200,2028,1,26,0,0,0,0,0,91,91,0,2,2,180,90,90,0
755300,2028,1,26,0,0,0,0,0,91,91,0,2,2,180,90,90,0
755400,2028,1,26,0,0,0,0,0,91,91,0,2,2,180,90,90,0
755500,2028,1,26,0,0,0,0,0,91,91,0,2,2,180,90,90,0
755600,2028,1,26,0,0,0,0,0,91,91,0,2,2,180,90,90,0
755700,2028,1,26,0,0,0,0,0,91,91,0,2,2,180,90,90,0
755800,2028,1,26,0,0,0,0,0,91,91,0,2,2,180,90,90,0
755900,2028,1,26,0,0,0,0,0,91,91,0,2,2,180,90,90,0
756000,2028,1,26,0,0,0,0,0,91,91,0,2,2,180,90,90,0
756100,2028,1,27,0,0,0,0,0,91,91,0,2,2,180,90,90,0
756200,2028,1,27,0,0,0,0,0,91,91,0,2,2,180,90,90,0
756300,2028,1,27,0,0,0,0,0,91,91,0,2,2,180,90,90,0
756400,2028,1,27,0,0,0,0,0,91,91,0,2,2,180,90,90,0
756500,2028,1,27,0,0,0,0,0,91,91,0,2,2,180,90,90,0
756600,2028,1,27,0,0,0,0,0,91,91,0,2,2,180,90,90,0
756700,2028,1,27,0,0,0,0,0,91,91,0,2,2,180,90,90,0
756800,2028,1,27,0,0,0,0,0,91,91,0,2,2,180,90,90,0
756900,2028,1,27,0,0,0,0,0,91,91,0,2,2,180,90,90,0
757000,2028,1,27,0,0,0,0,0,91,91,0,2,2,180,90,90,0
757100,2028,1,28,0,0,0,0,0,91,91,0,2,2,180,90,90,0
757200,2028,1,28,0,0,0,0,0,91,91,0,2,2,180,90,90,0
757300,2028,1,28,0,0,0,0,0,91,91,0,2,2,180,90,90,0
757400,2028,1,28,0,0,0,0,0,91,91,0,2,2,180,90,90,0
757500,2028,1,28,0,0,0,0,0,91,91,0,2,2,180,90,90,0
757600,2028,1,28,0,0,0,0,0,91,91,0,2,2,180,90,90,0
757700,2028,1,28,0,0,0,0,0,91,91,0,2,2,180,90,90,0
757800,2028,1,28,0,0,0,0,0,91,91,0,2,2,180,90,90,0
757900,2028,1,28,0,0,0,0,0,91,91,0,2,2,180,90,90,0
758000,2028,1,28,0,0,0,0,0,91,91,0,2,2,180,90,90,0
758100,2028,1,29,0,0,0,0,0,91,91,0,2,2,180,90,90,0
758200,2028,1,29,0,0,0,0,0,91,91,0,2,2,180,90,90,0
758300,2028,1,29,0,0,0,0,0,91,91,0,2,2,180,90,90,0
758400,2028,1,29,0,0,0,0,0,91,91,0,2,2,180,90,90,0
758500,2028,1,29,0,0,0,0,0,91,91,0,2,2,180,90,90,0
758600,2028,1,29,0,0,0,0,0,91,91,0,2,2,180,90,90,0
758700,2028,1,29,0,0,0,0,0,91,91,0,2,2,180,90,90,0
758800,2028,1,29,0,0,0,0,0,91,91,0,2,2,180,90,90,0
758900,2028,1,29,0,0,0,0,0,91,91,0,2,2,180,90,90,0
759000,2028,1,29,0,0,0,0,0,91,91,0,2,2,180,90,90,0
759100,2028,1,30,0,0,0,0,0,91,91,0,2,2,180,90,90,0
759200,2028,1,30,0,0,0,0,0,91,91,0,2,2,180,90,90,0
759300,2028,1,30,0,0,0,0,0,91,91,0,2,2,180,90,90,0
759400,2028,1,30,0,0,0,0,0,91,91,0,2,2,180,90,90,0
759500,2028,1,30,0,0,0,0,0,91,91,0,2,2,180,90,90,0
759600,2028,1,30,0,0,0,0,0,91,91,0,2,2,180,90,90,0
759700,2028,1,30,0,0,0,0,0,91,91,0,2,2,180,90,90,0
759800,2028,1,30,0,0,0,0,0,91,91,0,2,2,180,90,90,0
759900,2028,1,30,0,0,0,0,0,91,91,0,2,2,180,90,90,0
760000,2028,1,30,0,0,0,0,0,91,91,0,2,2,180,90,90,0
760100,2028,1,31,0,0,0,0,0,91,91,0,2,2,180,90,90,0
760200,2028,1,31,0,0,0,0,0,91,91,0,2,2,180,90,90,0
760300,2028,1,31,0,0,0,0,0,91,91,0,2,2,180,90,90,0
760400,2028,1,31,0,0,0,0,0,91,91,0,2,2,180,90,90,0
760500,2028,1,31,0,0,0,0,0,91,91,0,2,2,180,90,90,0
760600,2028,1,31,0,0,0,0,0,91,91,0,2,2,180,90,90,0
760700,2028,1,31,0,0,0,0,0,91,91,0,2,2,180,90,90,0
760800,2028,1,31,0,0,0,0,0,91,91,0,2,2,180,90,90,0
760900,2028,1,31,0,0,0,0,0,91,91,0,2,2,180,90,90,0
761000,2028,1,31,0,0,0,0,0,91,91,0,2,2,180,90,90,0
761100,2028,2,1,0,0,0,0,0,91,91,0,2,2,180,90,90,0
761200,2028,2,1,0,0,0,0,0,91,91,0,2,2,180,90,90,0
761300,2028,2,1,0,0,0,0,0,91,91,0,2,2,180,90,90,0
761400,2028,2,1,0,0,0,0,0,91,91,0,2,2,180,90,90,0
761500,2028,2,1,0,0,0,0,0,91,91,0,2,2,180,90,90,0
761600,2028,2,1,0,0,0,0,0,91,91,0,2,2,180,90,90,0
761700,2028,2,1,0,0,0,0,0,91,91,0,2,2,180,90,90,0
761800,2028,2,1,0,0,0,0,0,91,91,0,2,2,180,90,90,0
761900,2028,2,1,0,0,0,0,0,91,91,0,2,2,180,90,90,0
762000,2028,2,1,0,0,0,0,0,91,91,0,2,2,180,90,90,0
762100,2028,2,2,0,0,0,0,0,91,91,0,2,2,180,90,90,0
762200,2028,2,2,0,0,0,0,0,91,91,0,2,2,180,90,90,0
762300,2028,2,2,0,0,0,0,0,91,91,0,2,2,180,90,90,0
762400,2028,2,2,0,0,0,0,0,91,91,0,2,2,180,90,90,0
762500,2028,2,2,0,0,0,0,0,91,91,0,2,2,180,90,90,0
762600,2028,2,2,0,0,0,0,0,91,91,0,2,2,180,90,90,0
762700,2028,2,2,0,0,0,0,0,91,91,0,2,2,180,90,90,0
762800,2028,2,2,0,0,0,0,0,91,91,0,2,2,180,90,90,0
762900,2028,2,2,0,0,0,0,0,91,91,0,2,2,180,90,90,0
763000,2028,2,2,0,0,0,0,0,91,91,0,2,2,180,90,90,0
763100,2028,2,3,0,0,0,0,0,91,91,0,2,2,180,90,90,0
763200,2028,2,3,0,0,0,0,0,91,91,0,2,2,180,90,90,0
763300,2028,2,3,0,0,0,0,0,91,91,0,2,2,180,90,90,0
763400,2028,2,3,0,0,0,0,0,91,91,0,2,2,180,90,90,0
763500,2028,2,3,0,0,0,0,0,91,91,0,2,2,180,90,90,0
763600,2028,2,3,0,0,0,0,0,91,91,0,2,2,180,90,90,0
763700,2028,2,3,0,0,0,0,0,91,91,0,2,2,180,90,90,0
763800,2028,2,3,0,0,0,0,0,91,91,0,2,2,180,90,90,0
763900,2028,2,3,0,0,0,0,0,91,91,0,2,2,180,90,90,0
764000,2028,2,3,0,0,0,0,0,91,91,0,2,2,180,90,90,0
764100,2028,2,4,0,0,0,0,0,91,91,0,2,2,180,90,90,0
764200,2028,2,4,0,0,0,0,0,91,91,0,2,2,180,90,90,0
764300,2028,2,4,0,0,0,0,0,91,91,0,2,2,180,90,90,0
764400,2028,2,4,0,0,0,0,0,91,91,0,2,2,180,90,90,0
764500,2028,2,4,0,0,0,0,0,91,91,0,2,2,180,90,90,0
764600,2028,2,4,0,0,0,0,0,91,91,0,2,2,180,90,90,0
764700,2028,2,4,0,0,0,0,0,91,91,0,2,2,180,90,90,0
764800,2028,2,4,0,0,0,0,0,91,91,0,2,2,180,90,90,0
764900,2028,2,4,0,0,0,0,0,91,91,0,2,2,180,90,90,0
765000,2028,2,4,0,0,0,0,0,91,91,0,2,2,180,90,90,0
765100,2028,2,5,0,0,0,0,0,91,91,0,2,2,180,90,90,0
765200,2028,2,5,0,0,0,0,0,91,91,0,2,2,180,90,90,0
765300,2028,2,5,0,0,0,0,0,91,91,0,2,2,180,90,90,0
765400,2028,2,5,0,0,0,0,0,91,91,0,2,2,180,90,90,0
765500,2028,2,5,0,0,0,0,0,91,91,0,2,2,180,90,90,0
765600,2028,2,5,0,0,0,0,0,91,91,0,2,2,180,90,90,0
765700,2028,2,5,0,0,0,0,0,91,91,0,2,2,180,90,90,0
765800,2028,2,5,0,0,0,0,0,91,91,0,2,2,180,90,90,0
765900,2028,2,5,0,0,0,0,0,91,91,0,2,2,180,90,90,0
766000,2028,2,5,0,0,0,0,0,91,91,0,2,2,180,90,90,0
766100,2028,2,6,0,0,0,0,0,91,91,0,2,2,180,90,90,0
766200,2028,2,6,0,0,0,0,0,91,91,0,2,2,180,90,90,0
766300,2028,2,6,0,0,0,0,0,91,91,0,2,2,180,90,90,0
766400,2028,2,6,0,0,0,0,0,91,91,0,2,2,180,90,90,0
766500,2028,2,6,0,0,0,0,0,91,91,0,2,2,180,90,90,0
766600,2028,2,6,0,0,0,0,0,91,91,0,2,2,180,90,90,0
766700,2028,2,6,0,0,0,0,0,91,91,0,2,2,180,90,90,0
766800,2028,2,6,0,0,0,0,0,91,91,0,2,2,180,90,90,0
766900,2028,2,6,0,0,0,0,0,91,91,0,2,2,180,90,90,0
767000,2028,2,6,0,0,0,0,0,91,91,0,2,2,180,90,90,0
767100,2028,2,7,0,0,0,0,0,91,91,0,2,2,180,90,90,0
767200,2028,2,7,0,0,0,0,0,91,91,0,2,2,180,90,90,0
767300,2028,2,7,0,0,0,0,0,91,91,0,2,2,180,90,90,0
767400,2028,2,7,0,0,0,0,0,91,91,0,2,2,180,90,90,0
767500,2028,2,7,0,0,0,0,0,91,91,0,2,2,180,90,90,0
767600,2028,2,7,0,0,0,0,0,91,91,0,2,2,180,90,90,0
767700,2028,2,7,0,0,0,0,0,91,91,0,2,2,180,90,90,0
767800,2028,2,7,0,0,0,0,0,91,91,0,2,2,180,90,90,0
767900,2028,2,7,0,0,0,0,0,91,91,0,2,2,180,90,90,0
768000,2028,2,7,0,0,0,0,0,91,91,0,2,2,180,90,90,0
768100,2028,2,8,0,0,0,0,0,91,91,0,2,2,180,90,90,0
768200,2028,2,8,0,0,0,0,0,91,91,0,2,2,180,90,90,0
768300,2028,2,8,0,0,0,0,0,91,91,0,2,2,180,90,90,0
768400,2028,2,8,0,0,0,0,0,91,91,0,2,2,180,90,90,0
768500,2028,2,8,0,0,0,0,0,91,91,0,2,2,180,90,90,0
768600,2028,2,8,0,0,0,0,0,91,91,0,2,2,180,90,90,0
768700,2028,2,8,0,0,0,0,0,91,91,0,2,2,180,90,90,0
768800,2028,2,8,0,0,0,0,0,91,91,0,2,2,180,90,90,0
768900,2028,2,8,0,0,0,0,0,91,91,0,2,2,180,90,90,0
769000,2028,2,8,0,0,0,0,0,91,91,0,2,2,180,90,90,0
769100,2028,2,9,0,0,0,0,0,91,91,0,2,2,180,90,90,0
769200,2028,2,9,0,0,0,0,0,91,91,0,2,2,180,90,90,0
769300,2028,2,9,0,0,0,0,0,91,91,0,2,2,180,90,90,0
769400,2028,2,9,0,0,0,0,0,91,91,0,2,2,180,90,90,0
769500,2028,2,9,0,0,0,0,0,91,91,0,2,2,180,90,90,0
769600,2028,2,9,0,0,0,0,0,91,91,0,2,2,180,90,90,0
769700,2028,2,9,0,0,0,0,0,91,91,0,2,2,180,90,90,0
769800,2028,2,9,0,0,0,0,0,91,91,0,2,2,180,90,90,0
769900,2028,2,9,0,0,0,0,0,91,91,0,2,2,180,90,90,0
770000,2028,2,9,0,0,0,0,0,91,91,0,2,2,180,90,90,0
770100,2028,2,10,0,0,0,0,0,91,91,0,2,2,180,90,90,0
770200,2028,2,10,0,0,0,0,0,91,91,0,2,2,180,90,90,0
770300,2028,2,10,0,0,0,0,0,91,91,0,2,2,180,90,90,0
770400,2028,2,10,0,0,0,0,0,91,91,0,2,2,180,90,90,0
770500,2028,2,10,0,0,0,0,0,91,91,0,2,2,180,90,90,0
770600,2028,2,10,0,0,0,0,0,91,91,0,2,2,180,90,90,0
770700,2028,2,10,0,0,0,0,0,91,91,0,2,2,180,90,90,0
770800,2028,2,10,0,0,0,0,0,91,91,0,2,2,180,90,90,0
770900,2028,2,10,0,0,0,0,0,91,91,0,2,2,180,90,90,0
771000,2028,2,10,0,0,0,0,0,91,91,0,2,2,180,90,90,0
771100,2028,2,11,0,0,0,0,0,91,91,0,2,2,180,90,90,0
771200,2028,2,11,0,0,0,0,0,91,91,0,2,2,180,90,90,0
771300,2028,2,11,0,0,0,0,0,91,91,0,2,2,180,90,90,0
771400,2028,2,11,0,0,0,0,0,91,91,0,2,2,180,90,90,0
771500,2028,2,11,0,0,0,0,0,91,91,0,2,2,180,90,90,0
771600,2028,2,11,0,0,0,0,0,91,91,0,2,2,180,90,90,0
771700,2028,2,11,0,0,0,0,0,91,91,0,2,2,180,90,90,0
771800,2028,2,11,0,0,0,0,0,91,91,0,2,2,180,90,90,0
771900,2028,2,11,0,0,0,0,0,91,91,0,2,2,180,90,90,0
772000,2028,2,11,0,0,0,0,0,91,91,0,2,2,180,90,90,0
772100,2028,2,12,0,0,0,0,0,91,91,0,2,2,180,90,90,0
772200,2028,2,12,0,0,0,0,0,91,91,0,2,2,180,90,90,0
772300,2028,2,12,0,0,0,0,0,91,91,0,2,2,180,90,90,0
772400,2028,2,12,0,0,0,0,0,91,91,0,2,2,180,90,90,0
772500,2028,2,12,0,0,0,0,0,91,91,0,2,2,180,90,90,0
772600,2028,2,12,0,0,0,0,0,91,91,0,2,2,180,90,90,0
772700,2028,2,12,0,0,0,0,0,91,91,0,2,2,180,90,90,0
772800,2028,2,12,0,0,0,0,0,91,91,0,2,2,180,90,90,0
772900,2028,2,12,0,0,0,0,0,91,91,0,2,2,180,90,90,0
773000,2028,2,12,0,0,0,0,0,91,91,0,2,2,180,90,90,0
773100,2028,2,13,0,0,0,0,0,91,91,0,2,2,180,90,90,0
773200,2028,2,13,0,0,0,0,0,91,91,0,2,2,180,90,90,0
773300,2028,2,13,0,0,0,0,0,91,91,0,2,2,180,90,90,0
773400,2028,2,13,0,0,0,0,0,91,91,0,2,2,180,90,90,0
773500,2028,2,13,0,0,0,0,0,91,91,0,2,2,180,90,90,0
773600,2028,2,13,0,0,0,0,0,91,91,0,2,2,180,90,90,0
773700,2028,2,13,0,0,0,0,0,91,91,0,2,2,180,90,90,0
773800,2028,2,13,0,0,0,0,0,91,91,0,2,2,180,90,90,0
773900,2028,2,13,0,0,0,0,0,91,91,0,2,2,180,90,90,0
774000,2028,2,13,0,0,0,0,0,91,91,0,2,2,180,90,90,0
774100,2028,2,14,0,0,0,0,0,91,91,0,2,2,180,90,90,0
774200,2028,2,14,0,0,0,0,0,91,91,0,2,2,180,90,90,0
774300,2028,2,14,0,0,0,0,0,91,91,0,2,2,180,90,90,0
774400,2028,2,14,0,0,0,0,0,91,91,0,2,2,180,90,90,0
774500,2028,2,14,0,0,0,0,0,91,91,0,2,2,180,90,90,0
774600,2028,2,14,0,0,0,0,0,91,91,0,2,2,180,90,90,0
774700,2028,2,14,0,0,0,0,0,91,91,0,2,2,180,90,90,0
774800,2028,2,14,0,0,0,0,0,91,91,0,2,2,180,90,90,0
774900,2028,2,14,0,0,0,0,0,91,91,0,2,2,180,90,90,0
775000,2028,2,14,0,0,0,0,0,91,91,0,2,2,180,90,90,0
775100,2028,2,15,0,0,0,0,0,91,91,0,2,2,180,90,90,0
775200,2028,2,15,0,0,0,0,0,91,91,0,2,2,180,90,90,0
775300,2028,2,15,0,0,0,0,0,91,91,0,2,2,180,90,90,0
775400,2028,2,15,0,0,0,0,0,91,91,0,2,2,180,90,90,0
775500,2028,2,15,0,0,0,0,0,91,91,0,2,2,180,90,90,0
775600,2028,2,15,0,0,0,0,0,91,91,0,2,2,180,90,90,0
775700,2028,2,15,0,0,0,0,0,91,91,0,2,2,180,90,90,0
775800,2028,2,15,0,0,0,0,0,91,91,0,2,2,180,90,90,0
775900,2028,2,15,0,0,0,0,0,91,91,0,2,2,180,90,90,0
776000,2028,2,15,0,0,0,0,0,91,91,0,2,2,180,90,90,0
776100,2028,2,16,0,0,0,0,0,91,91,0,2,2,180,90,90,0
776200,2028,2,16,0,0,0,0,0,91,91,0,2,2,180,90,90,0
776300,2028,2,16,0,0,0,0,0,91,91,0,2,2,180,90,90,0
776400,2028,2,16,0,0,0,0,0,91,91,0,2,2,180,90,90,0
776500,2028,2,16,0,0,0,0,0,91,91,0,2,2,180,90,90,0
776600,2028,2,16,0,0,0,0,0,91,91,0,2,2,180,90,90,0
776700,2028,2,16,0,0,0,0,0,91,91,0,2,2,180,90,90,0
776800,2028,2,16,0,0,0,0,0,91,91,0,2,2,180,90,90,0
776900,2028,2,16,0,0,0,0,0,91,91,0,2,2,180,90,90,0
777000,2028,2,16,0,0,0,0,0,91,91,0,2,2,180,90,90,0
777100,2028,2,17,0,0,0,0,0,91,91,0,2,2,180,90,90,0
777200,2028,2,17,0,0,0,0,0,91,91,0,2,2,180,90,90,0
777300,2028,2,17,0,0,0,0,0,91,91,0,2,2,180,90,90,0
777400,2028,2,17,0,0,0,0,0,91,91,0,2,2,180,90,90,0
777500,2028,2,17,0,0,0,0,0,91,91,0,2,2,180,90,90,0
777600,2028,2,17,0,0,0,0,0,91,91,0,2,2,180,90,90,0
777700,2028,2,17,0,0,0,0,0,91,91,0,2,2,180,90,90,0
777800,2028,2,17,0,0,0,0,0,91,91,0,2,2,180,90,90,0
777900,2028,2,17,0,0,0,0,0,91,91,0,2,2,180,90,90,0
778000,2028,2,17,0,0,0,0,0,91,91,0,2,2,180,90,90,0
778100,2028,2,18,0,0,0,0,0,91,91,0,2,2,180,90,90,0
778200,2028,2,18,0,0,0,0,0,91,91,0,2,2,180,90,90,0
778300,2028,2,18,0,0,0,0,0,91,91,0,2,2,180,90,90,0
778400,2028,2,18,0,0,0,0,0,91,91,0,2,2,180,90,90,0
778500,2028,2,18,0,0,0,0,0,91,91,0,2,2,180,90,90,0
778600,2028,2,18,0,0,0,0,0,91,91,0,2,2,180,90,90,0
778700,2028,2,18,0,0,0,0,0,91,91,0,2,2,180,90,90,0
778800,2028,2,18,0,0,0,0,0,91,91,0,2,2,180,90,90,0
778900,2028,2,18,0,0,0,0,0,91,91,0,2,2,180,90,90,0
779000,2028,2,18,0,0,0,0,0,91,91,0,2,2,180,90,90,0
779100,2028,2,19,0,0,0,0,0,91,91,0,2,2,180,90,90,0
779200,2028,2,19,0,0,0,0,0,91,91,0,2,2,180,90,90,0
779300,2028,2,19,0,0,0,0,0,91,91,0,2,2,180,90,90,0
779400,2028,2,19,0,0,0,0,0,91,91,0,2,2,180,90,90,0
779500,2028,2,19,0,0,0,0,0,91,91,0,2,2,180,90,90,0
779600,2028,2,19,0,0,0,0,0,91,91,0,2,2,180,90,90,0
779700,2028,2,19,0,0,0,0,0,91,91,0,2,2,180,90,90,0
779800,2028,2,19,0,0,0,0,0,91,91,0,2,2,180,90,90,0
779900,2028,2,19,0,0,0,0,0,91,91,0,2,2,180,90,90,0
780000,2028,2,19,0,0,0,0,0,91,91,0,2,2,180,90,90,0
780100,2028,2,20,0,0,0,0,0,91,91,0,2,2,180,90,90,0
780200,2028,2,20,0,0,0,0,0,91,91,0,2,2,180,90,90,0
780300,2028,2,20,0,0,0,0,0,91,91,0,2,2,180,90,90,0
780400,2028,2,20,0,0,0,0,0,91,91,0,2,2,180,90,90,0
780500,2028,2,20,0,0,0,0,0,91,91,0,2,2,180,90,90,0
780600,2028,2,20,0,0,0,0,0,91,91,0,2,2,180,90,90,0
780700,2028,2,20,0,0,0,0,0,91,91,0,2,2,180,90,90,0
780800,2028,2,20,0,0,0,0,0,91,91,0,2,2,180,90,90,0
780900,2028,2,20,0,0,0,0,0,91,91,0,2,2,180,90,90,0
781000,2028,2,20,0,0,0,0,0,91,91,0,2,2,180,90,90,0
781100,2028,2,21,0,0,0,0,0,91,91,0,2,2,180,90,90,0
781200,2028,2,21,0,0,0,0,0,91,91,0,2,2,180,90,90,0
781300,2028,2,21,0,0,0,0,0,91,91,0,2,2,180,90,90,0
781400,2028,2,21,0,0,0,0,0,91,91,0,2,2,180,90,90,0
781500,2028,2,21,0,0,0,0,0,91,91,0,2,2,180,90,90,0
781600,2028,2,21,0,0,0,0,0,91,91,0,2,2,180,90,90,0
781700,2028,2,21,0,0,0,0,0,91,91,0,2,2,180,90,90,0
781800,2028,2,21,0,0,0,0,0,91,91,0,2,2,180,90,90,0
781900,2028,2,21,0,0,0,0,0,91,91,0,2,2,180,90,90,0
782000,2028,2,21,0,0,0,0,0,91,91,0,2,2,180,90,90,0
782100,2028,2,22,0,0,0,0,0,91,91,0,2,2,180,90,90,0
782200,2028,2,22,0,0,0,0,0,91,91,0,2,2,180,90,90,0
782300,2028,2,22,0,0,0,0,0,91,91,0,2,2,180,90,90,0
782400,2028,2,22,0,0,0,0,0,91,91,0,2,2,180,90,90,0
782500,2028,2,22,0,0,0,0,0,91,91,0,2,2,180,90,90,0
782600,2028,2,22,0,0,0,0,0,91,91,0,2,2,180,90,90,0
782700,2028,2,22,0,0,0,0,0,91,91,0,2,2,180,90,90,0
782800,2028,2,22,0,0,0,0,0,91,91,0,2,2,180,90,90,0
782900,2028,2,22,0,0,0,0,0,91,91,0,2,2,180,90,90,0
783000,2028,2,22,0,0,0,0,0,91,91,0,2,2,180,90,90,0
783100,2028,2,23,0,0,0,0,0,91,91,0,2,2,180,90,90,0
783200,2028,2,23,0,0,0,0,0,91,91,0,2,2,180,90,90,0
783300,2028,2,23,0,0,0,0,0,91,91,0,2,2,180,90,90,0
783400,2028,2,23,0,0,0,0,0,91,91,0,2,2,180,90,90,0
783500,2028,2,23,0,0,0,0,0,91,91,0,2,2,180,90,90,0
783600,2028,2,23,0,0,0,0,0,91,91,0,2,2,180,90,90,0
783700,2028,2,23,0,0,0,0,0,91,91,0,2,2,180,90,90,0
783800,2028,2,23,0,0,0,0,0,91,91,0,2,2,180,90,90,0
783900,2028,2,23,0,0,0,0,0,91,91,0,2,2,180,90,90,0
784000,2028,2,23,0,0,0,0,0,91,91,0,2,2,180,90,90,0
784100,2028,2,24,0,0,0,0,0,91,91,0,2,2,180,90,90,0
784200,2028,2,24,0,0,0,0,0,91,91,0,2,2,180,90,90,0
784300,2028,2,24,0,0,0,0,0,91,91,0,2,2,180,90,90,0
784400,2028,2,24,0,0,0,0,0,91,91,0,2,2,180,90,90,0
784500,2028,2,24,0,0,0,0,0,91,91,0,2,2,180,90,90,0
784600,2028,2,24,0,0,0,0,0,91,91,0,2,2,180,90,90,0
784700,2028,2,24,0,0,0,0,0,91,91,0,2,2,180,90,90,0
784800,2028,2,24,0,0,0,0,0,91,91,0,2,2,180,90,90,0
784900,2028,2,24,0,0,0,0,0,91,91,0,2,2,180,90,90,0
785000,2028,2,24,0,0,0,0,0,91,91,0,2,2,180,90,90,0
785100,2028,2,25,0,0,0,0,0,91,91,0,2,2,180,90,90,0
785200,2028,2,25,0,0,0,0,0,91,91,0,2,2,180,90,90,0
785300,2028,2,25,0,0,0,0,0,91,91,0,2,2,180,90,90,0
785400,2028,2,25,0,0,0,0,0,91,91,0,2,2,180,90,90,0
785500,2028,2,25,0,0,0,0,0,91,91,0,2,2,180,90,90,0
785600,2028,2,25,0,0,0,0,0,91,91,0,2,2,180,90,90,0
785700,2028,2,25,0,0,0,0,0,91,91,0,2,2,180,90,90,0
785800,2028,2,25,0,0,0,0,0,91,91,0,2,2,180,90,90,0
785900,2028,2,25,0,0,0,0,0,91,91,0,2,2,180,90,90,0
786000,2028,2,25,0,0,0,0,0,91,91,0,2,2,180,90,90,0
786100,2028,2,26,0,0,0,0,0,91,91,0,2,2,180,90,90,0
786200,2028,2,26,0,0,0,0,0,91,91,0,2,2,180,90,90,0
786300,2028,2,26,0,0,0,0,0,91,91,0,2,2,180,90,90,0
786400,2028,2,26,0,0,0,0,0,91,91,0,2,2,180,90,90,0
786500,2028,2,26,0,0,0,0,0,91,91,0,2,2,180,90,90,0
786600,2028,2,26,0,0,0,0,0,91,91,0,2,2,180,90,90,0
786700,2028,2,26,0,0,0,0,0,91,91,0,2,2,180,90,90,0
786800,2028,2,26,0,0,0,0,0,91,91,0,2,2,180,90,90,0
786900,2028,2,26,0,0,0,0,0,91,91,0,2,2,180,90,90,0
787000,2028,2,26,0,0,0,0,0,91,91,0,2,2,180,90,90,0
787100,2028,2,27,0,0,0,0,0,91,91,0,2,2,180,90,90,0
787200,2028,2,27,0,0,0,0,0,91,91,0,2,2,180,90,90,0
787300,2028,2,27,0,0,0,0,0,91,91,0,2,2,180,90,90,0
787400,2028,2,27,0,0,0,0,0,91,91,0,2,2,180,90,90,0
787500,2028,2,27,0,0,0,0,0,91,91,0,2,2,180,90,90,0
787600,2028,2,27,0,0,0,0,0,91,91,0,2,2,180,90,90,0
787700,2028,2,27,0,0,0,0,0,91,91,0,2,2,180,90,90,0
787800,2028,2,27,0,0,0,0,0,91,91,0,2,2,180,90,90,0
787900,2028,2,27,0,0,0,0,0,91,91,0,2,2,180,90,90,0
788000,2028,2,27,0,0,0,0,0,91,91,0,2,2,180,90,90,0
788100,2028,2,28,0,0,0,0,0,91,91,0,2,2,180,90,90,0
788200,2028,2,28,0,0,0,0,0,91,91,0,2,2,180,90,90,0
788300,2028,2,28,0,0,0,0,0,91,91,0,2,2,180,90,90,0
788400,2028,2,28,0,0,0,0,0,91,91,0,2,2,180,90,90,0
788500,2028,2,28,0,0,0,0,0,91,91,0,2,2,180,90,90,0
788600,2028,2,28,0,0,0,0,0,91,91,0,2,2,180,90,90,0
788700,2028,2,28,0,0,0,0,0,91,91,0,2,2,180,90,90,0
788800,2028,2,28,0,0,0,0,0,91,91,0,2,2,180,90,90,0
788900,2028,2,28,0,0,0,0,0,91,91,0,2,2,180,90,90,0
789000,2028,2,28,0,0,0,0,0,91,91,0,2,2,180,90,90,0
789100,2028,2,29,0,0,0,0,0,91,91,0,2,2,180,90,90,0
789200,2028,2,29,0,0,0,0,0,91,91,0,2,2,180,90,90,0
789300,2028,2,29,0,0,0,0,0,91,91,0,2,2,180,90,90,0
789400,2028,2,29,0,0,0,0,0,91,91,0,2,2,180,90,90,0
789500,2028,2,29,0,0,0,0,0,91,91,0,2,2,180,90,90,0
789600,2028,2,29,0,0,0,0,0,91,91,0,2,2,180,90,90,0
789700,2028,2,29,0,0,0,0,0,91,91,0,2,2,180,90,90,0
789800,2028,2,29,0,0,0,0,0,91,91,0,2,2,180,90,90,0
789900,2028,2,29,0,0,0,0,0,91,91,0,2,2,180,90,90,0
790000,2028,2,29,0,0,0,0,0,91,91,0,2,2,180,90,90,0
790100,2028,3,1,0,0,0,0,0,91,91,0,2,2,180,90,90,0
790200,2028,3,1,0,0,0,0,0,91,91,0,2,2,180,90,90,0
790300,2028,3,1,0,0,0,0,0,91,91,0,2,2,180,90,90,0
790400,2028,3,1,0,0,0,0,0,91,91,0,2,2,180,90,90,0
790500,2028,3,1,0,0,0,0,0,91,91,0,2,2,180,90,90,0
790600,2028,3,1,0,0,0,0,0,91,91,0,2,2,180,90,90,0
790700,2028,3,1,0,0,0,0,0,91,91,0,2,2,180,90,90,0
790800,2028,3,1,0,0,0,0,0,91,91,0,2,2,180,90,90,0
790900,2028,3,1,0,0,0,0,0,91,91,0,2,2,180,90,90,0
791000,2028,3,1,0,0,0,0,0,91,91,0,2,2,180,90,90,0
791100,2028,3,2,0,0,0,0,0,91,91,0,2,2,180,90,90,0
791200,2028,3,2,0,0,0,0,0,91,91,0,2,2,180,90,90,0
791300,2028,3,2,0,0,0,0,0,91,91,0,2,2,180,90,90,0
791400,2028,3,2,0,0,0,0,0,91,91,0,2,2,180,90,90,0
791500,2028,3,2,0,0,0,0,0,91,91,0,2,2,180,90,90,0
791600,2028,3,2,0,0,0,0,0,91,91,0,2,2,180,90,90,0
791700,2028,3,2,0,0,0,0,0,91,91,0,2,2,180,90,90,0
791800,2028,3,2,0,0,0,0,0,91,91,0,2,2,180,90,90,0
791900,2028,3,2,0,0,0,0,0,91,91,0,2,2,180,90,90,0
792000,2028,3,2,0,0,0,0,0,91,91,0,2,2,180,90,90,0
792100,2028,3,3,0,0,0,0,0,91,91,0,2,2,180,90,90,0
792200,2028,3,3,0,0,0,0,0,91,91,0,2,2,180,90,90,0
792300,2028,3,3,0,0,0,0,0,91,91,0,2,2,180,90,90,0
792400,2028,3,3,0,0,0,0,0,91,91,0,2,2,180,90,90,0
792500,2028,3,3,0,0,0,0,0,91,91,0,2,2,180,90,90,0
792600,2028,3,3,0,0,0,0,0,91,91,0,2,2,180,90,90,0
792700,2028,3,3,0,0,0,0,0,91,91,0,2,2,180,90,90,0
792800,2028,3,3,0,0,0,0,0,91,91,0,2,2,180,90,90,0
792900,2028,3,3,0,0,0,0,0,91,91,0,2,2,180,90,90,0
793000,2028,3,3,0,0,0,0,0,91,91,0,2,2,180,90,90,0
793100,2028,3,4,0,0,0,0,0,91,91,0,2,2,180,90,90,0
793200,2028,3,4,0,0,0,0,0,91,91,0,2,2,180,90,90,0
793300,2028,3,4,0,0,0,0,0,91,91,0,2,2,180,90,90,0
793400,2028,3,4,0,0,0,0,0,91,91,0,2,2,180,90,90,0
793500,2028,3,4,0,0,0,0,0,91,91,0,2,2,180,90,90,0
793600,2028,3,4,0,0,0,0,0,91,91,0,2,2,180,90,90,0
793700,2028,3,4,0,0,0,0,0,91,91,0,2,2,180,90,90,0
793800,2028,3,4,0,0,0,0,0,91,91,0,2,2,180,90,90,0
793900,2028,3,4,0,0,0,0,0,91,91,0,2,2,180,90,90,0
794000,2028,3,4,0,0,0,0,0,91,91,0,2,2,180,90,90,0
794100,2028,3,5,0,0,0,0,0,91,91,0,2,2,180,90,90,0
794200,2028,3,5,0,0,0,0,0,91,91,0,2,2,180,90,90,0
794300,2028,3,5,0,0,0,0,0,91,91,0,2,2,180,90,90,0
794400,2028,3,5,0,0,0,0,0,91,91,0,2,2,180,90,90,0
794500,2028,3,5,0,0,0,0,0,91,91,0,2,2,180,90,90,0
794600,2028,3,5,0,0,0,0,0,91,91,0,2,2,180,90,90,0
794700,2028,3,5,0,0,0,0,0,91,91,0,2,2,180,90,90,0
794800,2028,3,5,0,0,0,0,0,91,91,0,2,2,180,90,90,0
794900,2028,3,5,0,0,0,0,0,91,91,0,2,2,180,90,90,0
795000,2028,3,5,0,0,0,0,0,91,91,0,2,2,180,90,90,0
795100,2028,3,6,0,0,0,0,0,91,91,0,2,2,180,90,90,0
795200,2028,3,6,0,0,0,0,0,91,91,0,2,2,180,90,90,0
795300,2028,3,6,0,0,0,0,0,91,91,0,2,2,180,90,90,0
795400,2028,3,6,0,0,0,0,0,91,91,0,2,2,180,90,90,0
795500,2028,3,6,0,0,0,0,0,91,91,0,2,2,180,90,90,0
795600,2028,3,6,0,0,0,0,0,91,91,0,2,2,180,90,90,0
795700,2028,3,6,0,0,0,0,0,91,91,0,2,2,180,90,90,0
795800,2028,3,6,0,0,0,0,0,91,91,0,2,2,180,90,90,0
795900,2028,3,6,0,0,0,0,0,91,91,0,2,2,180,90,90,0
796000,2028,3,6,0,0,0,0,0,91,91,0,2,2,180,90,90,0
796100,2028,3,7,0,0,0,0,0,91,91,0,2,2,180,90,90,0
796200,2028,3,7,0,0,0,0,0,91,91,0,2,2,180,90,90,0
796300,2028,3,7,0,0,0,0,0,91,91,0,2,2,180,90,90,0
796400,2028,3,7,0,0,0,0,0,91,91,0,2,2,180,90,90,0
796500,2028,3,7,0,0,0,0,0,91,91,0,2,2,180,90,90,0
796600,2028,3,7,0,0,0,0,0,91,91,0,2,2,180,90,90,0
796700,2028,3,7,0,0,0,0,0,91,91,0,2,2,180,90,90,0
796800,2028,3,7,0,0,0,0,0,91,91,0,2,2,180,90,90,0
796900,2028,3,7,0,0,0,0,0,91,91,0,2,2,180,90,90,0
797000,2028,3,7,0,0,0,0,0,91,91,0,2,2,180,90,90,0
797100,2028,3,8,0,0,0,0,0,91,91,0,2,2,180,90,90,0
797200,2028,3,8,0,0,0,0,0,91,91,0,2,2,180,90,90,0
797300,2028,3,8,0,0,0,0,0,91,91,0,2,2,180,90,90,0
797400,2028,3,8,0,0,0,0,0,91,91,0,2,2,180,90,90,0
797500,2028,3,8,0,0,0,0,0,91,91,0,2,2,180,90,90,0
797600,2028,3,8,0,0,0,0,0,91,91,0,2,2,180,90,90,0
797700,2028,3,8,0,0,0,0,0,91,91,0,2,2,180,90,90,0
797800,2028,3,8,0,0,0,0,0,91,91,0,2,2,180,90,90,0
797900,2028,3,8,0,0,0,0,0,91,91,0,2,2,180,90,90,0
798000,2028,3,8,0,0,0,0,0,91,91,0,2,2,180,90,90,0
798100,2028,3,9,0,0,0,0,0,91,91,0,2,2,180,90,90,0
798200,2028,3,9,0,0,0,0,0,91,91,0,2,2,180,90,90,0
798300,2028,3,9,0,0,0,0,0,91,91,0,2,2,180,90,90,0
798400,2028,3,9,0,0,0,0,0,91,91,0,2,2,180,90,90,0
798500,2028,3,9,0,0,0,0,0,91,91,0,2,2,180,90,90,0
798600,2028,3,9,0,0,0,0,0,91,91,0,2,2,180,90,90,0
798700,2028,3,9,0,0,0,0,0,91,91,0,2,2,180,90,90,0
798800,2028,3,9,0,0,0,0,0,91,91,0,2,2,180,90,90,0
798900,2028,3,9,0,0,0,0,0,91,91,0,2,2,180,90,90,0
799000,2028,3,9,0,0,0,0,0,91,91,0,2,2,180,90,90,0
799100,2028,3,10,0,0,0,0,0,91,91,0,2,2,180,90,90,0
799200,2028,3,10,0,0,0,0,0,91,91,0,2,2,180,90,90,0
799300,2028,3,10,0,0,0,0,0,91,91,0,2,2,180,90,90,0
799400,2028,3,10,0,0,0,0,0,91,91,0,2,2,180,90,90,0
799500,2028,3,10,0,0,0,0,0,91,91,0,2,2,180,90,90,0
799600,2028,3,10,0,0,0,0,0,91,91,0,2,2,180,90,90,0
799700,2028,3,10,0,0,0,0,0,91,91,0,2,2,180,90,90,0
799800,2028,3,10,0,0,0,0,0,91,91,0,2,2,180,90,90,0
799900,2028,3,10,0,0,0,0,0,91,91,0,2,2,180,90,90,0
800000,2028,3,10,0,0,0,0,0,91,91,0,2,2,180,90,90,0
800100,2028,3,11,0,0,0,0,0,91,91,0,2,2,180,90,90,0
800200,2028,3,11,0,0,0,0,0,91,91,0,2,2,180,90,90,0
800300,2028,3,11,0,0,0,0,0,91,91,0,2,2,180,90,90,0
800400,2028,3,11,0,0,0,0,0,91,91,0,2,2,180,90,90,0
800500,2028,3,11,0,0,0,0,0,91,91,0,2,2,180,90,90,0
800600,2028,3,11,0,0,0,0,0,91,91,0,2,2,180,90,90,0
800700,2028,3,11,0,0,0,0,0,91,91,0,2,2,180,90,90,0
800800,2028,3,11,0,0,0,0,0,91,91,0,2,2,180,90,90,0
800900,2028,3,11,0,0,0,0,0,91,91,0,2,2,180,90,90,0
801000,2028,3,11,0,0,0,0,0,91,91,0,2,2,180,90,90,0
801100,2028,3,12,0,0,0,0,0,91,91,0,2,2,180,90,90,0
801200,2028,3,12,0,0,0,0,0,91,91,0,2,2,180,90,90,0
801300,2028,3,12,0,0,0,0,0,91,91,0,2,2,180,90,90,0
801400,2028,3,12,0,0,0,0,0,91,91,0,2,2,180,90,90,0
801500,2028,3,12,0,0,0,0,0,91,91,0,2,2,180,90,90,0
801600,2028,3,12,0,0,0,0,0,91,91,0,2,2,180,90,90,0
801700,2028,3,12,0,0,0,0,0,91,91,0,2,2,180,90,90,0
801800,2028,3,12,0,0,0,0,0,91,91,0,2,2,180,90,90,0
801900,2028,3,12,0,0,0,0,0,91,91,0,2,2,180,90,90,0
802000,2028,3,12,0,0,0,0,0,91,91,0,2,2,180,90,90,0
802100,2028,3,13,0,0,0,0,0,91,91,0,2,2,180,90,90,0
802200,2028,3,13,0,0,0,0,0,91,91,0,2,2,180,90,90,0
802300,2028,3,13,0,0,0,0,0,91,91,0,2,2,180,90,90,0
802400,2028,3,13,0,0,0,0,0,91,91,0,2,2,180,90,90,0
802500,2028,3,13,0,0,0,0,0,91,91,0,2,2,180,90,90,0
802600,2028,3,13,0,0,0,0,0,91,91,0,2,2,180,90,90,0
802700,2028,3,13,0,0,0,0,0,91,91,0,2,2,180,90,90,0
802800,2028,3,13,0,0,0,0,0,91,91,0,2,2,180,90,90,0
802900,2028,3,13,0,0,0,0,0,91,91,0,2,2,180,90,90,0
803000,2028,3,13,0,0,0,0,0,91,91,0,2,2,180,90,90,0
803100,2028,3,14,0,0,0,0,0,91,91,0,2,2,180,90,90,0
803200,2028,3,14,0,0,0,0,0,91,91,0,2,2,180,90,90,0
803300,2028,3,14,0,0,0,0,0,91,91,0,2,2,180,90,90,0
803400,2028,3,14,0,0,0,0,0,91,91,0,2,2,180,90,90,0
803500,2028,3,14,0,0,0,0,0,91,91,0,2,2,180,90,90,0
803600,2028,3,14,0,0,0,0,0,91,91,0,2,2,180,90,90,0
803700,2028,3,14,0,0,0,0,0,91,91,0,2,2,180,90,90,0
803800,2028,3,14,0,0,0,0,0,91,91,0,2,2,180,90,90,0
803900,2028,3,14,0,0,0,0,0,91,91,0,2,2,180,90,90,0
804000,2028,3,14,0,0,0,0,0,91,91,0,2,2,180,90,90,0
804100,2028,3,15,0,0,0,0,0,91,91,0,2,2,180,90,90,0
804200,2028,3,15,0,0,0,0,0,91,91,0,2,2,180,90,90,0
804300,2028,3,15,0,0,0,0,0,91,91,0,2,2,180,90,90,0
804400,2028,3,15,0,0,0,0,0,91,91,0,2,2,180,90,90,0
804500,2028,3,15,0,0,0,0,0,91,91,0,2,2,180,90,90,0
804600,2028,3,15,0,0,0,0,0,91,91,0,2,2,180,90,90,0
804700,2028,3,15,0,0,0,0,0,91,91,0,2,2,180,90,90,0
804800,2028,3,15,0,0,0,0,0,91,91,0,2,2,180,90,90,0
804900,2028,3,15,0,0,0,0,0,91,91,0,2,2,180,90,90,0
805000,2028,3,15,0,0,0,0,0,91,91,0,2,2,180,90,90,0
805100,2028,3,16,0,0,0,0,0,91,91,0,2,2,180,90,90,0
805200,2028,3,16,0,0,0,0,0,91,91,0,2,2,180,90,90,0
805300,2028,3,16,0,0,0,0,0,91,91,0,2,2,180,90,90,0
805400,2028,3,16,0,0,0,0,0,91,91,0,2,2,180,90,90,0
805500,2028,3,16,0,0,0,0,0,91,91,0,2,2,180,90,90,0
805600,2028,3,16,0,0,0,0,0,91,91,0,2,2,180,90,90,0
805700,2028,3,16,0,0,0,0,0,91,91,0,2,2,180,90,90,0
805800,2028,3,16,0,0,0,0,0,91,91,0,2,2,180,90,90,0
805900,2028,3,16,0,0,0,0,0,91,91,0,2,2,180,90,90,0
806000,2028,3,16,0,0,0,0,0,91,91,0,2,2,180,90,90,0
806100,2028,3,17,0,0,0,0,0,91,91,0,2,2,180,90,90,0
806200,2028,3,17,0,0,0,0,0,91,91,0,2,2,180,90,90,0
806300,2028,3,17,0,0,0,0,0,91,91,0,2,2,180,90,90,0
806400,2028,3,17,0,0,0,0,0,91,91,0,2,2,180,90,90,0
806500,2028,3,17,0,0,0,0,0,91,91,0,2,2,180,90,90,0
806600,2028,3,17,0,0,0,0,0,91,91,0,2,2,180,90,90,0
806700,2028,3,17,0,0,0,0,0,91,91,0,2,2,180,90,90,0
806800,2028,3,17,0,0,0,0,0,91,91,0,2,2,180,90,90,0
806900,2028,3,17,0,0,0,0,0,91,91,0,2,2,180,90,90,0
807000,2028,3,17,0,0,0,0,0,91,91,0,2,2,180,90,90,0
807100,2028,3,18,0,0,0,0,0,91,91,0,2,2,180,90,90,0
807200,2028,3,18,0,0,0,0,0,91,91,0,2,2,180,90,90,0
807300,2028,3,18,0,0,0,0,0,91,91,0,2,2,180,90,90,0
807400,2028,3,18,0,0,0,0,0,91,91,0,2,2,180,90,90,0
807500,2028,3,18,0,0,0,0,0,91,91,0,2,2,180,90,90,0
807600,2028,3,18,0,0,0,0,0,91,91,0,2,2,180,90,90,0
807700,2028,3,18,0,0,0,0,0,91,91,0,2,2,180,90,90,0
807800,2028,3,18,0,0,0,0,0,91,91,0,2,2,180,90,90,0
807900,2028,3,18,0,0,0,0,0,91,91,0,2,2,180,90,90,0
808000,2028,3,18,0,0,0,0,0,91,91,0,2,2,180,90,90,0
808100,2028,3,19,0,0,0,0,0,91,91,0,2,2,180,90,90,0
808200,2028,3,19,0,0,0,0,0,91,91,0,2,2,180,90,90,0
808300,2028,3,19,0,0,0,0,0,91,91,0,2,2,180,90,90,0
808400,2028,3,19,0,0,0,0,0,91,91,0,2,2,180,90,90,0
808500,2028,3,19,0,0,0,0,0,91,91,0,2,2,180,90,90,0
808600,2028,3,19,0,0,0,0,0,91,91,0,2,2,180,90,90,0
808700,2028,3,19,0,0,0,0,0,91,91,0,2,2,180,90,90,0
808800,2028,3,19,0,0,0,0,0,91,91,0,2,2,180,90,90,0
808900,2028,3,19,0,0,0,0,0,91,91,0,2,2,180,90,90,0
809000,2028,3,19,0,0,0,0,0,91,91,0,2,2,180,90,90,0
809100,2028,3,20,0,0,0,0,0,91,91,0,2,2,180,90,90,0
809200,2028,3,20,0,0,0,0,0,91,91,0,2,2,180,90,90,0
809300,2028,3,20,0,0,0,0,0,91,91,0,2,2,180,90,90,0
809400,2028,3,20,0,0,0,0,0,91,91,0,2,2,180,90,90,0
809500,2028,3,20,0,0,0,0,0,91,91,0,2,2,180,90,90,0
809600,2028,3,20,0,0,0,0,0,91,91,0,2,2,180,90,90,0
809700,2028,3,20,0,0,0,0,0,91,91,0,2,2,180,90,90,0
809800,2028,3,20,0,0,0,0,0,91,91,0,2,2,180,90,90,0
809900,2028,3,20,0,0,0,0,0,91,91,0,2,2,180,90,90,0
810000,2028,3,20,0,0,0,0,0,91,91,0,2,2,180,90,90,0
810100,2028,3,21,0,0,0,0,0,91,91,0,2,2,180,90,90,0
810200,2028,3,21,0,0,0,0,0,91,91,0,2,2,180,90,90,0
810300,2028,3,21,0,0,0,0,0,91,91,0,2,2,180,90,90,0
810400,2028,3,21,0,0,0,0,0,91,91,0,2,2,180,90,90,0
810500,2028,3,21,0,0,0,0,0,91,91,0,2,2,180,90,90,0
810600,2028,3,21,0,0,0,0,0,91,91,0,2,2,180,90,90,0
810700,2028,3,21,0,0,0,0,0,91,91,0,2,2,180,90,90,0
810800,2028,3,21,0,0,0,0,0,91,91,0,2,2,180,90,90,0
810900,2028,3,21,0,0,0,0,0,91,91,0,2,2,180,90,90,0
811000,2028,3,21,0,0,0,0,0,91,91,0,2,2,180,90,90,0
811100,2028,3,22,0,0,0,0,0,91,91,0,2,2,180,90,90,0
811200,2028,3,22,0,0,0,0,0,91,91,0,2,2,180,90,90,0
811300,2028,3,22,0,0,0,0,0,91,91,0,2,2,180,90,90,0
811400,2028,3,22,0,0,0,0,0,91,91,0,2,2,180,90,90,0
811500,2028,3,22,0,0,0,0,0,91,91,0,2,2,180,90,90,0
811600,2028,3,22,0,0,0,0,0,91,91,0,2,2,180,90,90,0
811700,2028,3,22,0,0,0,0,0,91,91,0,2,2,180,90,90,0
811800,2028,3,22,0,0,0,0,0,91,91,0,2,2,180,90,90,0
811900,2028,3,22,0,0,0,0,0,91,91,0,2,2,180,90,90,0
812000,2028,3,22,0,0,0,0,0,91,91,0,2,2,180,90,90,0
812100,2028,3,23,0,0,0,0,0,91,91,0,2,2,180,90,90,0
812200,2028,3,23,0,0,0,0,0,91,91,0,2,2,180,90,90,0
812300,2028,3,23,0,0,0,0,0,91,91,0,2,2,180,90,90,0
812400,2028,3,23,0,0,0,0,0,91,91,0,2,2,180,90,90,0
812500,2028,3,23,0,0,0,0,0,91,91,0,2,2,180,90,90,0
812600,2028,3,23,0,0,0,0,0,91,91,0,2,2,180,90,90,0
812700,2028,3,23,0,0,0,0,0,91,91,0,2,2,180,90,90,0
812800,2028,3,23,0,0,0,0,0,91,91,0,2,2,180,90,90,0
812900,2028,3,23,0,0,0,0,0,91,91,0,2,2,180,90,90,0
813000,2028,3,23,0,0,0,0,0,91,91,0,2,2,180,90,90,0
813100,2028,3,24,0,0,0,0,0,91,91,0,2,2,180,90,90,0
813200,2028,3,24,0,0,0,0,0,91,91,0,2,2,180,90,90,0
813300,2028,3,24,0,0,0,0,0,91,91,0,2,2,180,90,90,0
813400,2028,3,24,0,0,0,0,0,91,91,0,2,2,180,90,90,0
813500,2028,3,24,0,0,0,0,0,91,91,0,2,2,180,90,90,0
813600,2028,3,24,0,0,0,0,0,91,91,0,2,2,180,90,90,0
813700,2028,3,24,0,0,0,0,0,91,91,0,2,2,180,90,90,0
813800,2028,3,24,0,0,0,0,0,91,91,0,2,2,180,90,90,0
813900,2028,3,24,0,0,0,0,0,91,91,0,2,2,180,90,90,0
814000,2028,3,24,0,0,0,0,0,91,91,0,2,2,180,90,90,0
814100,2028,3,25,0,0,0,0,0,91,91,0,2,2,180,90,90,0
814200,2028,3,25,0,0,0,0,0,91,91,0,2,2,180,90,90,0
814300,2028,3,25,0,0,0,0,0,91,91,0,2,2,180,90,90,0
814400,2028,3,25,0,0,0,0,0,91,91,0,2,2,180,90,90,0
814500,2028,3,25,0,0,0,0,0,91,91,0,2,2,180,90,90,0
814600,2028,3,25,0,0,0,0,0,91,91,0,2,2,180,90,90,0
814700,2028,3,25,0,0,0,0,0,91,91,0,2,2,180,90,90,0
814800,2028,3,25,0,0,0,0,0,91,91,0,2,2,180,90,90,0
814900,2028,3,25,0,0,0,0,0,91,91,0,2,2,180,90,90,0
815000,2028,3,25,0,0,0,0,0,91,91,0,2,2,180,90,90,0
815100,2028,3,26,0,0,0,0,0,91,91,0,2,2,180,90,90,0
815200,2028,3,26,0,0,0,0,0,91,91,0,2,2,180,90,90,0
815300,2028,3,26,0,0,0,0,0,91,91,0,2,2,180,90,90,0
815400,2028,3,26,0,0,0,0,0,91,91,0,2,2,180,90,90,0
815500,2028,3,26,0,0,0,0,0,91,91,0,2,2,180,90,90,0
815600,2028,3,26,0,0,0,0,0,91,91,0,2,2,180,90,90,0
815700,2028,3,26,0,0,0,0,0,91,91,0,2,2,180,90,90,0
815800,2028,3,26,0,0,0,0,0,91,91,0,2,2,180,90,90,0
815900,2028,3,26,0,0,0,0,0,91,91,0,2,2,180,90,90,0
816000,2028,3,26,0,0,0,0,0,91,91,0,2,2,180,90,90,0
816100,2028,3,27,0,0,0,0,0,91,91,0,2,2,180,90,90,0
816200,2028,3,27,0,0,0,0,0,91,91,0,2,2,180,90,90,0
816300,2028,3,27,0,0,0,0,0,91,91,0,2,2,180,90,90,0
816400,2028,3,27,0,0,0,0,0,91,91,0,2,2,180,90,90,0
816500,2028,3,27,0,0,0,0,0,91,91,0,2,2,180,90,90,0
816600,2028,3,27,0,0,0,0,0,91,91,0,2,2,180,90,90,0
816700,2028,3,27,0,0,0,0,0,91,91,0,2,2,180,90,90,0
816800,2028,3,27,0,0,0,0,0,91,91,0,2,2,180,90,90,0
816900,2028,3,27,0,0,0,0,0,91,91,0,2,2,180,90,90,0
817000,2028,3,27,0,0,0,0,0,91,91,0,2,2,180,90,90,0
817100,2028,3,28,0,0,0,0,0,91,91,0,2,2,180,90,90,0
817200,2028,3,28,0,0,0,0,0,91,91,0,2,2,180,90,90,0
817300,2028,3,28,0,0,0,0,0,91,91,0,2,2,180,90,90,0
817400,2028,3,28,0,0,0,0,0,91,91,0,2,2,180,90,90,0
817500,2028,3,28,0,0,0,0,0,91,91,0,2,2,180,90,90,0
817600,2028,3,28,0,0,0,0,0,91,91,0,2,2,180,90,90,0
817700,2028,3,28,0,0,0,0,0,91,91,0,2,2,180,90,90,0
817800,2028,3,28,0,0,0,0,0,91,91,0,2,2,180,90,90,0
817900,2028,3,28,0,0,0,0,0,91,91,0,2,2,180,90,90,0
818000,2028,3,28,0,0,0,0,0,91,91,0,2,2,180,90,90,0
818100,2028,3,29,0,0,0,0,0,91,91,0,2,2,180,90,90,0
818200,2028,3,29,0,0,0,0,0,91,91,0,2,2,180,90,90,0
818300,2028,3,29,0,0,0,0,0,91,91,0,2,2,180,90,90,0
818400,2028,3,29,0,0,0,0,0,91,91,0,2,2,180,90,90,0
818500,2028,3,29,0,0,0,0,0,91,91,0,2,2,180,90,90,0
818600,2028,3,29,0,0,0,0,0,91,91,0,2,2,180,90,90,0
818700,2028,3,29,0,0,0,0,0,91,91,0,2,2,180,90,90,0
818800,2028,3,29,0,0,0,0,0,91,91,0,2,2,180,90,90,0
818900,2028,3,29,0,0,0,0,0,91,91,0,2,2,180,90,90,0
819000,2028,3,29,0,0,0,0,0,91,91,0,2,2,180,90,90,0
819100,2028,3,30,0,0,0,0,0,91,91,0,2,2,180,90,90,0
819200,2028,3,30,0,0,0,0,0,91,91,0,2,2,180,90,90,0
819300,2028,3,30,0,0,0,0,0,91,91,0,2,2,180,90,90,0
819400,2028,3,30,0,0,0,0,0,91,91,0,2,2,180,90,90,0
819500,2028,3,30,0,0,0,0,0,91,91,0,2,2,180,90,90,0
819600,2028,3,30,0,0,0,0,0,91,91,0,2,2,180,90,90,0
819700,2028,3,30,0,0,0,0,0,91,91,0,2,2,180,90,90,0
819800,2028,3,30,0,0,0,0,0,91,91,0,2,2,180,90,90,0
819900,2028,3,30,0,0,0,0,0,91,91,0,2,2,180,90,90,0
820000,2028,3,30,0,0,0,0,0,91,91,0,2,2,180,90,90,0
820100,2028,3,31,0,0,0,0,0,91,91,0,2,2,180,90,90,0
820200,2028,3,31,0,0,0,0,0,91,91,0,2,2,180,90,90,0
820300,2028,3,31,0,0,0,0,0,91,91,0,2,2,180,90,90,0
820400,2028,3,31,0,0,0,0,0,91,91,0,2,2,180,90,90,0
820500,2028,3,31,0,0,0,0,0,91,91,0,2,2,180,90,90,0
820600,2028,3,31,0,0,0,0,0,91,91,0,2,2,180,90,90,0
820700,2028,3,31,0,0,0,0,0,91,91,0,2,2,180,90,90,0
820800,2028,3,31,0,0,0,0,0,91,91,0,2,2,180,90,90,0
820900,2028,3,31,0,0,0,0,0,91,91,0,2,2,180,90,90,0
821000,2028,3,31,0,0,0,0,0,91,91,0,2,2,180,90,90,0
821100,2028,4,1,0,0,0,0,0,91,91,0,2,2,180,90,90,0
821200,2028,4,1,0,0,0,0,0,91,91,0,2,2,180,90,90,0
821300,2028,4,1,0,0,0,0,0,91,91,0,2,2,180,90,90,0
821400,2028,4,1,0,0,0,0,0,91,91,0,2,2,180,90,90,0
821500,2028,4,1,0,0,0,0,0,91,91,0,2,2,180,90,90,0
821600,2028,4,1,0,0,0,0,0,91,91,0,2,2,180,90,90,0
821700,2028,4,1,0,0,0,0,0,91,91,0,2,2,180,90,90,0
821800,2028,4,1,0,0,0,0,0,91,91,0,2,2,180,90,90,0
821900,2028,4,1,0,0,0,0,0,91,91,0,2,2,180,90,90,0
822000,2028,4,1,0,0,0,0,0,91,91,0,2,2,180,90,90,0
822100,2028,4,2,0,0,0,0,0,91,91,0,2,2,180,90,90,0
822200,2028,4,2,0,0,0,0,0,91,91,0,2,2,180,90,90,0
822300,2028,4,2,0,0,0,0,0,91,91,0,2,2,180,90,90,0
822400,2028,4,2,0,0,0,0,0,91,91,0,2,2,180,90,90,0
822500,2028,4,2,0,0,0,0,0,91,91,0,2,2,180,90,90,0
822600,2028,4,2,0,0,0,0,0,91,91,0,2,2,180,90,90,0
822700,2028,4,2,0,0,0,0,0,91,91,0,2,2,180,90,90,0
822800,2028,4,2,0,0,0,0,0,91,91,0,2,2,180,90,90,0
822900,2028,4,2,0,0,0,0,0,91,91,0,2,2,180,90,90,0
823000,2028,4,2,0,0,0,0,0,91,91,0,2,2,180,90,90,0
823100,2028,4,3,0,0,0,0,0,91,91,0,2,2,180,90,90,0
823200,2028,4,3,0,0,0,0,0,91,91,0,2,2,180,90,90,0
823300,2028,4,3,0,0,0,0,0,91,91,0,2,2,180,90,90,0
823400,2028,4,3,0,0,0,0,0,91,91,0,2,2,180,90,90,0
823500,2028,4,3,0,0,0,0,0,91,91,0,2,2,180,90,90,0
823600,2028,4,3,0,0,0,0,0,91,91,0,2,2,180,90,90,0
823700,2028,4,3,0,0,0,0,0,91,91,0,2,2,180,90,90,0
823800,2028,4,3,0,0,0,0,0,91,91,0,2,2,180,90,90,0
823900,2028,4,3,0,0,0,0,0,91,91,0,2,2,180,90,90,0
824000,2028,4,3,0,0,0,0,0,91,91,0,2,2,180,90,90,0
824100,2028,4,4,0,0,0,0,0,91,91,0,2,2,180,90,90,0
824200,2028,4,4,0,0,0,0,0,91,91,0,2,2,180,90,90,0
824300,2028,4,4,0,0,0,0,0,91,91,0,2,2,180,90,90,0
824400,2028,4,4,0,0,0,0,0,91,91,0,2,2,180,90,90,0
824500,2028,4,4,0,0,0,0,0,91,91,0,2,2,180,90,90,0
824600,2028,4,4,0,0,0,0,0,91,91,0,2,2,180,90,90,0
824700,2028,4,4,0,0,0,0,0,91,91,0,2,2,180,90,90,0
824800,2028,4,4,0,0,0,0,0,91,91,0,2,2,180,90,90,0
824900,2028,4,4,0,0,0,0,0,91,91,0,2,2,180,90,90,0
825000,2028,4,4,0,0,0,0,0,91,91,0,2,2,180,90,90,0
825100,2028,4,5,0,0,0,0,0,91,91,0,2,2,180,90,90,0
825200,2028,4,5,0,0,0,0,0,91,91,0,2,2,180,90,90,0
825300,2028,4,5,0,0,0,0,0,91,91,0,2,2,180,90,90,0
825400,2028,4,5,0,0,0,0,0,91,91,0,2,2,180,90,90,0
825500,2028,4,5,0,0,0,0,0,91,91,0,2,2,180,90,90,0
825600,2028,4,5,0,0,0,0,0,91,91,0,2,2,180,90,90,0
825700,2028,4,5,0,0,0,0,0,91,91,0,2,2,180,90,90,0
825800,2028,4,5,0,0,0,0,0,91,91,0,2,2,180,90,90,0
825900,2028,4,5,0,0,0,0,0,91,91,0,2,2,180,90,90,0
826000,2028,4,5,0,0,0,0,0,91,91,0,2,2,180,90,90,0
826100,2028,4,6,0,0,0,0,0,91,91,0,2,2,180,90,90,0
826200,2028,4,6,0,0,0,0,0,91,91,0,2,2,180,90,90,0
826300,2028,4,6,0,0,0,0,0,91,91,0,2,2,180,90,90,0
826400,2028,4,6,0,0,0,0,0,91,91,0,2,2,180,90,90,0
826500,2028,4,6,0,0,0,0,0,91,91,0,2,2,180,90,90,0
826600,2028,4,6,0,0,0,0,0,91,91,0,2,2,180,90,90,0
826700,2028,4,6,0,0,0,0,0,91,91,0,2,2,180,90,90,0
826800,2028,4,6,0,0,0,0,0,91,91,0,2,2,180,90,90,0
826900,2028,4,6,0,0,0,0,0,91,91,0,2,2,180,90,90,0
827000,2028,4,6,0,0,0,0,0,91,91,0,2,2,180,90,90,0
827100,2028,4,7,0,0,0,0,0,91,91,0,2,2,180,90,90,0
827200,2028,4,7,0,0,0,0,0,91,91,0,2,2,180,90,90,0
827300,2028,4,7,0,0,0,0,0,91,91,0,2,2,180,90,90,0
827400,2028,4,7,0,0,0,0,0,91,91,0,2,2,180,90,90,0
827500,2028,4,7,0,0,0,0,0,91,91,0,2,2,180,90,90,0
827600,2028,4,7,0,0,0,0,0,91,91,0,2,2,180,90,90,0
827700,2028,4,7,0,0,0,0,0,91,91,0,2,2,180,90,90,0
827800,2028,4,7,0,0,0,0,0,91,91,0,2,2,180,90,90,0
827900,2028,4,7,0,0,0,0,0,91,91,0,2,2,180,90,90,0
828000,2028,4,7,0,0,0,0,0,91,91,0,2,2,180,90,90,0
828100,2028,4,8,0,0,0,0,0,91,91,0,2,2,180,90,90,0
828200,2028,4,8,0,0,0,0,0,91,91,0,2,2,180,90,90,0
828300,2028,4,8,0,0,0,0,0,91,91,0,2,2,180,90,90,0
828400,2028,4,8,0,0,0,0,0,91,91,0,2,2,180,90,90,0
828500,2028,4,8,0,0,0,0,0,91,91,0,2,2,180,90,90,0
828600,2028,4,8,0,0,0,0,0,91,91,0,2,2,180,90,90,0
828700,2028,4,8,0,0,0,0,0,91,91,0,2,2,180,90,90,0
828800,2028,4,8,0,0,0,0,0,91,91,0,2,2,180,90,90,0
828900,2028,4,8,0,0,0,0,0,91,91,0,2,2,180,90,90,0
829000,2028,4,8,0,0,0,0,0,91,91,0,2,2,180,90,90,0
829100,2028,4,9,0,0,0,0,0,91,91,0,2,2,180,90,90,0
829200,2028,4,9,0,0,0,0,0,91,91,0,2,2,180,90,90,0
829300,2028,4,9,0,0,0,0,0,91,91,0,2,2,180,90,90,0
829400,2028,4,9,0,0,0,0,0,91,91,0,2,2,180,90,90,0
829500,2028,4,9,0,0,0,0,0,91,91,0,2,2,180,90,90,0
829600,2028,4,9,0,0,0,0,0,91,91,0,2,2,180,90,90,0
829700,2028,4,9,0,0,0,0,0,91,91,0,2,2,180,90,90,0
829800,2028,4,9,0,0,0,0,0,91,91,0,2,2,180,90,90,0
829900,2028,4,9,0,0,0,0,0,91,91,0,2,2,180,90,90,0
830000,2028,4,9,0,0,0,0,0,91,91,0,2,2,180,90,90,0
830100,2028,4,10,0,0,0,0,0,91,91,0,2,2,180,90,90,0
830200,2028,4,10,0,0,0,0,0,91,91,0,2,2,180,90,90,0
830300,2028,4,10,0,0,0,0,0,91,91,0,2,2,180,90,90,0
830400,2028,4,10,0,0,0,0,0,91,91,0,2,2,180,90,90,0
830500,2028,4,10,0,0,0,0,0,91,91,0,2,2,180,90,90,0
830600,2028,4,10,0,0,0,0,0,91,91,0,2,2,180,90,90,0
830700,2028,4,10,0,0,0,0,0,91,91,0,2,2,180,90,90,0
830800,2028,4,10,0,0,0,0,0,91,91,0,2,2,180,90,90,0
830900,2028,4,10,0,0,0,0,0,91,91,0,2,2,180,90,90,0
831000,2028,4,10,0,0,0,0,0,91,91,0,2,2,180,90,90,0
831100,2028,4,11,0,0,0,0,0,91,91,0,2,2,180,90,90,0
831200,2028,4,11,0,0,0,0,0,91,91,0,2,2,180,90,90,0
831300,2028,4,11,0,0,0,0,0,91,91,0,2,2,180,90,90,0
831400,2028,4,11,0,0,0,0,0,91,91,0,2,2,180,90,90,0
831500,2028,4,11,0,0,0,0,0,91,91,0,2,2,180,90,90,0
831600,2028,4,11,0,0,0,0,0,91,91,0,2,2,180,90,90,0
831700,2028,4,11,0,0,0,0,0,91,91,0,2,2,180,90,90,0
831800,2028,4,11,0,0,0,0,0,91,91,0,2,2,180,90,90,0
831900,2028,4,11,0,0,0,0,0,91,91,0,2,2,180,90,90,0
832000,2028,4,11,0,0,0,0,0,91,91,0,2,2,180,90,90,0
832100,2028,4,12,0,0,0,0,0,91,91,0,2,2,180,90,90,0
832200,2028,4,12,0,0,0,0,0,91,91,0,2,2,180,90,90,0
832300,2028,4,12,0,0,0,0,0,91,91,0,2,2,180,90,90,0
832400,2028,4,12,0,0,0,0,0,91,91,0,2,2,180,90,90,0
832500,2028,4,12,0,0,0,0,0,91,91,0,2,2,180,90,90,0
832600,2028,4,12,0,0,0,0,0,91,91,0,2,2,180,90,90,0
832700,2028,4,12,0,0,0,0,0,91,91,0,2,2,180,90,90,0
832800,2028,4,12,0,0,0,0,0,91,91,0,2,2,180,90,90,0
832900,2028,4,12,0,0,0,0,0,91,91,0,2,2,180,90,90,0
833000,2028,4,12,0,0,0,0,0,91,91,0,2,2,180,90,90,0
833100,2028,4,13,0,0,0,0,0,91,91,0,2,2,180,90,90,0
833200,2028,4,13,0,0,0,0,0,91,91,0,2,2,180,90,90,0
833300,2028,4,13,0,0,0,0,0,91,91,0,2,2,180,90,90,0
833400,2028,4,13,0,0,0,0,0,91,91,0,2,2,180,90,90,0
833500,2028,4,13,0,0,0,0,0,91,91,0,2,2,180,90,90,0
833600,2028,4,13,0,0,0,0,0,91,91,0,2,2,180,90,90,0
833700,2028,4,13,0,0,0,0,0,91,91,0,2,2,180,90,90,0
833800,2028,4,13,0,0,0,0,0,91,91,0,2,2,180,90,90,0
833900,2028,4,13,0,0,0,0,0,91,91,0,2,2,180,90,90,0
834000,2028,4,13,0,0,0,0,0,91,91,0,2,2,180,90,90,0
834100,2028,4,14,0,0,0,0,0,91,91,0,2,2,180,90,90,0
834200,2028,4,14,0,0,0,0,0,91,91,0,2,2,180,90,90,0
834300,2028,4,14,0,0,0,0,0,91,91,0,2,2,180,90,90,0
834400,2028,4,14,0,0,0,0,0,91,91,0,2,2,180,90,90,0
834500,2028,4,14,0,0,0,0,0,91,91,0,2,2,180,90,90,0
834600,2028,4,14,0,0,0,0,0,91,91,0,2,2,180,90,90,0
834700,2028,4,14,0,0,0,0,0,91,91,0,2,2,180,90,90,0
834800,2028,4,14,0,0,0,0,0,91,91,0,2,2,180,90,90,0
834900,2028,4,14,0,0,0,0,0,91,91,0,2,2,180,90,90,0
835000,2028,4,14,0,0,0,0,0,91,91,0,2,2,180,90,90,0
835100,2028,4,15,0,0,0,0,0,91,91,0,2,2,180,90,90,0
835200,2028,4,15,0,0,0,0,0,91,91,0,2,2,180,90,90,0
835300,2028,4,15,0,0,0,0,0,91,91,0,2,2,180,90,90,0
835400,2028,4,15,0,0,0,0,0,91,91,0,2,2,180,90,90,0
835500,2028,4,15,0,0,0,0,0,91,91,0,2,2,180,90,90,0
835600,2028,4,15,0,0,0,0,0,91,91,0,2,2,180,90,90,0
835700,2028,4,15,0,0,0,0,0,91,91,0,2,2,180,90,90,0
835800,2028,4,15,0,0,0,0,0,91,91,0,2,2,180,90,90,0
835900,2028,4,15,0,0,0,0,0,91,91,0,2,2,180,90,90,0
836000,2028,4,15,0,0,0,0,0,91,91,0,2,2,180,90,90,0
836100,2028,4,16,0,0,0,0,0,91,91,0,2,2,180,90,90,0
836200,2028,4,16,0,0,0,0,0,91,91,0,2,2,180,90,90,0
836300,2028,4,16,0,0,0,0,0,91,91,0,2,2,180,90,90,0
836400,2028,4,16,0,0,0,0,0,91,91,0,2,2,180,90,90,0
836500,2028,4,16,0,0,0,0,0,91,91,0,2,2,180,90,90,0
836600,2028,4,16,0,0,0,0,0,91,91,0,2,2,180,90,90,0
836700,2028,4,16,0,0,0,0,0,91,91,0,2,2,180,90,90,0
836800,2028,4,16,0,0,0,0,0,91,91,0,2,2,180,90,90,0
836900,2028,4,16,0,0,0,0,0,91,91,0,2,2,180,90,90,0
837000,2028,4,16,0,0,0,0,0,91,91,0,2,2,180,90,90,0
837100,2028,4,17,0,0,0,0,0,91,91,0,2,2,180,90,90,0
837200,2028,4,17,0,0,0,0,0,91,91,0,2,2,180,90,90,0
837300,2028,4,17,0,0,0,0,0,91,91,0,2,2,180,90,90,0
837400,2028,4,17,0,0,0,0,0,91,91,0,2,2,180,90,90,0
837500,2028,4,17,0,0,0,0,0,91,91,0,2,2,180,90,90,0
837600,2028,4,17,0,0,0,0,0,91,91,0,2,2,180,90,90,0
837700,2028,4,17,0,0,0,0,0,91,91,0,2,2,180,90,90,0
837800,2028,4,17,0,0,0,0,0,91,91,0,2,2,180,90,90,0
837900,2028,4,17,0,0,0,0,0,91,91,0,2,2,180,90,90,0
838000,2028,4,17,0,0,0,0,0,91,91,0,2,2,180,90,90,0
838100,2028,4,18,0,0,0,0,0,91,91,0,2,2,180,90,90,0
838200,2028,4,18,0,0,0,0,0,91,91,0,2,2,180,90,90,0
838300,2028,4,18,0,0,0,0,0,91,91,0,2,2,180,90,90,0
838400,2028,4,18,0,0,0,0,0,91,91,0,2,2,180,90,90,0
838500,2028,4,18,0,0,0,0,0,91,91,0,2,2,180,90,90,0
838600,2028,4,18,0,0,0,0,0,91,91,0,2,2,180,90,90,0
838700,2028,4,18,0,0,0,0,0,91,91,0,2,2,180,90,90,0
838800,2028,4,18,0,0,0,0,0,91,91,0,2,2,180,90,90,0
838900,2028,4,18,0,0,0,0,0,91,91,0,2,2,180,90,90,0
839000,2028,4,18,0,0,0,0,0,91,91,0,2,2,180,90,90,0
839100,2028,4,19,0,0,0,0,0,91,91,0,2,2,180,90,90,0
839200,2028,4,19,0,0,0,0,0,91,91,0,2,2,180,90,90,0
839300,2028,4,19,0,0,0,0,0,91,91,0,2,2,180,90,90,0
839400,2028,4,19,0,0,0,0,0,91,91,0,2,2,180,90,90,0
839500,2028,4,19,0,0,0,0,0,91,91,0,2,2,180,90,90,0
839600,2028,4,19,0,0,0,0,0,91,91,0,2,2,180,90,90,0
839700,2028,4,19,0,0,0,0,0,91,91,0,2,2,180,90,90,0
839800,2028,4,19,0,0,0,0,0,91,91,0,2,2,180,90,90,0
839900,2028,4,19,0,0,0,0,0,91,91,0,2,2,180,90,90,0
840000,2028,4,19,0,0,0,0,0,91,91,0,2,2,180,90,90,0
840100,2028,4,20,0,0,0,0,0,91,91,0,2,2,180,90,90,0
840200,2028,4,20,0,0,0,0,0,91,91,0,2,2,180,90,90,0
840300,2028,4,20,0,0,0,0,0,91,91,0,2,2,180,90,90,0
840400,2028,4,20,0,0,0,0,0,91,91,0,2,2,180,90,90,0
840500,2028,4,20,0,0,0,0,0,91,91,0,2,2,180,90,90,0
840600,2028,4,20,0,0,0,0,0,91,91,0,2,2,180,90,90,0
840700,2028,4,20,0,0,0,0,0,91,91,0,2,2,180,90,90,0
840800,2028,4,20,0,0,0,0,0,91,91,0,2,2,180,90,90,0
840900,2028,4,20,0,0,0,0,0,91,91,0,2,2,180,90,90,0
841000,2028,4,20,0,0,0,0,0,91,91,0,2,2,180,90,90,0
841100,2028,4,21,0,0,0,0,0,91,91,0,2,2,180,90,90,0
841200,2028,4,21,0,0,0,0,0,91,91,0,2,2,180,90,90,0
841300,2028,4,21,0,0,0,0,0,91,91,0,2,2,180,90,90,0
841400,2028,4,21,0,0,0,0,0,91,91,0,2,2,180,90,90,0
841500,2028,4,21,0,0,0,0,0,91,91,0,2,2,180,90,90,0
841600,2028,4,21,0,0,0,0,0,91,91,0,2,2,180,90,90,0
841700,2028,4,21,0,0,0,0,0,91,91,0,2,2,180,90,90,0
841800,2028,4,21,0,0,0,0,0,91,91,0,2,2,180,90,90,0
841900,2028,4,21,0,0,0,0,0,91,91,0,2,2,180,90,90,0
842000,2028,4,21,0,0,0,0,0,91,91,0,2,2,180,90,90,0
842100,2028,4,22,0,0,0,0,0,91,91,0,2,2,180,90,90,0
842200,2028,4,22,0,0,0,0,0,91,91,0,2,2,180,90,90,0
842300,2028,4,22,0,0,0,0,0,91,91,0,2,2,180,90,90,0
842400,2028,4,22,0,0,0,0,0,91,91,0,2,2,180,90,90,0
842500,2028,4,22,0,0,0,0,0,91,91,0,2,2,180,90,90,0
842600,2028,4,22,0,0,0,0,0,91,91,0,2,2,180,90,90,0
842700,2028,4,22,0,0,0,0,0,91,91,0,2,2,180,90,90,0
842800,2028,4,22,0,0,0,0,0,91,91,0,2,2,180,90,90,0
842900,2028,4,22,0,0,0,0,0,91,91,0,2,2,180,90,90,0
843000,2028,4,22,0,0,0,0,0,91,91,0,2,2,180,90,90,0
843100,2028,4,23,0,0,0,0,0,91,91,0,2,2,180,90,90,0
843200,2028,4,23,0,0,0,0,0,91,91,0,2,2,180,90,90,0
843300,2028,4,23,0,0,0,0,0,91,91,0,2,2,180,90,90,0
843400,2028,4,23,0,0,0,0,0,91,91,0,2,2,180,90,90,0
843500,2028,4,23,0,0,0,0,0,91,91,0,2,2,180,90,90,0
843600,2028,4,23,0,0,0,0,0,91,91,0,2,2,180,90,90,0
843700,2028,4,23,0,0,0,0,0,91,91,0,2,2,180,90,90,0
843800,2028,4,23,0,0,0,0,0,91,91,0,2,2,180,90,90,0
843900,2028,4,23,0,0,0,0,0,91,91,0,2,2,180,90,90,0
844000,2028,4,23,0,0,0,0,0,91,91,0,2,2,180,90,90,0
844100,2028,4,24,0,0,0,0,0,91,91,0,2,2,180,90,90,0
844200,2028,4,24,0,0,0,0,0,91,91,0,2,2,180,90,90,0
844300,2028,4,24,0,0,0,0,0,91,91,0,2,2,180,90,90,0
844400,2028,4,24,0,0,0,0,0,91,91,0,2,2,180,90,90,0
844500,2028,4,24,0,0,0,0,0,91,91,0,2,2,180,90,90,0
844600,2028,4,24,0,0,0,0,0,91,91,0,2,2,180,90,90,0
844700,2028,4,24,0,0,0,0,0,91,91,0,2,2,180,90,90,0
844800,2028,4,24,0,0,0,0,0,91,91,0,2,2,180,90,90,0
844900,2028,4,24,0,0,0,0,0,91,91,0,2,2,180,90,90,0
845000,2028,4,24,0,0,0,0,0,91,91,0,2,2,180,90,90,0
845100,2028,4,25,0,0,0,0,0,91,91,0,2,2,180,90,90,0
845200,2028,4,25,0,0,0,0,0,91,91,0,2,2,180,90,90,0
845300,2028,4,25,0,0,0,0,0,91,91,0,2,2,180,90,90,0
845400,2028,4,25,0,0,0,0,0,91,91,0,2,2,180,90,90,0
845500,2028,4,25,0,0,0,0,0,91,91,0,2,2,180,90,90,0
845600,2028,4,25,0,0,0,0,0,91,91,0,2,2,180,90,90,0
845700,2028,4,25,0,0,0,0,0,91,91,0,2,2,180,90,90,0
845800,2028,4,25,0,0,0,0,0,91,91,0,2,2,180,90,90,0
845900,2028,4,25,0,0,0,0,0,91,91,0,2,2,180,90,90,0
846000,2028,4,25,0,0,0,0,0,91,91,0,2,2,180,90,90,0
846100,2028,4,26,0,0,0,0,0,91,91,0,2,2,180,90,90,0
846200,2028,4,26,0,0,0,0,0,91,91,0,2,2,180,90,90,0
846300,2028,4,26,0,0,0,0,0,91,91,0,2,2,180,90,90,0
846400,2028,4,26,0,0,0,0,0,91,91,0,2,2,180,90,90,0
846500,2028,4,26,0,0,0,0,0,91,91,0,2,2,180,90,90,0
846600,2028,4,26,0,0,0,0,0,91,91,0,2,2,180,90,90,0
846700,2028,4,26,0,0,0,0,0,91,91,0,2,2,180,90,90,0
846800,2028,4,26,0,0,0,0,0,91,91,0,2,2,180,90,90,0
846900,2028,4,26,0,0,0,0,0,91,91,0,2,2,180,90,90,0
847000,2028,4,26,0,0,0,0,0,91,91,0,2,2,180,90,90,0
847100,2028,4,27,0,0,0,0,0,91,91,0,2,2,180,90,90,0
847200,2028,4,27,0,0,0,0,0,91,91,0,2,2,180,90,90,0
847300,2028,4,27,0,0,0,0,0,91,91,0,2,2,180,90,90,0
847400,2028,4,27,0,0,0,0,0,91,91,0,2,2,180,90,90,0
847500,2028,4,27,0,0,0,0,0,91,91,0,2,2,180,90,90,0
847600,2028,4,27,0,0,0,0,0,91,91,0,2,2,180,90,90,0
847700,2028,4,27,0,0,0,0,0,91,91,0,2,2,180,90,90,0
847800,2028,4,27,0,0,0,0,0,91,91,0,2,2,180,90,90,0
847900,2028,4,27,0,0,0,0,0,91,91,0,2,2,180,90,90,0
848000,2028,4,27,0,0,0,0,0,91,91,0,2,2,180,90,90,0
848100,2028,4,28,0,0,0,0,0,91,91,0,2,2,180,90,90,0
848200,2028,4,28,0,0,0,0,0,91,91,0,2,2,180,90,90,0
848300,2028,4,28,0,0,0,0,0,91,91,0,2,2,180,90,90,0
848400,2028,4,28,0,0,0,0,0,91,91,0,2,2,180,90,90,0
848500,2028,4,28,0,0,0,0,0,91,91,0,2,2,180,90,90,0
848600,2028,4,28,0,0,0,0,0,91,91,0,2,2,180,90,90,0
848700,2028,4,28,0,0,0,0,0,91,91,0,2,2,180,90,90,0
848800,2028,4,28,0,0,0,0,0,91,91,0,2,2,180,90,90,0
848900,2028,4,28,0,0,0,0,0,91,91,0,2,2,180,90,90,0
849000,2028,4,28,0,0,0,0,0,91,91,0,2,2,180,90,90,0
849100,2028,4,29,0,0,0,0,0,91,91,0,2,2,180,90,90,0
849200,2028,4,29,0,0,0,0,0,91,91,0,2,2,180,90,90,0
849300,2028,4,29,0,0,0,0,0,91,91,0,2,2,180,90,90,0
849400,2028,4,29,0,0,0,0,0,91,91,0,2,2,180,90,90,0
849500,2028,4,29,0,0,0,0,0,91,91,0,2,2,180,90,90,0
849600,2028,4,29,0,0,0,0,0,91,91,0,2,2,180,90,90,0
849700,2028,4,29,0,0,0,0,0,91,91,0,2,2,180,90,90,0
849800,2028,4,29,0,0,0,0,0,91,91,0,2,2,180,90,90,0
849900,2028,4,29,0,0,0,0,0,91,91,0,2,2,180,90,90,0
850000,2028,4,29,0,0,0,0,0,91,91,0,2,2,180,90,90,0
850100,2028,4,30,0,0,0,0,0,91,91,0,2,2,180,90,90,0
850200,2028,4,30,0,0,0,0,0,91,91,0,2,2,180,90,90,0
850300,2028,4,30,0,0,0,0,0,91,91,0,2,2,180,90,90,0
850400,2028,4,30,0,0,0,0,0,91,91,0,2,2,180,90,90,0
850500,2028,4,30,0,0,0,0,0,91,91,0,2,2,180,90,90,0
850600,2028,4,30,0,0,0,0,0,91,91,0,2,2,180,90,90,0
850700,2028,4,30,0,0,0,0,0,91,91,0,2,2,180,90,90,0
850800,2028,4,30,0,0,0,0,0,91,91,0,2,2,180,90,90,0
850900,2028,4,30,0,0,0,0,0,91,91,0,2,2,180,90,90,0
851000,2028,4,30,0,0,0,0,0,91,91,0,2,2,180,90,90,0
851100,2028,5,1,0,0,0,0,0,91,91,0,2,2,180,90,90,0
851200,2028,5,1,0,0,0,0,0,91,91,0,2,2,180,90,90,0
851300,2028,5,1,0,0,0,0,0,91,91,0,2,2,180,90,90,0
851400,2028,5,1,0,0,0,0,0,91,91,0,2,2,180,90,90,0
851500,2028,5,1,0,0,0,0,0,91,91,0,2,2,180,90,90,0
851600,2028,5,1,0,0,0,0,0,91,91,0,2,2,180,90,90,0
851700,2028,5,1,0,0,0,0,0,91,91,0,2,2,180,90,90,0
851800,2028,5,1,0,0,0,0,0,91,91,0,2,2,180,90,90,0
851900,2028,5,1,0,0,0,0,0,91,91,0,2,2,180,90,90,0
852000,2028,5,1,0,0,0,0,0,91,91,0,2,2,180,90,90,0
852100,2028,5,2,0,0,0,0,0,91,91,0,2,2,180,90,90,0
852200,2028,5,2,0,0,0,0,0,91,91,0,2,2,180,90,90,0
852300,2028,5,2,0,0,0,0,0,91,91,0,2,2,180,90,90,0
852400,2028,5,2,0,0,0,0,0,91,91,0,2,2,180,90,90,0
852500,2028,5,2,0,0,0,0,0,91,91,0,2,2,180,90,90,0
852600,2028,5,2,0,0,0,0,0,91,91,0,2,2,180,90,90,0
852700,2028,5,2,0,0,0,0,0,91,91,0,2,2,180,90,90,0
852800,2028,5,2,0,0,0,0,0,91,91,0,2,2,180,90,90,0
852900,2028,5,2,0,0,0,0,0,91,91,0,2,2,180,90,90,0
853000,2028,5,2,0,0,0,0,0,91,91,0,2,2,180,90,90,0
853100,2028,5,3,0,0,0,0,0,91,91,0,2,2,180,90,90,0
853200,2028,5,3,0,0,0,0,0,91,91,0,2,2,180,90,90,0
853300,2028,5,3,0,0,0,0,0,91,91,0,2,2,180,90,90,0
853400,2028,5,3,0,0,0,0,0,91,91,0,2,2,180,90,90,0
853500,2028,5,3,0,0,0,0,0,91,91,0,2,2,180,90,90,0
853600,2028,5,3,0,0,0,0,0,91,91,0,2,2,180,90,90,0
853700,2028,5,3,0,0,0,0,0,91,91,0,2,2,180,90,90,0
853800,2028,5,3,0,0,0,0,0,91,91,0,2,2,180,90,90,0
853900,2028,5,3,0,0,0,0,0,91,91,0,2,2,180,90,90,0
854000,2028,5,3,0,0,0,0,0,91,91,0,2,2,180,90,90,0
854100,2028,5,4,0,0,0,0,0,91,91,0,2,2,180,90,90,0
854200,2028,5,4,0,0,0,0,0,91,91,0,2,2,180,90,90,0
854300,2028,5,4,0,0,0,0,0,91,91,0,2,2,180,90,90,0
854400,2028,5,4,0,0,0,0,0,91,91,0,2,2,180,90,90,0
854500,2028,5,4,0,0,0,0,0,91,91,0,2,2,180,90,90,0
854600,2028,5,4,0,0,0,0,0,91,91,0,2,2,180,90,90,0
854700,2028,5,4,0,0,0,0,0,91,91,0,2,2,180,90,90,0
854800,2028,5,4,0,0,0,0,0,91,91,0,2,2,180,90,90,0
854900,2028,5,4,0,0,0,0,0,91,91,0,2,2,180,90,90,0
855000,2028,5,4,0,0,0,0,0,91,91,0,2,2,180,90,90,0
855100,2028,5,5,0,0,0,0,0,91,91,0,2,2,180,90,90,0
855200,2028,5,5,0,0,0,0,0,91,91,0,2,2,180,90,90,0
855300,2028,5,5,0,0,0,0,0,91,91,0,2,2,180,90,90,0
855400,2028,5,5,0,0,0,0,0,91,91,0,2,2,180,90,90,0
855500,2028,5,5,0,0,0,0,0,91,91,0,2,2,180,90,90,0
855600,2028,5,5,0,0,0,0,0,91,91,0,2,2,180,90,90,0
855700,2028,5,5,0,0,0,0,0,91,91,0,2,2,180,90,90,0
855800,2028,5,5,0,0,0,0,0,91,91,0,2,2,180,90,90,0
855900,2028,5,5,0,0,0,0,0,91,91,0,2,2,180,90,90,0
856000,2028,5,5,0,0,0,0,0,91,91,0,2,2,180,90,90,0
856100,2028,5,6,0,0,0,0,0,91,91,0,2,2,180,90,90,0
856200,2028,5,6,0,0,0,0,0,91,91,0,2,2,180,90,90,0
856300,2028,5,6,0,0,0,0,0,91,91,0,2,2,180,90,90,0
856400,2028,5,6,0,0,0,0,0,91,91,0,2,2,180,90,90,0
856500,2028,5,6,0,0,0,0,0,91,91,0,2,2,180,90,90,0
856600,2028,5,6,0,0,0,0,0,91,91,0,2,2,180,90,90,0
856700,2028,5,6,0,0,0,0,0,91,91,0,2,2,180,90,90,0
856800,2028,5,6,0,0,0,0,0,91,91,0,2,2,180,90,90,0
856900,2028,5,6,0,0,0,0,0,91,91,0,2,2,180,90,90,0
857000,2028,5,6,0,0,0,0,0,91,91,0,2,2,180,90,90,0
857100,2028,5,7,0,0,0,0,0,91,91,0,2,2,180,90,90,0
857200,2028,5,7,0,0,0,0,0,91,91,0,2,2,180,90,90,0
857300,2028,5,7,0,0,0,0,0,91,91,0,2,2,180,90,90,0
857400,2028,5,7,0,0,0,0,0,91,91,0,2,2,180,90,90,0
857500,2028,5,7,0,0,0,0,0,91,91,0,2,2,180,90,90,0
857600,2028,5,7,0,0,0,0,0,91,91,0,2,2,180,90,90,0
857700,2028,5,7,0,0,0,0,0,91,91,0,2,2,180,90,90,0
857800,2028,5,7,0,0,0,0,0,91,91,0,2,2,180,90,90,0
857900,2028,5,7,0,0,0,0,0,91,91,0,2,2,180,90,90,0
858000,2028,5,7,0,0,0,0,0,91,91,0,2,2,180,90,90,0
858100,2028,5,8,0,0,0,0,0,91,91,0,2,2,180,90,90,0
858200,2028,5,8,0,0,0,0,0,91,91,0,2,2,180,90,90,0
858300,2028,5,8,0,0,0,0,0,91,91,0,2,2,180,90,90,0
858400,2028,5,8,0,0,0,0,0,91,91,0,2,2,180,90,90,0
858500,2028,5,8,0,0,0,0,0,91,91,0,2,2,180,90,90,0
858600,2028,5,8,0,0,0,0,0,91,91,0,2,2,180,90,90,0
858700,2028,5,8,0,0,0,0,0,91,91,0,2,2,180,90,90,0
858800,2028,5,8,0,0,0,0,0,91,91,0,2,2,180,90,90,0
858900,2028,5,8,0,0,0,0,0,91,91,0,2,2,180,90,90,0
859000,2028,5,8,0,0,0,0,0,91,91,0,2,2,180,90,90,0
859100,2028,5,9,0,0,0,0,0,91,91,0,2,2,180,90,90,0
859200,2028,5,9,0,0,0,0,0,91,91,0,2,2,180,90,90,0
859300,2028,5,9,0,0,0,0,0,91,91,0,2,2,180,90,90,0
859400,2028,5,9,0,0,0,0,0,91,91,0,2,2,180,90,90,0
859500,2028,5,9,0,0,0,0,0,91,91,0,2,2,180,90,90,0
859600,2028,5,9,0,0,0,0,0,91,91,0,2,2,180,90,90,0
859700,2028,5,9,0,0,0,0,0,91,91,0,2,2,180,90,90,0
859800,2028,5,9,0,0,0,0,0,91,91,0,2,2,180,90,90,0
859900,2028,5,9,0,0,0,0,0,91,91,0,2,2,180,90,90,0
860000,2028,5,9,0,0,0,0,0,91,91,0,2,2,180,90,90,0
860100,2028,5,10,0,0,0,0,0,91,91,0,2,2,180,90,90,0
860200,2028,5,10,0,0,0,0,0,91,91,0,2,2,180,90,90,0
860300,2028,5,10,0,0,0,0,0,91,91,0,2,2,180,90,90,0
860400,2028,5,10,0,0,0,0,0,91,91,0,2,2,180,90,90,0
860500,2028,5,10,0,0,0,0,0,91,91,0,2,2,180,90,90,0
860600,2028,5,10,0,0,0,0,0,91,91,0,2,2,180,90,90,0
860700,2028,5,10,0,0,0,0,0,91,91,0,2,2,180,90,90,0
860800,2028,5,10,0,0,0,0,0,91,91,0,2,2,180,90,90,0
860900,2028,5,10,0,0,0,0,0,91,91,0,2,2,180,90,90,0
861000,2028,5,10,0,0,0,0,0,91,91,0,2,2,180,90,90,0
861100,2028,5,11,0,0,0,0,0,91,91,0,2,2,180,90,90,0
861200,2028,5,11,0,0,0,0,0,91,91,0,2,2,180,90,90,0
861300,2028,5,11,0,0,0,0,0,91,91,0,2,2,180,90,90,0
861400,2028,5,11,0,0,0,0,0,91,91,0,2,2,180,90,90,0
861500,2028,5,11,0,0,0,0,0,91,91,0,2,2,180,90,90,0
861600,2028,5,11,0,0,0,0,0,91,91,0,2,2,180,90,90,0
861700,2028,5,11,0,0,0,0,0,91,91,0,2,2,180,90,90,0
861800,2028,5,11,0,0,0,0,0,91,91,0,2,2,180,90,90,0
861900,2028,5,11,0,0,0,0,0,91,91,0,2,2,180,90,90,0
862000,2028,5,11,0,0,0,0,0,91,91,0,2,2,180,90,90,0
862100,2028,5,12,0,0,0,0,0,91,91,0,2,2,180,90,90,0
862200,2028,5,12,0,0,0,0,0,91,91,0,2,2,180,90,90,0
862300,2028,5,12,0,0,0,0,0,91,91,0,2,2,180,90,90,0
862400,2028,5,12,0,0,0,0,0,91,91,0,2,2,180,90,90,0
862500,2028,5,12,0,0,0,0,0,91,91,0,2,2,180,90,90,0
862600,2028,5,12,0,0,0,0,0,91,91,0,2,2,180,90,90,0
862700,2028,5,12,0,0,0,0,0,91,91,0,2,2,180,90,90,0
862800,2028,5,12,0,0,0,0,0,91,91,0,2,2,180,90,90,0
862900,2028,5,12,0,0,0,0,0,91,91,0,2,2,180,90,90,0
863000,2028,5,12,0,0,0,0,0,91,91,0,2,2,180,90,90,0
863100,2028,5,13,0,0,0,0,0,91,91,0,2,2,180,90,90,0
863200,2028,5,13,0,0,0,0,0,91,91,0,2,2,180,90,90,0
863300,2028,5,13,0,0,0,0,0,91,91,0,2,2,180,90,90,0
863400,2028,5,13,0,0,0,0,0,91,91,0,2,2,180,90,90,0
863500,2028,5,13,0,0,0,0,0,91,91,0,2,2,180,90,90,0
863600,2028,5,13,0,0,0,0,0,91,91,0,2,2,180,90,90,0
863700,2028,5,13,0,0,0,0,0,91,91,0,2,2,180,90,90,0
863800,2028,5,13,0,0,0,0,0,91,91,0,2,2,180,90,90,0
863900,2028,5,13,0,0,0,0,0,91,91,0,2,2,180,90,90,0
864000,2028,5,13,0,0,0,0,0,91,91,0,2,2,180,90,90,0
864100,2028,5,14,0,0,0,0,0,91,91,0,2,2,180,90,90,0
864200,2028,5,14,0,0,0,0,0,91,91,0,2,2,180,90,90,0
864300,2028,5,14,0,0,0,0,0,91,91,0,2,2,180,90,90,0
864400,2028,5,14,0,0,0,0,0,91,91,0,2,2,180,90,90,0
864500,2028,5,14,0,0,0,0,0,91,91,0,2,2,180,90,90,0
864600,2028,5,14,0,0,0,0,0,91,91,0,2,2,180,90,90,0
864700,2028,5,14,0,0,0,0,0,91,91,0,2,2,180,90,90,0
864800,2028,5,14,0,0,0,0,0,91,91,0,2,2,180,90,90,0
864900,2028,5,14,0,0,0,0,0,91,91,0,2,2,180,90,90,0
865000,2028,5,14,0,0,0,0,0,91,91,0,2,2,180,90,90,0
865100,2028,5,15,0,0,0,0,0,91,91,0,2,2,180,90,90,0
865200,2028,5,15,0,0,0,0,0,91,91,0,2,2,180,90,90,0
865300,2028,5,15,0,0,0,0,0,91,91,0,2,2,180,90,90,0
865400,2028,5,15,0,0,0,0,0,91,91,0,2,2,180,90,90,0
865500,2028,5,15,0,0,0,0,0,91,91,0,2,2,180,90,90,0
865600,2028,5,15,0,0,0,0,0,91,91,0,2,2,180,90,90,0
865700,2028,5,15,0,0,0,0,0,91,91,0,2,2,180,90,90,0
865800,2028,5,15,0,0,0,0,0,91,91,0,2,2,180,90,90,0
865900,2028,5,15,0,0,0,0,0,91,91,0,2,2,180,90,90,0
866000,2028,5,15,0,0,0,0,0,91,91,0,2,2,180,90,90,0
866100,2028,5,16,0,0,0,0,0,91,91,0,2,2,180,90,90,0
866200,2028,5,16,0,0,0,0,0,91,91,0,2,2,180,90,90,0
866300,2028,5,16,0,0,0,0,0,91,91,0,2,2,180,90,90,0
866400,2028,5,16,0,0,0,0,0,91,91,0,2,2,180,90,90,0
866500,2028,5,16,0,0,0,0,0,91,91,0,2,2,180,90,90,0
866600,2028,5,16,0,0,0,0,0,91,91,0,2,2,180,90,90,0
866700,2028,5,16,0,0,0,0,0,91,91,0,2,2,180,90,90,0
866800,2028,5,16,0,0,0,0,0,91,91,0,2,2,180,90,90,0
866900,2028,5,16,0,0,0,0,0,91,91,0,2,2,180,90,90,0
867000,2028,5,16,0,0,0,0,0,91,91,0,2,2,180,90,90,0
867100,2028,5,17,0,0,0,0,0,91,91,0,2,2,180,90,90,0
867200,2028,5,17,0,0,0,0,0,91,91,0,2,2,180,90,90,0
867300,2028,5,17,0,0,0,0,0,91,91,0,2,2,180,90,90,0
867400,2028,5,17,0,0,0,0,0,91,91,0,2,2,180,90,90,0
867500,2028,5,17,0,0,0,0,0,91,91,0,2,2,180,90,90,0
867600,2028,5,17,0,0,0,0,0,91,91,0,2,2,180,90,90,0
867700,2028,5,17,0,0,0,0,0,91,91,0,2,2,180,90,90,0
867800,2028,5,17,0,0,0,0,0,91,91,0,2,2,180,90,90,0
867900,2028,5,17,0,0,0,0,0,91,91,0,2,2,180,90,90,0
868000,2028,5,17,0,0,0,0,0,91,91,0,2,2,180,90,90,0
868100,2028,5,18,0,0,0,0,0,91,91,0,2,2,180,90,90,0
868200,2028,5,18,0,0,0,0,0,91,91,0,2,2,180,90,90,0
868300,2028,5,18,0,0,0,0,0,91,91,0,2,2,180,90,90,0
868400,2028,5,18,0,0,0,0,0,91,91,0,2,2,180,90,90,0
868500,2028,5,18,0,0,0,0,0,91,91,0,2,2,180,90,90,0
868600,2028,5,18,0,0,0,0,0,91,91,0,2,2,180,90,90,0
868700,2028,5,18,0,0,0,0,0,91,91,0,2,2,180,90,90,0
868800,2028,5,18,0,0,0,0,0,91,91,0,2,2,180,90,90,0
868900,2028,5,18,0,0,0,0,0,91,91,0,2,2,180,90,90,0
869000,2028,5,18,0,0,0,0,0,91,91,0,2,2,180,90,90,0
869100,2028,5,19,0,0,0,0,0,91,91,0,2,2,180,90,90,0
869200,2028,5,19,0,0,0,0,0,91,91,0,2,2,180,90,90,0
869300,2028,5,19,0,0,0,0,0,91,91,0,2,2,180,90,90,0
869400,2028,5,19,0,0,0,0,0,91,91,0,2,2,180,90,90,0
869500,2028,5,19,0,0,0,0,0,91,91,0,2,2,180,90,90,0
869600,2028,5,19,0,0,0,0,0,91,91,0,2,2,180,90,90,0
869700,2028,5,19,0,0,0,0,0,91,91,0,2,2,180,90,90,0
869800,2028,5,19,0,0,0,0,0,91,91,0,2,2,180,90,90,0
869900,2028,5,19,0,0,0,0,0,91,91,0,2,2,180,90,90,0
870000,2028,5,19,0,0,0,0,0,91,91,0,2,2,180,90,90,0
870100,2028,5,20,0,0,0,0,0,91,91,0,2,2,180,90,90,0
870200,2028,5,20,0,0,0,0,0,91,91,0,2,2,180,90,90,0
870300,2028,5,20,0,0,0,0,0,91,91,0,2,2,180,90,90,0
870400,2028,5,20,0,0,0,0,0,91,91,0,2,2,180,90,90,0
870500,2028,5,20,0,0,0,0,0,91,91,0,2,2,180,90,90,0
870600,2028,5,20,0,0,0,0,0,91,91,0,2,2,180,90,90,0
870700,2028,5,20,0,0,0,0,0,91,91,0,2,2,180,90,90,0
870800,2028,5,20,0,0,0,0,0,91,91,0,2,2,180,90,90,0
870900,2028,5,20,0,0,0,0,0,91,91,0,2,2,180,90,90,0
871000,2028,5,20,0,0,0,0,0,91,91,0,2,2,180,90,90,0
871100,2028,5,21,0,0,0,0,0,91,91,0,2,2,180,90,90,0
871200,2028,5,21,0,0,0,0,0,91,91,0,2,2,180,90,90,0
871300,2028,5,21,0,0,0,0,0,91,91,0,2,2,180,90,90,0
871400,2028,5,21,0,0,0,0,0,91,91,0,2,2,180,90,90,0
871500,2028,5,21,0,0,0,0,0,91,91,0,2,2,180,90,90,0
871600,2028,5,21,0,0,0,0,0,91,91,0,2,2,180,90,90,0
871700,2028,5,21,0,0,0,0,0,91,91,0,2,2,180,90,90,0
871800,2028,5,21,0,0,0,0,0,91,91,0,2,2,180,90,90,0
871900,2028,5,21,0,0,0,0,0,91,91,0,2,2,180,90,90,0
872000,2028,5,21,0,0,0,0,0,91,91,0,2,2,180,90,90,0
872100,2028,5,22,0,0,0,0,0,91,91,0,2,2,180,90,90,0
872200,2028,5,22,0,0,0,0,0,91,91,0,2,2,180,90,90,0
872300,2028,5,22,0,0,0,0,0,91,91,0,2,2,180,90,90,0
872400,2028,5,22,0,0,0,0,0,91,91,0,2,2,180,90,90,0
872500,2028,5,22,0,0,0,0,0,91,91,0,2,2,180,90,90,0
872600,2028,5,22,0,0,0,0,0,91,91,0,2,2,180,90,90,0
872700,2028,5,22,0,0,0,0,0,91,91,0,2,2,180,90,90,0
872800,2028,5,22,0,0,0,0,0,91,91,0,2,2,180,90,90,0
872900,2028,5,22,0,0,0,0,0,91,91,0,2,2,180,90,90,0
873000,2028,5,22,0,0,0,0,0,91,91,0,2,2,180,90,90,0
873100,2028,5,23,0,0,0,0,0,91,91,0,2,2,180,90,90,0
873200,2028,5,23,0,0,0,0,0,91,91,0,2,2,180,90,90,0
873300,2028,5,23,0,0,0,0,0,91,91,0,2,2,180,90,90,0
873400,2028,5,23,0,0,0,0,0,91,91,0,2,2,180,90,90,0
873500,2028,5,23,0,0,0,0,0,91,91,0,2,2,180,90,90,0
873600,2028,5,23,0,0,0,0,0,91,91,0,2,2,180,90,90,0
873700,2028,5,23,0,0,0,0,0,91,91,0,2,2,180,90,90,0
873800,2028,5,23,0,0,0,0,0,91,91,0,2,2,180,90,90,0
873900,2028,5,23,0,0,0,0,0,91,91,0,2,2,180,90,90,0
874000,2028,5,23,0,0,0,0,0,91,91,0,2,2,180,90,90,0
874100,2028,5,24,0,0,0,0,0,91,91,0,2,2,180,90,90,0
874200,2028,5,24,0,0,0,0,0,91,91,0,2,2,180,90,90,0
874300,2028,5,24,0,0,0,0,0,91,91,0,2,2,180,90,90,0
874400,2028,5,24,0,0,0,0,0,91,91,0,2,2,180,90,90,0
874500,2028,5,24,0,0,0,0,0,91,91,0,2,2,180,90,90,0
874600,2028,5,24,0,0,0,0,0,91,91,0,2,2,180,90,90,0
874700,2028,5,24,0,0,0,0,0,91,91,0,2,2,180,90,90,0
874800,2028,5,24,0,0,0,0,0,91,91,0,2,2,180,90,90,0
874900,2028,5,24,0,0,0,0,0,91,91,0,2,2,180,90,90,0
875000,2028,5,24,0,0,0,0,0,91,91,0,2,2,180,90,90,0
875100,2028,5,25,0,0,0,0,0,91,91,0,2,2,180,90,90,0
875200,2028,5,25,0,0,0,0,0,91,91,0,2,2,180,90,90,0
875300,2028,5,25,0,0,0,0,0,91,91,0,2,2,180,90,90,0
875400,2028,5,25,0,0,0,0,0,91,91,0,2,2,180,90,90,0
875500,2028,5,25,0,0,0,0,0,91,91,0,2,2,180,90,90,0
875600,2028,5,25,0,0,0,0,0,91,91,0,2,2,180,90,90,0
875700,2028,5,25,0,0,0,0,0,91,91,0,2,2,180,90,90,0
875800,2028,5,25,0,0,0,0,0,91,91,0,2,2,180,90,90,0
875900,2028,5,25,0,0,0,0,0,91,91,0,2,2,180,90,90,0
876000,2028,5,25,0,0,0,0,0,91,91,0,2,2,180,90,90,0
876100,2028,5,26,0,0,0,0,0,91,91,0,2,2,180,90,90,0
876200,2028,5,26,0,0,0,0,0,91,91,0,2,2,180,90,90,0
876300,2028,5,26,0,0,0,0,0,91,91,0,2,2,180,90,90,0
876400,2028,5,26,0,0,0,0,0,91,91,0,2,2,180,90,90,0
876500,2028,5,26,0,0,0,0,0,91,91,0,2,2,180,90,90,0
876600,2028,5,26,0,0,0,0,0,91,91,0,2,2,180,90,90,0
876700,2028,5,26,0,0,0,0,0,91,91,0,2,2,180,90,90,0
876800,2028,5,26,0,0,0,0,0,91,91,0,2,2,180,90,90,0
876900,2028,5,26,0,0,0,0,0,91,91,0,2,2,180,90,90,0
877000,2028,5,26,0,0,0,0,0,91,91,0,2,2,180,90,90,0
877100,2028,5,27,0,0,0,0,0,91,91,0,2,2,180,90,90,0
877200,2028,5,27,0,0,0,0,0,91,91,0,2,2,180,90,90,0
877300,2028,5,27,0,0,0,0,0,91,91,0,2,2,180,90,90,0
877400,2028,5,27,0,0,0,0,0,91,91,0,2,2,180,90,90,0
877500,2028,5,27,0,0,0,0,0,91,91,0,2,2,180,90,90,0
877600,2028,5,27,0,0,0,0,0,91,91,0,2,2,180,90,90,0
877700,2028,5,27,0,0,0,0,0,91,91,0,2,2,180,90,90,0
877800,2028,5,27,0,0,0,0,0,91,91,0,2,2,180,90,90,0
877900,2028,5,27,0,0,0,0,0,91,91,0,2,2,180,90,90,0
878000,2028,5,27,0,0,0,0,0,91,91,0,2,2,180,90,90,0
878100,2028,5,28,0,0,0,0,0,91,91,0,2,2,180,90,90,0
878200,2028,5,28,0,0,0,0,0,91,91,0,2,2,180,90,90,0
878300,2028,5,28,0,0,0,0,0,91,91,0,2,2,180,90,90,0
878400,2028,5,28,0,0,0,0,0,91,91,0,2,2,180,90,90,0
878500,2028,5,28,0,0,0,0,0,91,91,0,2,2,180,90,90,0
878600,2028,5,28,0,0,0,0,0,91,91,0,2,2,180,90,90,0
878700,2028,5,28,0,0,0,0,0,91,91,0,2,2,180,90,90,0
878800,2028,5,28,0,0,0,0,0,91,91,0,2,2,180,90,90,0
878900,2028,5,28,0,0,0,0,0,91,91,0,2,2,180,90,90,0
879000,2028,5,28,0,0,0,0,0,91,91,0,2,2,180,90,90,0
879100,2028,5,29,0,0,0,0,0,91,91,0,2,2,180,90,90,0
879200,2028,5,29,0,0,0,0,0,91,91,0,2,2,180,90,90,0
879300,2028,5,29,0,0,0,0,0,91,91,0,2,2,180,90,90,0
879400,2028,5,29,0,0,0,0,0,91,91,0,2,2,180,90,90,0
879500,2028,5,29,0,0,0,0,0,91,91,0,2,2,180,90,90,0
879600,2028,5,29,0,0,0,0,0,91,91,0,2,2,180,90,90,0
879700,2028,5,29,0,0,0,0,0,91,91,0,2,2,180,90,90,0
879800,2028,5,29,0,0,0,0,0,91,91,0,2,2,180,90,90,0
879900,2028,5,29,0,0,0,0,0,91,91,0,2,2,180,90,90,0
880000,2028,5,29,0,0,0,0,0,91,91,0,2,2,180,90,90,0
880100,2028,5,30,0,0,0,0,0,91,91,0,2,2,180,90,90,0
880200,2028,5,30,0,0,0,0,0,91,91,0,2,2,180,90,90,0
880300,2028,5,30,0,0,0,0,0,91,91,0,2,2,180,90,90,0
880400,2028,5,30,0,0,0,0,0,91,91,0,2,2,180,90,90,0
880500,2028,5,30,0,0,0,0,0,91,91,0,2,2,180,90,90,0
880600,2028,5,30,0,0,0,0,0,91,91,0,2,2,180,90,90,0
880700,2028,5,30,0,0,0,0,0,91,91,0,2,2,180,90,90,0
880800,2028,5,30,0,0,0,0,0,91,91,0,2,2,180,90,90,0
880900,2028,5,30,0,0,0,0,0,91,91,0,2,2,180,90,90,0
881000,2028,5,30,0,0,0,0,0,91,91,0,2,2,180,90,90,0
881100,2028,5,31,0,0,0,0,0,91,91,0,2,2,180,90,90,0
881200,2028,5,31,0,0,0,0,0,91,91,0,2,2,180,90,90,0
881300,2028,5,31,0,0,0,0,0,91,91,0,2,2,180,90,90,0
881400,2028,5,31,0,0,0,0,0,91,91,0,2,2,180,90,90,0
881500,2028,5,31,0,0,0,0,0,91,91,0,2,2,180,90,90,0
881600,2028,5,31,0,0,0,0,0,91,91,0,2,2,180,90,90,0
881700,2028,5,31,0,0,0,0,0,91,91,0,2,2,180,90,90,0
881800,2028,5,31,0,0,0,0,0,91,91,0,2,2,180,90,90,0
881900,2028,5,31,0,0,0,0,0,91,91,0,2,2,180,90,90,0
882000,2028,5,31,0,0,0,0,0,91,91,0,2,2,180,90,90,0
882100,2028,6,1,0,0,0,0,0,91,91,0,2,2,180,90,90,0
882200,2028,6,1,0,0,0,0,0,91,91,0,2,2,180,90,90,0
882300,2028,6,1,0,0,0,0,0,91,91,0,2,2,180,90,90,0
882400,2028,6,1,0,0,0,0,0,91,91,0,2,2,180,90,90,0
882500,2028,6,1,0,0,0,0,0,91,91,0,2,2,180,90,90,0
882600,2028,6,1,0,0,0,0,0,91,91,0,2,2,180,90,90,0
882700,2028,6,1,0,0,0,0,0,91,91,0,2,2,180,90,90,0
882800,2028,6,1,0,0,0,0,0,91,91,0,2,2,180,90,90,0
882900,2028,6,1,0,0,0,0,0,91,91,0,2,2,180,90,90,0
883000,2028,6,1,0,0,0,0,0,91,91,0,2,2,180,90,90,0
883100,2028,6,2,0,0,0,0,0,91,91,0,2,2,180,90,90,0
883200,2028,6,2,0,0,0,0,0,91,91,0,2,2,180,90,90,0
883300,2028,6,2,0,0,0,0,0,91,91,0,2,2,180,90,90,0
883400,2028,6,2,0,0,0,0,0,91,91,0,2,2,180,90,90,0
883500,2028,6,2,0,0,0,0,0,91,91,0,2,2,180,90,90,0
883600,2028,6,2,0,0,0,0,0,91,91,0,2,2,180,90,90,0
883700,2028,6,2,0,0,0,0,0,91,91,0,2,2,180,90,90,0
883800,2028,6,2,0,0,0,0,0,91,91,0,2,2,180,90,90,0
883900,2028,6,2,0,0,0,0,0,91,91,0,2,2,180,90,90,0
884000,2028,6,2,0,0,0,0,0,91,91,0,2,2,180,90,90,0
884100,2028,6,3,0,0,0,0,0,91,91,0,2,2,180,90,90,0
884200,2028,6,3,0,0,0,0,0,91,91,0,2,2,180,90,90,0
884300,2028,6,3,0,0,0,0,0,91,91,0,2,2,180,90,90,0
884400,2028,6,3,0,0,0,0,0,91,91,0,2,2,180,90,90,0
884500,2028,6,3,0,0,0,0,0,91,91,0,2,2,180,90,90,0
884600,2028,6,3,0,0,0,0,0,91,91,0,2,2,180,90,90,0
884700,2028,6,3,0,0,0,0,0,91,91,0,2,2,180,90,90,0
884800,2028,6,3,0,0,0,0,0,91,91,0,2,2,180,90,90,0
884900,2028,6,3,0,0,0,0,0,91,91,0,2,2,180,90,90,0
885000,2028,6,3,0,0,0,0,0,91,91,0,2,2,180,90,90,0
885100,2028,6,4,0,0,0,0,0,91,91,0,2,2,180,90,90,0
885200,2028,6,4,0,0,0,0,0,91,91,0,2,2,180,90,90,0
885300,2028,6,4,0,0,0,0,0,91,91,0,2,2,180,90,90,0
885400,2028,6,4,0,0,0,0,0,91,91,0,2,2,180,90,90,0
885500,2028,6,4,0,0,0,0,0,91,91,0,2,2,180,90,90,0
885600,2028,6,4,0,0,0,0,0,91,91,0,2,2,180,90,90,0
885700,2028,6,4,0,0,0,0,0,91,91,0,2,2,180,90,90,0
885800,2028,6,4,0,0,0,0,0,91,91,0,2,2,180,90,90,0
885900,2028,6,4,0,0,0,0,0,91,91,0,2,2,180,90,90,0
886000,2028,6,4,0,0,0,0,0,91,91,0,2,2,180,90,90,0
886100,2028,6,5,0,0,0,0,0,91,91,0,2,2,180,90,90,0
886200,2028,6,5,0,0,0,0,0,91,91,0,2,2,180,90,90,0
886300,2028,6,5,0,0,0,0,0,91,91,0,2,2,180,90,90,0
886400,2028,6,5,0,0,0,0,0,91,91,0,2,2,180,90,90,0
886500,2028,6,5,0,0,0,0,0,91,91,0,2,2,180,90,90,0
886600,2028,6,5,0,0,0,0,0,91,91,0,2,2,180,90,90,0
886700,2028,6,5,0,0,0,0,0,91,91,0,2,2,180,90,90,0
886800,2028,6,5,0,0,0,0,0,91,91,0,2,2,180,90,90,0
886900,2028,6,5,0,0,0,0,0,91,91,0,2,2,180,90,90,0
887000,2028,6,5,0,0,0,0,0,91,91,0,2,2,180,90,90,0
887100,2028,6,6,0,0,0,0,0,91,91,0,2,2,180,90,90,0
887200,2028,6,6,0,0,0,0,0,91,91,0,2,2,180,90,90,0
887300,2028,6,6,0,0,0,0,0,91,91,0,2,2,180,90,90,0
887400,2028,6,6,0,0,0,0,0,91,91,0,2,2,180,90,90,0
887500,2028,6,6,0,0,0,0,0,91,91,0,2,2,180,90,90,0
887600,2028,6,6,0,0,0,0,0,91,91,0,2,2,180,90,90,0
887700,2028,6,6,0,0,0,0,0,91,91,0,2,2,180,90,90,0
887800,2028,6,6,0,0,0,0,0,91,91,0,2,2,180,90,90,0
887900,2028,6,6,0,0,0,0,0,91,91,0,2,2,180,90,90,0
888000,2028,6,6,0,0,0,0,0,91,91,0,2,2,180,90,90,0
888100,2028,6,7,0,0,0,0,0,91,91,0,2,2,180,90,90,0
888200,2028,6,7,0,0,0,0,0,91,91,0,2,2,180,90,90,0
888300,2028,6,7,0,0,0,0,0,91,91,0,2,2,180,90,90,0
888400,2028,6,7,0,0,0,0,0,91,91,0,2,2,180,90,90,0
888500,2028,6,7,0,0,0,0,0,91,91,0,2,2,180,90,90,0
888600,2028,6,7,0,0,0,0,0,91,91,0,2,2,180,90,90,0
888700,2028,6,7,0,0,0,0,0,91,91,0,2,2,180,90,90,0
888800,2028,6,7,0,0,0,0,0,91,91,0,2,2,180,90,90,0
888900,2028,6,7,0,0,0,0,0,91,91,0,2,2,180,90,90,0
889000,2028,6,7,0,0,0,0,0,91,91,0,2,2,180,90,90,0
889100,2028,6,8,0,0,0,0,0,91,91,0,2,2,180,90,90,0
889200,2028,6,8,0,0,0,0,0,91,91,0,2,2,180,90,90,0
889300,2028,6,8,0,0,0,0,0,91,91,0,2,2,180,90,90,0
889400,2028,6,8,0,0,0,0,0,91,91,0,2,2,180,90,90,0
889500,2028,6,8,0,0,0,0,0,91,91,0,2,2,180,90,90,0
889600,2028,6,8,0,0,0,0,0,91,91,0,2,2,180,90,90,0
889700,2028,6,8,0,0,0,0,0,91,91,0,2,2,180,90,90,0
889800,2028,6,8,0,0,0,0,0,91,91,0,2,2,180,90,90,0
889900,2028,6,8,0,0,0,0,0,91,91,0,2,2,180,90,90,0
890000,2028,6,8,0,0,0,0,0,91,91,0,2,2,180,90,90,0
890100,2028,6,9,0,0,0,0,0,91,91,0,2,2,180,90,90,0
890200,2028,6,9,0,0,0,0,0,91,91,0,2,2,180,90,90,0
890300,2028,6,9,0,0,0,0,0,91,91,0,2,2,180,90,90,0
890400,2028,6,9,0,0,0,0,0,91,91,0,2,2,180,90,90,0
890500,2028,6,9,0,0,0,0,0,91,91,0,2,2,180,90,90,0
890600,2028,6,9,0,0,0,0,0,91,91,0,2,2,180,90,90,0
890700,2028,6,9,0,0,0,0,0,91,91,0,2,2,180,90,90,0
890800,2028,6,9,0,0,0,0,0,91,91,0,2,2,180,90,90,0
890900,2028,6,9,0,0,0,0,0,91,91,0,2,2,180,90,90,0
891000,2028,6,9,0,0,0,0,0,91,91,0,2,2,180,90,90,0
891100,2028,6,10,0,0,0,0,0,91,91,0,2,2,180,90,90,0
891200,2028,6,10,0,0,0,0,0,91,91,0,2,2,180,90,90,0
891300,2028,6,10,0,0,0,0,0,91,91,0,2,2,180,90,90,0
891400,2028,6,10,0,0,0,0,0,91,91,0,2,2,180,90,90,0
891500,2028,6,10,0,0,0,0,0,91,91,0,2,2,180,90,90,0
891600,2028,6,10,0,0,0,0,0,91,91,0,2,2,180,90,90,0
891700,2028,6,10,0,0,0,0,0,91,91,0,2,2,180,90,90,0
891800,2028,6,10,0,0,0,0,0,91,91,0,2,2,180,90,90,0
891900,2028,6,10,0,0,0,0,0,91,91,0,2,2,180,90,90,0
892000,2028,6,10,0,0,0,0,0,91,91,0,2,2,180,90,90,0
892100,2028,6,11,0,0,0,0,0,91,91,0,2,2,180,90,90,0
892200,2028,6,11,0,0,0,0,0,91,91,0,2,2,180,90,90,0
892300,2028,6,11,0,0,0,0,0,91,91,0,2,2,180,90,90,0
892400,2028,6,11,0,0,0,0,0,91,91,0,2,2,180,90,90,0
892500,2028,6,11,0,0,0,0,0,91,91,0,2,2,180,90,90,0
892600,2028,6,11,0,0,0,0,0,91,91,0,2,2,180,90,90,0
892700,2028,6,11,0,0,0,0,0,91,91,0,2,2,180,90,90,0
892800,2028,6,11,0,0,0,0,0,91,91,0,2,2,180,90,90,0
892900,2028,6,11,0,0,0,0,0,91,91,0,2,2,180,90,90,0
893000,2028,6,11,0,0,0,0,0,91,91,0,2,2,180,90,90,0
893100,2028,6,12,0,0,0,0,0,91,91,0,2,2,180,90,90,0
893200,2028,6,12,0,0,0,0,0,91,91,0,2,2,180,90,90,0
893300,2028,6,12,0,0,0,0,0,91,91,0,2,2,180,90,90,0
893400,2028,6,12,0,0,0,0,0,91,91,0,2,2,180,90,90,0
893500,2028,6,12,0,0,0,0,0,91,91,0,2,2,180,90,90,0
893600,2028,6,12,0,0,0,0,0,91,91,0,2,2,180,90,90,0
893700,2028,6,12,0,0,0,0,0,91,91,0,2,2,180,90,90,0
893800,2028,6,12,0,0,0,0,0,91,91,0,2,2,180,90,90,0
893900,2028,6,12,0,0,0,0,0,91,91,0,2,2,180,90,90,0
894000,2028,6,12,0,0,0,0,0,91,91,0,2,2,180,90,90,0
894100,2028,6,13,0,0,0,0,0,91,91,0,2,2,180,90,90,0
894200,2028,6,13,0,0,0,0,0,91,91,0,2,2,180,90,90,0
894300,2028,6,13,0,0,0,0,0,91,91,0,2,2,180,90,90,0
894400,2028,6,13,0,0,0,0,0,91,91,0,2,2,180,90,90,0
894500,2028,6,13,0,0,0,0,0,91,91,0,2,2,180,90,90,0
894600,2028,6,13,0,0,0,0,0,91,91,0,2,2,180,90,90,0
894700,2028,6,13,0,0,0,0,0,91,91,0,2,2,180,90,90,0
894800,2028,6,13,0,0,0,0,0,91,91,0,2,2,180,90,90,0
894900,2028,6,13,0,0,0,0,0,91,91,0,2,2,180,90,90,0
895000,2028,6,13,0,0,0,0,0,91,91,0,2,2,180,90,90,0
895100,2028,6,14,0,0,0,0,0,91,91,0,2,2,180,90,90,0
895200,2028,6,14,0,0,0,0,0,91,91,0,2,2,180,90,90,0
895300,2028,6,14,0,0,0,0,0,91,91,0,2,2,180,90,90,0
895400,2028,6,14,0,0,0,0,0,91,91,0,2,2,180,90,90,0
895500,2028,6,14,0,0,0,0,0,91,91,0,2,2,180,90,90,0
895600,2028,6,14,0,0,0,0,0,91,91,0,2,2,180,90,90,0
895700,2028,6,14,0,0,0,0,0,91,91,0,2,2,180,90,90,0
895800,2028,6,14,0,0,0,0,0,91,91,0,2,2,180,90,90,0
895900,2028,6,14,0,0,0,0,0,91,91,0,2,2,180,90,90,0
896000,2028,6,14,0,0,0,0,0,91,91,0,2,2,180,90,90,0
896100,2028,6,15,0,0,0,0,0,91,91,0,2,2,180,90,90,0
896200,2028,6,15,0,0,0,0,0,91,91,0,2,2,180,90,90,0
896300,2028,6,15,0,0,0,0,0,91,91,0,2,2,180,90,90,0
896400,2028,6,15,0,0,0,0,0,91,91,0,2,2,180,90,90,0
896500,2028,6,15,0,0,0,0,0,91,91,0,2,2,180,90,90,0
896600,2028,6,15,0,0,0,0,0,91,91,0,2,2,180,90,90,0
896700,2028,6,15,0,0,0,0,0,91,91,0,2,2,180,90,90,0
896800,2028,6,15,0,0,0,0,0,91,91,0,2,2,180,90,90,0
896900,2028,6,15,0,0,0,0,0,91,91,0,2,2,180,90,90,0
897000,2028,6,15,0,0,0,0,0,91,91,0,2,2,180,90,90,0
897100,2028,6,16,0,0,0,0,0,91,91,0,2,2,180,90,90,0
897200,2028,6,16,0,0,0,0,0,91,91,0,2,2,180,90,90,0
897300,2028,6,16,0,0,0,0,0,91,91,0,2,2,180,90,90,0
897400,2028,6,16,0,0,0,0,0,91,91,0,2,2,180,90,90,0
897500,2028,6,16,0,0,0,0,0,91,91,0,2,2,180,90,90,0
897600,2028,6,16,0,0,0,0,0,91,91,0,2,2,180,90,90,0
897700,2028,6,16,0,0,0,0,0,91,91,0,2,2,180,90,90,0
897800,2028,6,16,0,0,0,0,0,91,91,0,2,2,180,90,90,0
897900,2028,6,16,0,0,0,0,0,91,91,0,2,2,180,90,90,0
898000,2028,6,16,0,0,0,0,0,91,91,0,2,2,180,90,90,0
898100,2028,6,17,0,0,0,0,0,91,91,0,2,2,180,90,90,0
898200,2028,6,17,0,0,0,0,0,91,91,0,2,2,180,90,90,0
898300,2028,6,17,0,0,0,0,0,91,91,0,2,2,180,90,90,0
898400,2028,6,17,0,0,0,0,0,91,91,0,2,2,180,90,90,0
898500,2028,6,17,0,0,0,0,0,91,91,0,2,2,180,90,90,0
898600,2028,6,17,0,0,0,0,0,91,91,0,2,2,180,90,90,0
898700,2028,6,17,0,0,0,0,0,91,91,0,2,2,180,90,90,0
898800,2028,6,17,0,0,0,0,0,91,91,0,2,2,180,90,90,0
898900,2028,6,17,0,0,0,0,0,91,91,0,2,2,180,90,90,0
899000,2028,6,17,0,0,0,0,0,91,91,0,2,2,180,90,90,0
899100,2028,6,18,0,0,0,0,0,91,91,0,2,2,180,90,90,0
899200,2028,6,18,0,0,0,0,0,91,91,0,2,2,180,90,90,0
899300,2028,6,18,0,0,0,0,0,91,91,0,2,2,180,90,90,0
899400,2028,6,18,0,0,0,0,0,91,91,0,2,2,180,90,90,0
899500,2028,6,18,0,0,0,0,0,91,91,0,2,2,180,90,90,0
899600,2028,6,18,0,0,0,0,0,91,91,0,2,2,180,90,90,0
899700,2028,6,18,0,0,0,0,0,91,91,0,2,2,180,90,90,0
899800,2028,6,18,0,0,0,0,0,91,91,0,2,2,180,90,90,0
899900,2028,6,18,0,0,0,0,0,91,91,0,2,2,180,90,90,0
900000,2028,6,18,0,0,0,0,0,91,91,0,2,2,180,90,90,0
900100,2028,6,19,0,0,0,0,0,91,91,0,2,2,180,90,90,0
900200,2028,6,19,0,0,0,0,0,91,91,0,2,2,180,90,90,0
900300,2028,6,19,0,0,0,0,0,91,91,0,2,2,180,90,90,0
900400,2028,6,19,0,0,0,0,0,91,91,0,2,2,180,90,90,0
900500,2028,6,19,0,0,0,0,0,91,91,0,2,2,180,90,90,0
900600,2028,6,19,0,0,0,0,0,91,91,0,2,2,180,90,90,0
900700,2028,6,19,0,0,0,0,0,91,91,0,2,2,180,90,90,0
900800,2028,6,19,0,0,0,0,0,91,91,0,2,2,180,90,90,0
900900,2028,6,19,0,0,0,0,0,91,91,0,2,2,180,90,90,0
901000,2028,6,19,0,0,0,0,0,91,91,0,2,2,180,90,90,0
901100,2028,6,20,0,0,0,0,0,91,91,0,2,2,180,90,90,0
901200,2028,6,20,0,0,0,0,0,91,91,0,2,2,180,90,90,0
901300,2028,6,20,0,0,0,0,0,91,91,0,2,2,180,90,90,0
901400,2028,6,20,0,0,0,0,0,91,91,0,2,2,180,90,90,0
901500,2028,6,20,0,0,0,0,0,91,91,0,2,2,180,90,90,0
901600,2028,6,20,0,0,0,0,0,91,91,0,2,2,180,90,90,0
901700,2028,6,20,0,0,0,0,0,91,91,0,2,2,180,90,90,0
901800,2028,6,20,0,0,0,0,0,91,91,0,2,2,180,90,90,0
901900,2028,6,20,0,0,0,0,0,91,91,0,2,2,180,90,90,0
902000,2028,6,20,0,0,0,0,0,91,91,0,2,2,180,90,90,0
902100,2028,6,21,0,0,0,0,0,91,91,0,2,2,180,90,90,0
902200,2028,6,21,0,0,0,0,0,91,91,0,2,2,180,90,90,0
902300,2028,6,21,0,0,0,0,0,91,91,0,2,2,180,90,90,0
902400,2028,6,21,0,0,0,0,0,91,91,0,2,2,180,90,90,0
902500,2028,6,21,0,0,0,0,0,91,91,0,2,2,180,90,90,0
902600,2028,6,21,0,0,0,0,0,91,91,0,2,2,180,90,90,0
902700,2028,6,21,0,0,0,0,0,91,91,0,2,2,180,90,90,0
902800,2028,6,21,0,0,0,0,0,91,91,0,2,2,180,90,90,0
902900,2028,6,21,0,0,0,0,0,91,91,0,2,2,180,90,90,0
903000,2028,6,21,0,0,0,0,0,91,91,0,2,2,180,90,90,0
903100,2028,6,22,0,0,0,0,0,91,91,0,2,2,180,90,90,0
903200,2028,6,22,0,0,0,0,0,91,91,0,2,2,180,90,90,0
903300,2028,6,22,0,0,0,0,0,91,91,0,2,2,180,90,90,0
903400,2028,6,22,0,0,0,0,0,91,91,0,2,2,180,90,90,0
903500,2028,6,22,0,0,0,0,0,91,91,0,2,2,180,90,90,0
903600,2028,6,22,0,0,0,0,0,91,91,0,2,2,180,90,90,0
903700,2028,6,22,0,0,0,0,0,91,91,0,2,2,180,90,90,0
903800,2028,6,22,0,0,0,0,0,91,91,0,2,2,180,90,90,0
903900,2028,6,22,0,0,0,0,0,91,91,0,2,2,180,90,90,0
904000,2028,6,22,0,0,0,0,0,91,91,0,2,2,180,90,90,0
904100,2028,6,23,0,0,0,0,0,91,91,0,2,2,180,90,90,0
904200,2028,6,23,0,0,0,0,0,91,91,0,2,2,180,90,90,0
904300,2028,6,23,0,0,0,0,0,91,91,0,2,2,180,90,90,0
904400,2028,6,23,0,0,0,0,0,91,91,0,2,2,180,90,90,0
904500,2028,6,23,0,0,0,0,0,91,91,0,2,2,180,90,90,0
904600,2028,6,23,0,0,0,0,0,91,91,0,2,2,180,90,90,0
904700,2028,6,23,0,0,0,0,0,91,91,0,2,2,180,90,90,0
904800,2028,6,23,0,0,0,0,0,91,91,0,2,2,180,90,90,0
904900,2028,6,23,0,0,0,0,0,91,91,0,2,2,180,90,90,0
905000,2028,6,23,0,0,0,0,0,91,91,0,2,2,180,90,90,0
905100,2028,6,24,0,0,0,0,0,91,91,0,2,2,180,90,90,0
905200,2028,6,24,0,0,0,0,0,91,91,0,2,2,180,90,90,0
905300,2028,6,24,0,0,0,0,0,91,91,0,2,2,180,90,90,0
905400,2028,6,24,0,0,0,0,0,91,91,0,2,2,180,90,90,0
905500,2028,6,24,0,0,0,0,0,91,91,0,2,2,180,90,90,0
905600,2028,6,24,0,0,0,0,0,91,91,0,2,2,180,90,90,0
905700,2028,6,24,0,0,0,0,0,91,91,0,2,2,180,90,90,0
905800,2028,6,24,0,0,0,0,0,91,91,0,2,2,180,90,90,0
905900,2028,6,24,0,0,0,0,0,91,91,0,2,2,180,90,90,0
906000,2028,6,24,0,0,0,0,0,91,91,0,2,2,180,90,90,0
906100,2028,6,25,0,0,0,0,0,91,91,0,2,2,180,90,90,0
906200,2028,6,25,0,0,0,0,0,91,91,0,2,2,180,90,90,0
906300,2028,6,25,0,0,0,0,0,91,91,0,2,2,180,90,90,0
906400,2028,6,25,0,0,0,0,0,91,91,0,2,2,180,90,90,0
906500,2028,6,25,0,0,0,0,0,91,91,0,2,2,180,90,90,0
906600,2028,6,25,0,0,0,0,0,91,91,0,2,2,180,90,90,0
906700,2028,6,25,0,0,0,0,0,91,91,0,2,2,180,90,90,0
906800,2028,6,25,0,0,0,0,0,91,91,0,2,2,180,90,90,0
906900,2028,6,25,0,0,0,0,0,91,91,0,2,2,180,90,90,0
907000,2028,6,25,0,0,0,0,0,91,91,0,2,2,180,90,90,0
907100,2028,6,26,0,0,0,0,0,91,91,0,2,2,180,90,90,0
907200,2028,6,26,0,0,0,0,0,91,91,0,2,2,180,90,90,0
907300,2028,6,26,0,0,0,0,0,91,91,0,2,2,180,90,90,0
907400,2028,6,26,0,0,0,0,0,91,91,0,2,2,180,90,90,0
907500,2028,6,26,0,0,0,0,0,91,91,0,2,2,180,90,90,0
907600,2028,6,26,0,0,0,0,0,91,91,0,2,2,180,90,90,0
907700,2028,6,26,0,0,0,0,0,91,91,0,2,2,180,90,90,0
907800,2028,6,26,0,0,0,0,0,91,91,0,2,2,180,90,90,0
907900,2028,6,26,0,0,0,0,0,91,91,0,2,2,180,90,90,0
908000,2028,6,26,0,0,0,0,0,91,91,0,2,2,180,90,90,0
908100,2028,6,27,0,0,0,0,0,91,91,0,2,2,180,90,90,0
908200,2028,6,27,0,0,0,0,0,91,91,0,2,2,180,90,90,0
908300,2028,6,27,0,0,0,0,0,91,91,0,2,2,180,90,90,0
908400,2028,6,27,0,0,0,0,0,91,91,0,2,2,180,90,90,0
908500,2028,6,27,0,0,0,0,0,91,91,0,2,2,180,90,90,0
908600,2028,6,27,0,0,0,0,0,91,91,0,2,2,180,90,90,0
908700,2028,6,27,0,0,0,0,0,91,91,0,2,2,180,90,90,0
908800,2028,6,27,0,0,0,0,0,91,91,0,2,2,180,90,90,0
908900,2028,6,27,0,0,0,0,0,91,91,0,2,2,180,90,90,0
909000,2028,6,27,0,0,0,0,0,91,91,0,2,2,180,90,90,0
909100,2028,6,28,0,0,0,0,0,91,91,0,2,2,180,90,90,0
909200,2028,6,28,0,0,0,0,0,91,91,0,2,2,180,90,90,0
909300,2028,6,28,0,0,0,0,0,91,91,0,2,2,180,90,90,0
909400,2028,6,28,0,0,0,0,0,91,91,0,2,2,180,90,90,0
909500,2028,6,28,0,0,0,0,0,91,91,0,2,2,180,90,90,0
909600,2028,6,28,0,0,0,0,0,91,91,0,2,2,180,90,90,0
909700,2028,6,28,0,0,0,0,0,91,91,0,2,2,180,90,90,0
909800,2028,6,28,0,0,0,0,0,91,91,0,2,2,180,90,90,0
909900,2028,6,28,0,0,0,0,0,91,91,0,2,2,180,90,90,0
910000,2028,6,28,0,0,0,0,0,91,91,0,2,2,180,90,90,0
910100,2028,6,29,0,0,0,0,0,91,91,0,2,2,180,90,90,0
910200,2028,6,29,0,0,0,0,0,91,91,0,2,2,180,90,90,0
910300,2028,6,29,0,0,0,0,0,91,91,0,2,2,180,90,90,0
910400,2028,6,29,0,0,0,0,0,91,91,0,2,2,180,90,90,0
910500,2028,6,29,0,0,0,0,0,91,91,0,2,2,180,90,90,0
910600,2028,6,29,0,0,0,0,0,91,91,0,2,2,180,90,90,0
910700,2028,6,29,0,0,0,0,0,91,91,0,2,2,180,90,90,0
910800,2028,6,29,0,0,0,0,0,91,91,0,2,2,180,90,90,0
910900,2028,6,29,0,0,0,0,0,91,91,0,2,2,180,90,90,0
911000,2028,6,29,0,0,0,0,0,91,91,0,2,2,180,90,90,0
911100,2028,6,30,0,0,0,0,0,91,91,0,2,2,180,90,90,0
911200,2028,6,30,0,0,0,0,0,91,91,0,2,2,180,90,90,0
911300,2028,6,30,0,0,0,0,0,91,91,0,2,2,180,90,90,0
911400,2028,6,30,0,0,0,0,0,91,91,0,2,2,180,90,90,0
911500,2028,6,30,0,0,0,0,0,91,91,0,2,2,180,90,90,0
911600,2028,6,30,0,0,0,0,0,91,91,0,2,2,180,90,90,0
911700,2028,6,30,0,0,0,0,0,91,91,0,2,2,180,90,90,0
911800,2028,6,30,0,0,0,0,0,91,91,0,2,2,180,90,90,0
911900,2028,6,30,0,0,0,0,0,91,91,0,2,2,180,90,90,0
912000,2028,6,30,0,0,0,0,0,91,91,0,2,2,180,90,90,0
912100,2028,7,1,0,0,0,0,0,91,91,0,2,2,180,90,90,0
912200,2028,7,1,0,0,0,0,0,91,91,0,2,2,180,90,90,0
912300,2028,7,1,0,0,0,0,0,91,91,0,2,2,180,90,90,0
912400,2028,7,1,0,0,0,0,0,91,91,0,2,2,180,90,90,0
912500,2028,7,1,0,0,0,0,0,91,91,0,2,2,180,90,90,0
912600,2028,7,1,0,0,0,0,0,91,91,0,2,2,180,90,90,0
912700,2028,7,1,0,0,0,0,0,91,91,0,2,2,180,90,90,0
912800,2028,7,1,0,0,0,0,0,91,91,0,2,2,180,90,90,0
912900,2028,7,1,0,0,0,0,0,91,91,0,2,2,180,90,90,0
913000,2028,7,1,0,0,0,0,0,91,91,0,2,2,180,90,90,0
913100,2028,7,2,0,0,0,0,0,91,91,0,2,2,180,90,90,0
913200,2028,7,2,0,0,0,0,0,91,91,0,2,2,180,90,90,0
913300,2028,7,2,0,0,0,0,0,91,91,0,2,2,180,90,90,0
913400,2028,7,2,0,0,0,0,0,91,91,0,2,2,180,90,90,0
913500,2028,7,2,0,0,0,0,0,91,91,0,2,2,180,90,90,0
913600,2028,7,2,0,0,0,0,0,91,91,0,2,2,180,90,90,0
913700,2028,7,2,0,0,0,0,0,91,91,0,2,2,180,90,90,0
913800,2028,7,2,0,0,0,0,0,91,91,0,2,2,180,90,90,0
913900,2028,7,2,0,0,0,0,0,91,91,0,2,2,180,90,90,0
914000,2028,7,2,0,0,0,0,0,91,91,0,2,2,180,90,90,0
914100,2028,7,3,0,0,0,0,0,91,91,0,2,2,180,90,90,0
914200,2028,7,3,0,0,0,0,0,91,91,0,2,2,180,90,90,0
914300,2028,7,3,0,0,0,0,0,91,91,0,2,2,180,90,90,0
914400,2028,7,3,0,0,0,0,0,91,91,0,2,2,180,90,90,0
914500,2028,7,3,0,0,0,0,0,91,91,0,2,2,180,90,90,0
914600,2028,7,3,0,0,0,0,0,91,91,0,2,2,180,90,90,0
914700,2028,7,3,0,0,0,0,0,91,91,0,2,2,180,90,90,0
914800,2028,7,3,0,0,0,0,0,91,91,0,2,2,180,90,90,0
914900,2028,7,3,0,0,0,0,0,91,91,0,2,2,180,90,90,0
915000,2028,7,3,0,0,0,0,0,91,91,0,2,2,180,90,90,0
915100,2028,7,4,0,0,0,0,0,91,91,0,2,2,180,90,90,0
915200,2028,7,4,0,0,0,0,0,91,91,0,2,2,180,90,90,0
915300,2028,7,4,0,0,0,0,0,91,91,0,2,2,180,90,90,0
915400,2028,7,4,0,0,0,0,0,91,91,0,2,2,180,90,90,0
915500,2028,7,4,0,0,0,0,0,91,91,0,2,2,180,90,90,0
915600,2028,7,4,0,0,0,0,0,91,91,0,2,2,180,90,90,0
915700,2028,7,4,0,0,0,0,0,91,91,0,2,2,180,90,90,0
915800,2028,7,4,0,0,0,0,0,91,91,0,2,2,180,90,90,0
915900,2028,7,4,0,0,0,0,0,91,91,0,2,2,180,90,90,0
916000,2028,7,4,0,0,0,0,0,91,91,0,2,2,180,90,90,0
916100,2028,7,5,0,0,0,0,0,91,91,0,2,2,180,90,90,0
916200,2028,7,5,0,0,0,0,0,91,91,0,2,2,180,90,90,0
916300,2028,7,5,0,0,0,0,0,91,91,0,2,2,180,90,90,0
916400,2028,7,5,0,0,0,0,0,91,91,0,2,2,180,90,90,0
916500,2028,7,5,0,0,0,0,0,91,91,0,2,2,180,90,90,0
916600,2028,7,5,0,0,0,0,0,91,91,0,2,2,180,90,90,0
916700,2028,7,5,0,0,0,0,0,91,91,0,2,2,180,90,90,0
916800,2028,7,5,0,0,0,0,0,91,91,0,2,2,180,90,90,0
916900,2028,7,5,0,0,0,0,0,91,91,0,2,2,180,90,90,0
917000,2028,7,5,0,0,0,0,0,91,91,0,2,2,180,90,90,0
917100,2028,7,6,0,0,0,0,0,91,91,0,2,2,180,90,90,0
917200,2028,7,6,0,0,0,0,0,91,91,0,2,2,180,90,90,0
917300,2028,7,6,0,0,0,0,0,91,91,0,2,2,180,90,90,0
917400,2028,7,6,0,0,0,0,0,91,91,0,2,2,180,90,90,0
917500,2028,7,6,0,0,0,0,0,91,91,0,2,2,180,90,90,0
917600,2028,7,6,0,0,0,0,0,91,91,0,2,2,180,90,90,0
917700,2028,7,6,0,0,0,0,0,91,91,0,2,2,180,90,90,0
917800,2028,7,6,0,0,0,0,0,91,91,0,2,2,180,90,90,0
917900,2028,7,6,0,0,0,0,0,91,91,0,2,2,180,90,90,0
918000,2028,7,6,0,0,0,0,0,91,91,0,2,2,180,90,90,0
918100,2028,7,7,0,0,0,0,0,91,91,0,2,2,180,90,90,0
918200,2028,7,7,0,0,0,0,0,91,91,0,2,2,180,90,90,0
918300,2028,7,7,0,0,0,0,0,91,91,0,2,2,180,90,90,0
918400,2028,7,7,0,0,0,0,0,91,91,0,2,2,180,90,90,0
918500,2028,7,7,0,0,0,0,0,91,91,0,2,2,180,90,90,0
918600,2028,7,7,0,0,0,0,0,91,91,0,2,2,180,90,90,0
918700,2028,7,7,0,0,0,0,0,91,91,0,2,2,180,90,90,0
918800,2028,7,7,0,0,0,0,0,91,91,0,2,2,180,90,90,0
918900,2028,7,7,0,0,0,0,0,91,91,0,2,2,180,90,90,0
919000,2028,7,7,0,0,0,0,0,91,91,0,2,2,180,90,90,0
919100,2028,7,8,0,0,0,0,0,91,91,0,2,2,180,90,90,0
919200,2028,7,8,0,0,0,0,0,91,91,0,2,2,180,90,90,0
919300,2028,7,8,0,0,0,0,0,91,91,0,2,2,180,90,90,0
919400,2028,7,8,0,0,0,0,0,91,91,0,2,2,180,90,90,0
919500,2028,7,8,0,0,0,0,0,91,91,0,2,2,180,90,90,0
919600,2028,7,8,0,0,0,0,0,91,91,0,2,2,180,90,90,0
919700,2028,7,8,0,0,0,0,0,91,91,0,2,2,180,90,90,0
919800,2028,7,8,0,0,0,0,0,91,91,0,2,2,180,90,90,0
919900,2028,7,8,0,0,0,0,0,91,91,0,2,2,180,90,90,0
920000,2028,7,8,0,0,0,0,0,91,91,0,2,2,180,90,90,0
920100,2028,7,9,0,0,0,0,0,91,91,0,2,2,180,90,90,0
920200,2028,7,9,0,0,0,0,0,91,91,0,2,2,180,90,90,0
920300,2028,7,9,0,0,0,0,0,91,91,0,2,2,180,90,90,0
920400,2028,7,9,0,0,0,0,0,91,91,0,2,2,180,90,90,0
920500,2028,7,9,0,0,0,0,0,91,91,0,2,2,180,90,90,0
920600,2028,7,9,0,0,0,0,0,91,91,0,2,2,180,90,90,0
920700,2028,7,9,0,0,0,0,0,91,91,0,2,2,180,90,90,0
920800,2028,7,9,0,0,0,0,0,91,91,0,2,2,180,90,90,0
920900,2028,7,9,0,0,0,0,0,91,91,0,2,2,180,90,90,0
921000,2028,7,9,0,0,0,0,0,91,91,0,2,2,180,90,90,0
921100,2028,7,10,0,0,0,0,0,91,91,0,2,2,180,90,90,0
921200,2028,7,10,0,0,0,0,0,91,91,0,2,2,180,90,90,0
921300,2028,7,10,0,0,0,0,0,91,91,0,2,2,180,90,90,0
921400,2028,7,10,0,0,0,0,0,91,91,0,2,2,180,90,90,0
921500,2028,7,10,0,0,0,0,0,91,91,0,2,2,180,90,90,0
921600,2028,7,10,0,0,0,0,0,91,91,0,2,2,180,90,90,0
921700,2028,7,10,0,0,0,0,0,91,91,0,2,2,180,90,90,0
921800,2028,7,10,0,0,0,0,0,91,91,0,2,2,180,90,90,0
921900,2028,7,10,0,0,0,0,0,91,91,0,2,2,180,90,90,0
922000,2028,7,10,0,0,0,0,0,91,91,0,2,2,180,90,90,0
922100,2028,7,11,0,0,0,0,0,91,91,0,2,2,180,90,90,0
922200,2028,7,11,0,0,0,0,0,91,91,0,2,2,180,90,90,0
922300,2028,7,11,0,0,0,0,0,91,91,0,2,2,180,90,90,0
922400,2028,7,11,0,0,0,0,0,91,91,0,2,2,180,90,90,0
922500,2028,7,11,0,0,0,0,0,91,91,0,2,2,180,90,90,0
922600,2028,7,11,0,0,0,0,0,91,91,0,2,2,180,90,90,0
922700,2028,7,11,0,0,0,0,0,91,91,0,2,2,180,90,90,0
922800,2028,7,11,0,0,0,0,0,91,91,0,2,2,180,90,90,0
922900,2028,7,11,0,0,0,0,0,91,91,0,2,2,180,90,90,0
923000,2028,7,11,0,0,0,0,0,91,91,0,2,2,180,90,90,0
923100,2028,7,12,0,0,0,0,0,91,91,0,2,2,180,90,90,0
923200,2028,7,12,0,0,0,0,0,91,91,0,2,2,180,90,90,0
923300,2028,7,12,0,0,0,0,0,91,91,0,2,2,180,90,90,0
923400,2028,7,12,0,0,0,0,0,91,91,0,2,2,180,90,90,0
923500,2028,7,12,0,0,0,0,0,91,91,0,2,2,180,90,90,0
923600,2028,7,12,0,0,0,0,0,91,91,0,2,2,180,90,90,0
923700,2028,7,12,0,0,0,0,0,91,91,0,2,2,180,90,90,0
923800,2028,7,12,0,0,0,0,0,91,91,0,2,2,180,90,90,0
923900,2028,7,12,0,0,0,0,0,91,91,0,2,2,180,90,90,0
924000,2028,7,12,0,0,0,0,0,91,91,0,2,2,180,90,90,0
924100,2028,7,13,0,0,0,0,0,91,91,0,2,2,180,90,90,0
924200,2028,7,13,0,0,0,0,0,91,91,0,2,2,180,90,90,0
924300,2028,7,13,0,0,0,0,0,91,91,0,2,2,180,90,90,0
924400,2028,7,13,0,0,0,0,0,91,91,0,2,2,180,90,90,0
924500,2028,7,13,0,0,0,0,0,91,91,0,2,2,180,90,90,0
924600,2028,7,13,0,0,0,0,0,91,91,0,2,2,180,90,90,0
924700,2028,7,13,0,0,0,0,0,91,91,0,2,2,180,90,90,0
924800,2028,7,13,0,0,0,0,0,91,91,0,2,2,180,90,90,0
924900,2028,7,13,0,0,0,0,0,91,91,0,2,2,180,90,90,0
925000,2028,7,13,0,0,0,0,0,91,91,0,2,2,180,90,90,0
925100,2028,7,14,0,0,0,0,0,91,91,0,2,2,180,90,90,0
925200,2028,7,14,0,0,0,0,0,91,91,0,2,2,180,90,90,0
925300,2028,7,14,0,0,0,0,0,91,91,0,2,2,180,90,90,0
925400,2028,7,14,0,0,0,0,0,91,91,0,2,2,180,90,90,0
925500,2028,7,14,0,0,0,0,0,91,91,0,2,2,180,90,90,0
925600,2028,7,14,0,0,0,0,0,91,91,0,2,2,180,90,90,0
925700,2028,7,14,0,0,0,0,0,91,91,0,2,2,180,90,90,0
925800,2028,7,14,0,0,0,0,0,91,91,0,2,2,180,90,90,0
925900,2028,7,14,0,0,0,0,0,91,91,0,2,2,180,90,90,0
926000,2028,7,14,0,0,0,0,0,91,91,0,2,2,180,90,90,0
926100,2028,7,15,0,0,0,0,0,91,91,0,2,2,180,90,90,0
926200,2028,7,15,0,0,0,0,0,91,91,0,2,2,180,90,90,0
926300,2028,7,15,0,0,0,0,0,91,91,0,2,2,180,90,90,0
926400,2028,7,15,0,0,0,0,0,91,91,0,2,2,180,90,90,0
926500,2028,7,15,0,0,0,0,0,91,91,0,2,2,180,90,90,0
926600,2028,7,15,0,0,0,0,0,91,91,0,2,2,180,90,90,0
926700,2028,7,15,0,0,0,0,0,91,91,0,2,2,180,90,90,0
926800,2028,7,15,0,0,0,0,0,91,91,0,2,2,180,90,90,0
926900,2028,7,15,0,0,0,0,0,91,91,0,2,2,180,90,90,0
927000,2028,7,15,0,0,0,0,0,91,91,0,2,2,180,90,90,0
927100,2028,7,16,0,0,0,0,0,91,91,0,2,2,180,90,90,0
927200,2028,7,16,0,0,0,0,0,91,91,0,2,2,180,90,90,0
927300,2028,7,16,0,0,0,0,0,91,91,0,2,2,180,90,90,0
927400,2028,7,16,0,0,0,0,0,91,91,0,2,2,180,90,90,0
927500,2028,7,16,0,0,0,0,0,91,91,0,2,2,180,90,90,0
927600,2028,7,16,0,0,0,0,0,91,91,0,2,2,180,90,90,0
927700,2028,7,16,0,0,0,0,0,91,91,0,2,2,180,90,90,0
927800,2028,7,16,0,0,0,0,0,91,91,0,2,2,180,90,90,0
927900,2028,7,16,0,0,0,0,0,91,91,0,2,2,180,90,90,0
928000,2028,7,16,0,0,0,0,0,91,91,0,2,2,180,90,90,0
928100,2028,7,17,0,0,0,0,0,91,91,0,2,2,180,90,90,0
928200,2028,7,17,0,0,0,0,0,91,91,0,2,2,180,90,90,0
928300,2028,7,17,0,0,0,0,0,91,91,0,2,2,180,90,90,0
928400,2028,7,17,0,0,0,0,0,91,91,0,2,2,180,90,90,0
928500,2028,7,17,0,0,0,0,0,91,91,0,2,2,180,90,90,0
928600,2028,7,17,0,0,0,0,0,91,91,0,2,2,180,90,90,0
928700,2028,7,17,0,0,0,0,0,91,91,0,2,2,180,90,90,0
928800,2028,7,17,0,0,0,0,0,91,91,0,2,2,180,90,90,0
928900,2028,7,17,0,0,0,0,0,91,91,0,2,2,180,90,90,0
929000,2028,7,17,0,0,0,0,0,91,91,0,2,2,180,90,90,0
929100,2028,7,18,0,0,0,0,0,91,91,0,2,2,180,90,90,0
929200,2028,7,18,0,0,0,0,0,91,91,0,2,2,180,90,90,0
929300,2028,7,18,0,0,0,0,0,91,91,0,2,2,180,90,90,0
929400,2028,7,18,0,0,0,0,0,91,91,0,2,2,180,90,90,0
929500,2028,7,18,0,0,0,0,0,91,91,0,2,2,180,90,90,0
929600,2028,7,18,0,0,0,0,0,91,91,0,2,2,180,90,90,0
929700,2028,7,18,0,0,0,0,0,91,91,0,2,2,180,90,90,0
929800,2028,7,18,0,0,0,0,0,91,91,0,2,2,180,90,90,0
929900,2028,7,18,0,0,0,0,0,91,91,0,2,2,180,90,90,0
930000,2028,7,18,0,0,0,0,0,91,91,0,2,2,180,90,90,0
930100,2028,7,19,0,0,0,0,0,91,91,0,2,2,180,90,90,0
930200,2028,7,19,0,0,0,0,0,91,91,0,2,2,180,90,90,0
930300,2028,7,19,0,0,0,0,0,91,91,0,2,2,180,90,90,0
930400,2028,7,19,0,0,0,0,0,91,91,0,2,2,180,90,90,0
930500,2028,7,19,0,0,0,0,0,91,91,0,2,2,180,90,90,0
930600,2028,7,19,0,0,0,0,0,91,91,0,2,2,180,90,90,0
930700,2028,7,19,0,0,0,0,0,91,91,0,2,2,180,90,90,0
930800,2028,7,19,0,0,0,0,0,91,91,0,2,2,180,90,90,0
930900,2028,7,19,0,0,0,0,0,91,91,0,2,2,180,90,90,0
931000,2028,7,19,0,0,0,0,0,91,91,0,2,2,180,90,90,0
931100,2028,7,20,0,0,0,0,0,91,91,0,2,2,180,90,90,0
931200,2028,7,20,0,0,0,0,0,91,91,0,2,2,180,90,90,0
931300,2028,7,20,0,0,0,0,0,91,91,0,2,2,180,90,90,0
931400,2028,7,20,0,0,0,0,0,91,91,0,2,2,180,90,90,0
931500,2028,7,20,0,0,0,0,0,91,91,0,2,2,180,90,90,0
931600,2028,7,20,0,0,0,0,0,91,91,0,2,2,180,90,90,0
931700,2028,7,20,0,0,0,0,0,91,91,0,2,2,180,90,90,0
931800,2028,7,20,0,0,0,0,0,91,91,0,2,2,180,90,90,0
931900,2028,7,20,0,0,0,0,0,91,91,0,2,2,180,90,90,0
932000,2028,7,20,0,0,0,0,0,91,91,0,2,2,180,90,90,0
932100,2028,7,21,0,0,0,0,0,91,91,0,2,2,180,90,90,0
932200,2028,7,21,0,0,0,0,0,91,91,0,2,2,180,90,90,0
932300,2028,7,21,0,0,0,0,0,91,91,0,2,2,180,90,90,0
932400,2028,7,21,0,0,0,0,0,91,91,0,2,2,180,90,90,0
932500,2028,7,21,0,0,0,0,0,91,91,0,2,2,180,90,90,0
932600,2028,7,21,0,0,0,0,0,91,91,0,2,2,180,90,90,0
932700,2028,7,21,0,0,0,0,0,91,91,0,2,2,180,90,90,0
932800,2028,7,21,0,0,0,0,0,91,91,0,2,2,180,90,90,0
932900,2028,7,21,0,0,0,0,0,91,91,0,2,2,180,90,90,0
933000,2028,7,21,0,0,0,0,0,91,91,0,2,2,180,90,90,0
933100,2028,7,22,0,0,0,0,0,91,91,0,2,2,180,90,90,0
933200,2028,7,22,0,0,0,0,0,91,91,0,2,2,180,90,90,0
933300,2028,7,22,0,0,0,0,0,91,91,0,2,2,180,90,90,0
933400,2028,7,22,0,0,0,0,0,91,91,0,2,2,180,90,90,0
933500,2028,7,22,0,0,0,0,0,91,91,0,2,2,180,90,90,0
933600,2028,7,22,0,0,0,0,0,91,91,0,2,2,180,90,90,0
933700,2028,7,22,0,0,0,0,0,91,91,0,2,2,180,90,90,0
933800,2028,7,22,0,0,0,0,0,91,91,0,2,2,180,90,90,0
933900,2028,7,22,0,0,0,0,0,91,91,0,2,2,180,90,90,0
934000,2028,7,22,0,0,0,0,0,91,91,0,2,2,180,90,90,0
934100,2028,7,23,0,0,0,0,0,91,91,0,2,2,180,90,90,0
934200,2028,7,23,0,0,0,0,0,91,91,0,2,2,180,90,90,0
934300,2028,7,23,0,0,0,0,0,91,91,0,2,2,180,90,90,0
934400,2028,7,23,0,0,0,0,0,91,91,0,2,2,180,90,90,0
934500,2028,7,23,0,0,0,0,0,91,91,0,2,2,180,90,90,0
934600,2028,7,23,0,0,0,0,0,91,91,0,2,2,180,90,90,0
934700,2028,7,23,0,0,0,0,0,91,91,0,2,2,180,90,90,0
934800,2028,7,23,0,0,0,0,0,91,91,0,2,2,180,90,90,0
934900,2028,7,23,0,0,0,0,0,91,91,0,2,2,180,90,90,0
935000,2028,7,23,0,0,0,0,0,91,91,0,2,2,180,90,90,0
935100,2028,7,24,0,0,0,0,0,91,91,0,2,2,180,90,90,0
935200,2028,7,24,0,0,0,0,0,91,91,0,2,2,180,90,90,0
935300,2028,7,24,0,0,0,0,0,91,91,0,2,2,180,90,90,0
935400,2028,7,24,0,0,0,0,0,91,91,0,2,2,180,90,90,0
935500,2028,7,24,0,0,0,0,0,91,91,0,2,2,180,90,90,0
935600,2028,7,24,0,0,0,0,0,91,91,0,2,2,180,90,90,0
935700,2028,7,24,0,0,0,0,0,91,91,0,2,2,180,90,90,0
935800,2028,7,24,0,0,0,0,0,91,91,0,2,2,180,90,90,0
935900,2028,7,24,0,0,0,0,0,91,91,0,2,2,180,90,90,0
936000,2028,7,24,0,0,0,0,0,91,91,0,2,2,180,90,90,0
936100,2028,7,25,0,0,0,0,0,91,91,0,2,2,180,90,90,0
936200,2028,7,25,0,0,0,0,0,91,91,0,2,2,180,90,90,0
936300,2028,7,25,0,0,0,0,0,91,91,0,2,2,180,90,90,0
936400,2028,7,25,0,0,0,0,0,91,91,0,2,2,180,90,90,0
936500,2028,7,25,0,0,0,0,0,91,91,0,2,2,180,90,90,0
936600,2028,7,25,0,0,0,0,0,91,91,0,2,2,180,90,90,0
936700,2028,7,25,0,0,0,0,0,91,91,0,2,2,180,90,90,0
936800,2028,7,25,0,0,0,0,0,91,91,0,2,2,180,90,90,0
936900,2028,7,25,0,0,0,0,0,91,91,0,2,2,180,90,90,0
937000,2028,7,25,0,0,0,0,0,91,91,0,2,2,180,90,90,0
937100,2028,7,26,0,0,0,0,0,91,91,0,2,2,180,90,90,0
937200,2028,7,26,0,0,0,0,0,91,91,0,2,2,180,90,90,0
937300,2028,7,26,0,0,0,0,0,91,91,0,2,2,180,90,90,0
937400,2028,7,26,0,0,0,0,0,91,91,0,2,2,180,90,90,0
937500,2028,7,26,0,0,0,0,0,91,91,0,2,2,180,90,90,0
937600,2028,7,26,0,0,0,0,0,91,91,0,2,2,180,90,90,0
937700,2028,7,26,0,0,0,0,0,91,91,0,2,2,180,90,90,0
937800,2028,7,26,0,0,0,0,0,91,91,0,2,2,180,90,90,0
937900,2028,7,26,0,0,0,0,0,91,91,0,2,2,180,90,90,0
938000,2028,7,26,0,0,0,0,0,91,91,0,2,2,180,90,90,0
938100,2028,7,27,0,0,0,0,0,91,91,0,2,2,180,90,90,0
938200,2028,7,27,0,0,0,0,0,91,91,0,2,2,180,90,90,0
938300,2028,7,27,0,0,0,0,0,91,91,0,2,2,180,90,90,0
938400,2028,7,27,0,0,0,0,0,91,91,0,2,2,180,90,90,0
938500,2028,7,27,0,0,0,0,0,91,91,0,2,2,180,90,90,0
938600,2028,7,27,0,0,0,0,0,91,91,0,2,2,180,90,90,0
938700,2028,7,27,0,0,0,0,0,91,91,0,2,2,180,90,90,0
938800,2028,7,27,0,0,0,0,0,91,91,0,2,2,180,90,90,0
938900,2028,7,27,0,0,0,0,0,91,91,0,2,2,180,90,90,0
939000,2028,7,27,0,0,0,0,0,91,91,0,2,2,180,90,90,0
939100,2028,7,28,0,0,0,0,0,91,91,0,2,2,180,90,90,0
939200,2028,7,28,0,0,0,0,0,91,91,0,2,2,180,90,90,0
939300,2028,7,28,0,0,0,0,0,91,91,0,2,2,180,90,90,0
939400,2028,7,28,0,0,0,0,0,91,91,0,2,2,180,90,90,0
939500,2028,7,28,0,0,0,0,0,91,91,0,2,2,180,90,90,0
939600,2028,7,28,0,0,0,0,0,91,91,0,2,2,180,90,90,0
939700,2028,7,28,0,0,0,0,0,91,91,0,2,2,180,90,90,0
939800,2028,7,28,0,0,0,0,0,91,91,0,2,2,180,90,90,0
939900,2028,7,28,0,0,0,0,0,91,91,0,2,2,180,90,90,0
940000,2028,7,28,0,0,0,0,0,91,91,0,2,2,180,90,90,0
940100,2028,7,29,0,0,0,0,0,91,91,0,2,2,180,90,90,0
940200,2028,7,29,0,0,0,0,0,91,91,0,2,2,180,90,90,0
940300,2028,7,29,0,0,0,0,0,91,91,0,2,2,180,90,90,0
940400,2028,7,29,0,0,0,0,0,91,91,0,2,2,180,90,90,0
940500,2028,7,29,0,0,0,0,0,91,91,0,2,2,180,90,90,0
940600,2028,7,29,0,0,0,0,0,91,91,0,2,2,180,90,90,0
940700,2028,7,29,0,0,0,0,0,91,91,0,2,2,180,90,90,0
940800,2028,7,29,0,0,0,0,0,91,91,0,2,2,180,90,90,0
940900,2028,7,29,0,0,0,0,0,91,91,0,2,2,180,90,90,0
941000,2028,7,29,0,0,0,0,0,91,91,0,2,2,180,90,90,0
941100,2028,7,30,0,0,0,0,0,91,91,0,2,2,180,90,90,0
941200,2028,7,30,0,0,0,0,0,91,91,0,2,2,180,90,90,0
941300,2028,7,30,0,0,0,0,0,91,91,0,2,2,180,90,90,0
941400,2028,7,30,0,0,0,0,0,91,91,0,2,2,180,90,90,0
941500,2028,7,30,0,0,0,0,0,91,91,0,2,2,180,90,90,0
941600,2028,7,30,0,0,0,0,0,91,91,0,2,2,180,90,90,0
941700,2028,7,30,0,0,0,0,0,91,91,0,2,2,180,90,90,0
941800,2028,7,30,0,0,0,0,0,91,91,0,2,2,180,90,90,0
941900,2028,7,30,0,0,0,0,0,91,91,0,2,2,180,90,90,0
942000,2028,7,30,0,0,0,0,0,91,91,0,2,2,180,90,90,0
942100,2028,7,31,0,0,0,0,0,91,91,0,2,2,180,90,90,0
942200,2028,7,31,0,0,0,0,0,91,91,0,2,2,180,90,90,0
942300,2028,7,31,0,0,0,0,0,91,91,0,2,2,180,90,90,0
942400,2028,7,31,0,0,0,0,0,91,91,0,2,2,180,90,90,0
942500,2028,7,31,0,0,0,0,0,91,91,0,2,2,180,90,90,0
942600,2028,7,31,0,0,0,0,0,91,91,0,2,2,180,90,90,0
942700,2028,7,31,0,0,0,0,0,91,91,0,2,2,180,90,90,0
942800,2028,7,31,0,0,0,0,0,91,91,0,2,2,180,90,90,0
942900,2028,7,31,0,0,0,0,0,91,91,0,2,2,180,90,90,0
943000,2028,7,31,0,0,0,0,0,91,91,0,2,2,180,90,90,0
943100,2028,8,1,0,0,0,0,0,91,91,0,2,2,180,90,90,0
943200,2028,8,1,0,0,0,0,0,91,91,0,2,2,180,90,90,0
943300,2028,8,1,0,0,0,0,0,91,91,0,2,2,180,90,90,0
943400,2028,8,1,0,0,0,0,0,91,91,0,2,2,180,90,90,0
943500,2028,8,1,0,0,0,0,0,91,91,0,2,2,180,90,90,0
943600,2028,8,1,0,0,0,0,0,91,91,0,2,2,180,90,90,0
943700,2028,8,1,0,0,0,0,0,91,91,0,2,2,180,90,90,0
943800,2028,8,1,0,0,0,0,0,91,91,0,2,2,180,90,90,0
943900,2028,8,1,0,0,0,0,0,91,91,0,2,2,180,90,90,0
944000,2028,8,1,0,0,0,0,0,91,91,0,2,2,180,90,90,0
944100,2028,8,2,0,0,0,0,0,91,91,0,2,2,180,90,90,0
944200,2028,8,2,0,0,0,0,0,91,91,0,2,2,180,90,90,0
944300,2028,8,2,0,0,0,0,0,91,91,0,2,2,180,90,90,0
944400,2028,8,2,0,0,0,0,0,91,91,0,2,2,180,90,90,0
944500,2028,8,2,0,0,0,0,0,91,91,0,2,2,180,90,90,0
944600,2028,8,2,0,0,0,0,0,91,91,0,2,2,180,90,90,0
944700,2028,8,2,0,0,0,0,0,91,91,0,2,2,180,90,90,0
944800,2028,8,2,0,0,0,0,0,91,91,0,2,2,180,90,90,0
944900,2028,8,2,0,0,0,0,0,91,91,0,2,2,180,90,90,0
945000,2028,8,2,0,0,0,0,0,91,91,0,2,2,180,90,90,0
945100,2028,8,3,0,0,0,0,0,91,91,0,2,2,180,90,90,0
945200,2028,8,3,0,0,0,0,0,91,91,0,2,2,180,90,90,0
945300,2028,8,3,0,0,0,0,0,91,91,0,2,2,180,90,90,0
945400,2028,8,3,0,0,0,0,0,91,91,0,2,2,180,90,90,0
945500,2028,8,3,0,0,0,0,0,91,91,0,2,2,180,90,90,0
945600,2028,8,3,0,0,0,0,0,91,91,0,2,2,180,90,90,0
945700,2028,8,3,0,0,0,0,0,91,91,0,2,2,180,90,90,0
945800,2028,8,3,0,0,0,0,0,91,91,0,2,2,180,90,90,0
945900,2028,8,3,0,0,0,0,0,91,91,0,2,2,180,90,90,0
946000,2028,8,3,0,0,0,0,0,91,91,0,2,2,180,90,90,0
946100,2028,8,4,0,0,0,0,0,91,91,0,2,2,180,90,90,0
946200,2028,8,4,0,0,0,0,0,91,91,0,2,2,180,90,90,0
946300,2028,8,4,0,0,0,0,0,91,91,0,2,2,180,90,90,0
946400,2028,8,4,0,0,0,0,0,91,91,0,2,2,180,90,90,0
946500,2028,8,4,0,0,0,0,0,91,91,0,2,2,180,90,90,0
946600,2028,8,4,0,0,0,0,0,91,91,0,2,2,180,90,90,0
946700,2028,8,4,0,0,0,0,0,91,91,0,2,2,180,90,90,0
946800,2028,8,4,0,0,0,0,0,91,91,0,2,2,180,90,90,0
946900,2028,8,4,0,0,0,0,0,91,91,0,2,2,180,90,90,0
947000,2028,8,4,0,0,0,0,0,91,91,0,2,2,180,90,90,0
947100,2028,8,5,0,0,0,0,0,91,91,0,2,2,180,90,90,0
947200,2028,8,5,0,0,0,0,0,91,91,0,2,2,180,90,90,0
947300,2028,8,5,0,0,0,0,0,91,91,0,2,2,180,90,90,0
947400,2028,8,5,0,0,0,0,0,91,91,0,2,2,180,90,90,0
947500,2028,8,5,0,0,0,0,0,91,91,0,2,2,180,90,90,0
947600,2028,8,5,0,0,0,0,0,91,91,0,2,2,180,90,90,0
947700,2028,8,5,0,0,0,0,0,91,91,0,2,2,180,90,90,0
947800,2028,8,5,0,0,0,0,0,91,91,0,2,2,180,90,90,0
947900,2028,8,5,0,0,0,0,0,91,91,0,2,2,180,90,90,0
948000,2028,8,5,0,0,0,0,0,91,91,0,2,2,180,90,90,0
948100,2028,8,6,0,0,0,0,0,91,91,0,2,2,180,90,90,0
948200,2028,8,6,0,0,0,0,0,91,91,0,2,2,180,90,90,0
948300,2028,8,6,0,0,0,0,0,91,91,0,2,2,180,90,90,0
948400,2028,8,6,0,0,0,0,0,91,91,0,2,2,180,90,90,0
948500,2028,8,6,0,0,0,0,0,91,91,0,2,2,180,90,90,0
948600,2028,8,6,0,0,0,0,0,91,91,0,2,2,180,90,90,0
948700,2028,8,6,0,0,0,0,0,91,91,0,2,2,180,90,90,0
948800,2028,8,6,0,0,0,0,0,91,91,0,2,2,180,90,90,0
948900,2028,8,6,0,0,0,0,0,91,91,0,2,2,180,90,90,0
949000,2028,8,6,0,0,0,0,0,91,91,0,2,2,180,90,90,0
949100,2028,8,7,0,0,0,0,0,91,91,0,2,2,180,90,90,0
949200,2028,8,7,0,0,0,0,0,91,91,0,2,2,180,90,90,0
949300,2028,8,7,0,0,0,0,0,91,91,0,2,2,180,90,90,0
949400,2028,8,7,0,0,0,0,0,91,91,0,2,2,180,90,90,0
949500,2028,8,7,0,0,0,0,0,91,91,0,2,2,180,90,90,0
949600,2028,8,7,0,0,0,0,0,91,91,0,2,2,180,90,90,0
949700,2028,8,7,0,0,0,0,0,91,91,0,2,2,180,90,90,0
949800,2028,8,7,0,0,0,0,0,91,91,0,2,2,180,90,90,0
949900,2028,8,7,0,0,0,0,0,91,91,0,2,2,180,90,90,0
950000,2028,8,7,0,0,0,0,0,91,91,0,2,2,180,90,90,0
950100,2028,8,8,0,0,0,0,0,91,91,0,2,2,180,90,90,0
950200,2028,8,8,0,0,0,0,0,91,91,0,2,2,180,90,90,0
950300,2028,8,8,0,0,0,0,0,91,91,0,2,2,180,90,90,0
950400,2028,8,8,0,0,0,0,0,91,91,0,2,2,180,90,90,0
950500,2028,8,8,0,0,0,0,0,91,91,0,2,2,180,90,90,0
950600,2028,8,8,0,0,0,0,0,91,91,0,2,2,180,90,90,0
950700,2028,8,8,0,0,0,0,0,91,91,0,2,2,180,90,90,0
950800,2028,8,8,0,0,0,0,0,91,91,0,2,2,180,90,90,0
950900,2028,8,8,0,0,0,0,0,91,91,0,2,2,180,90,90,0
951000,2028,8,8,0,0,0,0,0,91,91,0,2,2,180,90,90,0
951100,2028,8,9,0,0,0,0,0,91,91,0,2,2,180,90,90,0
951200,2028,8,9,0,0,0,0,0,91,91,0,2,2,180,90,90,0
951300,2028,8,9,0,0,0,0,0,91,91,0,2,2,180,90,90,0
951400,2028,8,9,0,0,0,0,0,91,91,0,2,2,180,90,90,0
951500,2028,8,9,0,0,0,0,0,91,91,0,2,2,180,90,90,0
951600,2028,8,9,0,0,0,0,0,91,91,0,2,2,180,90,90,0
951700,2028,8,9,0,0,0,0,0,91,91,0,2,2,180,90,90,0
951800,2028,8,9,0,0,0,0,0,91,91,0,2,2,180,90,90,0
951900,2028,8,9,0,0,0,0,0,91,91,0,2,2,180,90,90,0
952000,2028,8,9,0,0,0,0,0,91,91,0,2,2,180,90,90,0
952100,2028,8,10,0,0,0,0,0,91,91,0,2,2,180,90,90,0
952200,2028,8,10,0,0,0,0,0,91,91,0,2,2,180,90,90,0
952300,2028,8,10,0,0,0,0,0,91,91,0,2,2,180,90,90,0
952400,2028,8,10,0,0,0,0,0,91,91,0,2,2,180,90,90,0
952500,2028,8,10,0,0,0,0,0,91,91,0,2,2,180,90,90,0
952600,2028,8,10,0,0,0,0,0,91,91,0,2,2,180,90,90,0
952700,2028,8,10,0,0,0,0,0,91,91,0,2,2,180,90,90,0
952800,2028,8,10,0,0,0,0,0,91,91,0,2,2,180,90,90,0
952900,2028,8,10,0,0,0,0,0,91,91,0,2,2,180,90,90,0
953000,2028,8,10,0,0,0,0,0,91,91,0,2,2,180,90,90,0
953100,2028,8,11,0,0,0,0,0,91,91,0,2,2,180,90,90,0
953200,2028,8,11,0,0,0,0,0,91,91,0,2,2,180,90,90,0
953300,2028,8,11,0,0,0,0,0,91,91,0,2,2,180,90,90,0
953400,2028,8,11,0,0,0,0,0,91,91,0,2,2,180,90,90,0
953500,2028,8,11,0,0,0,0,0,91,91,0,2,2,180,90,90,0
953600,2028,8,11,0,0,0,0,0,91,91,0,2,2,180,90,90,0
953700,2028,8,11,0,0,0,0,0,91,91,0,2,2,180,90,90,0
953800,2028,8,11,0,0,0,0,0,91,91,0,2,2,180,90,90,0
953900,2028,8,11,0,0,0,0,0,91,91,0,2,2,180,90,90,0
954000,2028,8,11,0,0,0,0,0,91,91,0,2,2,180,90,90,0
954100,2028,8,12,0,0,0,0,0,91,91,0,2,2,180,90,90,0
954200,2028,8,12,0,0,0,0,0,91,91,0,2,2,180,90,90,0
954300,2028,8,12,0,0,0,0,0,91,91,0,2,2,180,90,90,0
954400,2028,8,12,0,0,0,0,0,91,91,0,2,2,180,90,90,0
954500,2028,8,12,0,0,0,0,0,91,91,0,2,2,180,90,90,0
954600,2028,8,12,0,0,0,0,0,91,91,0,2,2,180,90,90,0
954700,2028,8,12,0,0,0,0,0,91,91,0,2,2,180,90,90,0
954800,2028,8,12,0,0,0,0,0,91,91,0,2,2,180,90,90,0
954900,2028,8,12,0,0,0,0,0,91,91,0,2,2,180,90,90,0
955000,2028,8,12,0,0,0,0,0,91,91,0,2,2,180,90,90,0
955100,2028,8,13,0,0,0,0,0,91,91,0,2,2,180,90,90,0
955200,2028,8,13,0,0,0,0,0,91,91,0,2,2,180,90,90,0
955300,2028,8,13,0,0,0,0,0,91,91,0,2,2,180,90,90,0
955400,2028,8,13,0,0,0,0,0,91,91,0,2,2,180,90,90,0
955500,2028,8,13,0,0,0,0,0,91,91,0,2,2,180,90,90,0
955600,2028,8,13,0,0,0,0,0,91,91,0,2,2,180,90,90,0
955700,2028,8,13,0,0,0,0,0,91,91,0,2,2,180,90,90,0
955800,2028,8,13,0,0,0,0,0,91,91,0,2,2,180,90,90,0
955900,2028,8,13,0,0,0,0,0,91,91,0,2,2,180,90,90,0
956000,2028,8,13,0,0,0,0,0,91,91,0,2,2,180,90,90,0
956100,2028,8,14,0,0,0,0,0,91,91,0,2,2,180,90,90,0
956200,2028,8,14,0,0,0,0,0,91,91,0,2,2,180,90,90,0
956300,2028,8,14,0,0,0,0,0,91,91,0,2,2,180,90,90,0
956400,2028,8,14,0,0,0,0,0,91,91,0,2,2,180,90,90,0
956500,2028,8,14,0,0,0,0,0,91,91,0,2,2,180,90,90,0
956600,2028,8,14,0,0,0,0,0,91,91,0,2,2,180,90,90,0
956700,2028,8,14,0,0,0,0,0,91,91,0,2,2,180,90,90,0
956800,2028,8,14,0,0,0,0,0,91,91,0,2,2,180,90,90,0
956900,2028,8,14,0,0,0,0,0,91,91,0,2,2,180,90,90,0
957000,2028,8,14,0,0,0,0,0,91,91,0,2,2,180,90,90,0
957100,2028,8,15,0,0,0,0,0,91,91,0,2,2,180,90,90,0
957200,2028,8,15,0,0,0,0,0,91,91,0,2,2,180,90,90,0
957300,2028,8,15,0,0,0,0,0,91,91,0,2,2,180,90,90,0
957400,2028,8,15,0,0,0,0,0,91,91,0,2,2,180,90,90,0
957500,2028,8,15,0,0,0,0,0,91,91,0,2,2,180,90,90,0
957600,2028,8,15,0,0,0,0,0,91,91,0,2,2,180,90,90,0
957700,2028,8,15,0,0,0,0,0,91,91,0,2,2,180,90,90,0
957800,2028,8,15,0,0,0,0,0,91,91,0,2,2,180,90,90,0
957900,2028,8,15,0,0,0,0,0,91,91,0,2,2,180,90,90,0
958000,2028,8,15,0,0,0,0,0,91,91,0,2,2,180,90,90,0
958100,2028,8,16,0,0,0,0,0,91,91,0,2,2,180,90,90,0
958200,2028,8,16,0,0,0,0,0,91,91,0,2,2,180,90,90,0
958300,2028,8,16,0,0,0,0,0,91,91,0,2,2,180,90,90,0
958400,2028,8,16,0,0,0,0,0,91,91,0,2,2,180,90,90,0
958500,2028,8,16,0,0,0,0,0,91,91,0,2,2,180,90,90,0
958600,2028,8,16,0,0,0,0,0,91,91,0,2,2,180,90,90,0
958700,2028,8,16,0,0,0,0,0,91,91,0,2,2,180,90,90,0
958800,2028,8,16,0,0,0,0,0,91,91,0,2,2,180,90,90,0
958900,2028,8,16,0,0,0,0,0,91,91,0,2,2,180,90,90,0
959000,2028,8,16,0,0,0,0,0,91,91,0,2,2,180,90,90,0
959100,2028,8,17,0,0,0,0,0,91,91,0,2,2,180,90,90,0
959200,2028,8,17,0,0,0,0,0,91,91,0,2,2,180,90,90,0
959300,2028,8,17,0,0,0,0,0,91,91,0,2,2,180,90,90,0
959400,2028,8,17,0,0,0,0,0,91,91,0,2,2,180,90,90,0
959500,2028,8,17,0,0,0,0,0,91,91,0,2,2,180,90,90,0
959600,2028,8,17,0,0,0,0,0,91,91,0,2,2,180,90,90,0
959700,2028,8,17,0,0,0,0,0,91,91,0,2,2,180,90,90,0
959800,2028,8,17,0,0,0,0,0,91,91,0,2,2,180,90,90,0
959900,2028,8,17,0,0,0,0,0,91,91,0,2,2,180,90,90,0
960000,2028,8,17,0,0,0,0,0,91,91,0,2,2,180,90,90,0
960100,2028,8,18,0,0,0,0,0,91,91,0,2,2,180,90,90,0
960200,2028,8,18,0,0,0,0,0,91,91,0,2,2,180,90,90,0
960300,2028,8,18,0,0,0,0,0,91,91,0,2,2,180,90,90,0
960400,2028,8,18,0,0,0,0,0,91,91,0,2,2,180,90,90,0
960500,2028,8,18,0,0,0,0,0,91,91,0,2,2,180,90,90,0
960600,2028,8,18,0,0,0,0,0,91,91,0,2,2,180,90,90,0
960700,2028,8,18,0,0,0,0,0,91,91,0,2,2,180,90,90,0
960800,2028,8,18,0,0,0,0,0,91,91,0,2,2,180,90,90,0
960900,2028,8,18,0,0,0,0,0,91,91,0,2,2,180,90,90,0
961000,2028,8,18,0,0,0,0,0,91,91,0,2,2,180,90,90,0
961100,2028,8,19,0,0,0,0,0,91,91,0,2,2,180,90,90,0
961200,2028,8,19,0,0,0,0,0,91,91,0,2,2,180,90,90,0
961300,2028,8,19,0,0,0,0,0,91,91,0,2,2,180,90,90,0
961400,2028,8,19,0,0,0,0,0,91,91,0,2,2,180,90,90,0
961500,2028,8,19,0,0,0,0,0,91,91,0,2,2,180,90,90,0
961600,2028,8,19,0,0,0,0,0,91,91,0,2,2,180,90,90,0
961700,2028,8,19,0,0,0,0,0,91,91,0,2,2,180,90,90,0
961800,2028,8,19,0,0,0,0,0,91,91,0,2,2,180,90,90,0
961900,2028,8,19,0,0,0,0,0,91,91,0,2,2,180,90,90,0
962000,2028,8,19,0,0,0,0,0,91,91,0,2,2,180,90,90,0
962100,2028,8,20,0,0,0,0,0,91,91,0,2,2,180,90,90,0
962200,2028,8,20,0,0,0,0,0,91,91,0,2,2,180,90,90,0
962300,2028,8,20,0,0,0,0,0,91,91,0,2,2,180,90,90,0
962400,2028,8,20,0,0,0,0,0,91,91,0,2,2,180,90,90,0
962500,2028,8,20,0,0,0,0,0,91,91,0,2,2,180,90,90,0
962600,2028,8,20,0,0,0,0,0,91,91,0,2,2,180,90,90,0
962700,2028,8,20,0,0,0,0,0,91,91,0,2,2,180,90,90,0
962800,2028,8,20,0,0,0,0,0,91,91,0,2,2,180,90,90,0
962900,2028,8,20,0,0,0,0,0,91,91,0,2,2,180,90,90,0
963000,2028,8,20,0,0,0,0,0,91,91,0,2,2,180,90,90,0
963100,2028,8,21,0,0,0,0,0,91,91,0,2,2,180,90,90,0
963200,2028,8,21,0,0,0,0,0,91,91,0,2,2,180,90,90,0
963300,2028,8,21,0,0,0,0,0,91,91,0,2,2,180,90,90,0
963400,2028,8,21,0,0,0,0,0,91,91,0,2,2,180,90,90,0
963500,2028,8,21,0,0,0,0,0,91,91,0,2,2,180,90,90,0
963600,2028,8,21,0,0,0,0,0,91,91,0,2,2,180,90,90,0
963700,2028,8,21,0,0,0,0,0,91,91,0,2,2,180,90,90,0
963800,2028,8,21,0,0,0,0,0,91,91,0,2,2,180,90,90,0
963900,2028,8,21,0,0,0,0,0,91,91,0,2,2,180,90,90,0
964000,2028,8,21,0,0,0,0,0,91,91,0,2,2,180,90,90,0
964100,2028,8,22,0,0,0,0,0,91,91,0,2,2,180,90,90,0
964200,2028,8,22,0,0,0,0,0,91,91,0,2,2,180,90,90,0
964300,2028,8,22,0,0,0,0,0,91,91,0,2,2,180,90,90,0
964400,2028,8,22,0,0,0,0,0,91,91,0,2,2,180,90,90,0
964500,2028,8,22,0,0,0,0,0,91,91,0,2,2,180,90,90,0
964600,2028,8,22,0,0,0,0,0,91,91,0,2,2,180,90,90,0
964700,2028,8,22,0,0,0,0,0,91,91,0,2,2,180,90,90,0
964800,2028,8,22,0,0,0,0,0,91,91,0,2,2,180,90,90,0
964900,2028,8,22,0,0,0,0,0,91,91,0,2,2,180,90,90,0
965000,2028,8,22,0,0,0,0,0,91,91,0,2,2,180,90,90,0
965100,2028,8,23,0,0,0,0,0,91,91,0,2,2,180,90,90,0
965200,2028,8,23,0,0,0,0,0,91,91,0,2,2,180,90,90,0
965300,2028,8,23,0,0,0,0,0,91,91,0,2,2,180,90,90,0
965400,2028,8,23,0,0,0,0,0,91,91,0,2,2,180,90,90,0
965500,2028,8,23,0,0,0,0,0,91,91,0,2,2,180,90,90,0
965600,2028,8,23,0,0,0,0,0,91,91,0,2,2,180,90,90,0
965700,2028,8,23,0,0,0,0,0,91,91,0,2,2,180,90,90,0
965800,2028,8,23,0,0,0,0,0,91,91,0,2,2,180,90,90,0
965900,2028,8,23,0,0,0,0,0,91,91,0,2,2,180,90,90,0
966000,2028,8,23,0,0,0,0,0,91,91,0,2,2,180,90,90,0
966100,2028,8,24,0,0,0,0,0,91,91,0,2,2,180,90,90,0
966200,2028,8,24,0,0,0,0,0,91,91,0,2,2,180,90,90,0
966300,2028,8,24,0,0,0,0,0,91,91,0,2,2,180,90,90,0
966400,2028,8,24,0,0,0,0,0,91,91,0,2,2,180,90,90,0
966500,2028,8,24,0,0,0,0,0,91,91,0,2,2,180,90,90,0
966600,2028,8,24,0,0,0,0,0,91,91,0,2,2,180,90,90,0
966700,2028,8,24,0,0,0,0,0,91,91,0,2,2,180,90,90,0
966800,2028,8,24,0,0,0,0,0,91,91,0,2,2,180,90,90,0
966900,2028,8,24,0,0,0,0,0,91,91,0,2,2,180,90,90,0
967000,2028,8,24,0,0,0,0,0,91,91,0,2,2,180,90,90,0
967100,2028,8,25,0,0,0,0,0,91,91,0,2,2,180,90,90,0
967200,2028,8,25,0,0,0,0,0,91,91,0,2,2,180,90,90,0
967300,2028,8,25,0,0,0,0,0,91,91,0,2,2,180,90,90,0
967400,2028,8,25,0,0,0,0,0,91,91,0,2,2,180,90,90,0
967500,2028,8,25,0,0,0,0,0,91,91,0,2,2,180,90,90,0
967600,2028,8,25,0,0,0,0,0,91,91,0,2,2,180,90,90,0
967700,2028,8,25,0,0,0,0,0,91,91,0,2,2,180,90,90,0
967800,2028,8,25,0,0,0,0,0,91,91,0,2,2,180,90,90,0
967900,2028,8,25,0,0,0,0,0,91,91,0,2,2,180,90,90,0
968000,2028,8,25,0,0,0,0,0,91,91,0,2,2,180,90,90,0
968100,2028,8,26,0,0,0,0,0,91,91,0,2,2,180,90,90,0
968200,2028,8,26,0,0,0,0,0,91,91,0,2,2,180,90,90,0
968300,2028,8,26,0,0,0,0,0,91,91,0,2,2,180,90,90,0
968400,2028,8,26,0,0,0,0,0,91,91,0,2,2,180,90,90,0
968500,2028,8,26,0,0,0,0,0,91,91,0,2,2,180,90,90,0
968600,2028,8,26,0,0,0,0,0,91,91,0,2,2,180,90,90,0
968700,2028,8,26,0,0,0,0,0,91,91,0,2,2,180,90,90,0
968800,2028,8,26,0,0,0,0,0,91,91,0,2,2,180,90,90,0
968900,2028,8,26,0,0,0,0,0,91,91,0,2,2,180,90,90,0
969000,2028,8,26,0,0,0,0,0,91,91,0,2,2,180,90,90,0
969100,2028,8,27,0,0,0,0,0,91,91,0,2,2,180,90,90,0
969200,2028,8,27,0,0,0,0,0,91,91,0,2,2,180,90,90,0
969300,2028,8,27,0,0,0,0,0,91,91,0,2,2,180,90,90,0
969400,2028,8,27,0,0,0,0,0,91,91,0,2,2,180,90,90,0
969500,2028,8,27,0,0,0,0,0,91,91,0,2,2,180,90,90,0
969600,2028,8,27,0,0,0,0,0,91,91,0,2,2,180,90,90,0
969700,2028,8,27,0,0,0,0,0,91,91,0,2,2,180,90,90,0
969800,2028,8,27,0,0,0,0,0,91,91,0,2,2,180,90,90,0
969900,2028,8,27,0,0,0,0,0,91,91,0,2,2,180,90,90,0
970000,2028,8,27,0,0,0,0,0,91,91,0,2,2,180,90,90,0
970100,2028,8,28,0,0,0,0,0,91,91,0,2,2,180,90,90,0
970200,2028,8,28,0,0,0,0,0,91,91,0,2,2,180,90,90,0
970300,2028,8,28,0,0,0,0,0,91,91,0,2,2,180,90,90,0
970400,2028,8,28,0,0,0,0,0,91,91,0,2,2,180,90,90,0
970500,2028,8,28,0,0,0,0,0,91,91,0,2,2,180,90,90,0
970600,2028,8,28,0,0,0,0,0,91,91,0,2,2,180,90,90,0
970700,2028,8,28,0,0,0,0,0,91,91,0,2,2,180,90,90,0
970800,2028,8,28,0,0,0,0,0,91,91,0,2,2,180,90,90,0
970900,2028,8,28,0,0,0,0,0,91,91,0,2,2,180,90,90,0
971000,2028,8,28,0,0,0,0,0,91,91,0,2,2,180,90,90,0
971100,2028,8,29,0,0,0,0,0,91,91,0,2,2,180,90,90,0
971200,2028,8,29,0,0,0,0,0,91,91,0,2,2,180,90,90,0
971300,2028,8,29,0,0,0,0,0,91,91,0,2,2,180,90,90,0
971400,2028,8,29,0,0,0,0,0,91,91,0,2,2,180,90,90,0
971500,2028,8,29,0,0,0,0,0,91,91,0,2,2,180,90,90,0
971600,2028,8,29,0,0,0,0,0,91,91,0,2,2,180,90,90,0
971700,2028,8,29,0,0,0,0,0,91,91,0,2,2,180,90,90,0
971800,2028,8,29,0,0,0,0,0,91,91,0,2,2,180,90,90,0
971900,2028,8,29,0,0,0,0,0,91,91,0,2,2,180,90,90,0
972000,2028,8,29,0,0,0,0,0,91,91,0,2,2,180,90,90,0
972100,2028,8,30,0,0,0,0,0,91,91,0,2,2,180,90,90,0
972200,2028,8,30,0,0,0,0,0,91,91,0,2,2,180,90,90,0
972300,2028,8,30,0,0,0,0,0,91,91,0,2,2,180,90,90,0
972400,2028,8,30,0,0,0,0,0,91,91,0,2,2,180,90,90,0
972500,2028,8,30,0,0,0,0,0,91,91,0,2,2,180,90,90,0
972600,2028,8,30,0,0,0,0,0,91,91,0,2,2,180,90,90,0
972700,2028,8,30,0,0,0,0,0,91,91,0,2,2,180,90,90,0
972800,2028,8,30,0,0,0,0,0,91,91,0,2,2,180,90,90,0
972900,2028,8,30,0,0,0,0,0,91,91,0,2,2,180,90,90,0
973000,2028,8,30,0,0,0,0,0,91,91,0,2,2,180,90,90,0
973100,2028,8,31,0,0,0,0,0,91,91,0,2,2,180,90,90,0
973200,2028,8,31,0,0,0,0,0,91,91,0,2,2,180,90,90,0
973300,2028,8,31,0,0,0,0,0,91,91,0,2,2,180,90,90,0
973400,2028,8,31,0,0,0,0,0,91,91,0,2,2,180,90,90,0
973500,2028,8,31,0,0,0,0,0,91,91,0,2,2,180,90,90,0
973600,2028,8,31,0,0,0,0,0,91,91,0,2,2,180,90,90,0
973700,2028,8,31,0,0,0,0,0,91,91,0,2,2,180,90,90,0
973800,2028,8,31,0,0,0,0,0,91,91,0,2,2,180,90,90,0
973900,2028,8,31,0,0,0,0,0,91,91,0,2,2,180,90,90,0
974000,2028,8,31,0,0,0,0,0,91,91,0,2,2,180,90,90,0
974100,2028,9,1,0,0,0,0,0,91,91,0,2,2,180,90,90,0
974200,2028,9,1,0,0,0,0,0,91,91,0,2,2,180,90,90,0
974300,2028,9,1,0,0,0,0,0,91,91,0,2,2,180,90,90,0
974400,2028,9,1,0,0,0,0,0,91,91,0,2,2,180,90,90,0
974500,2028,9,1,0,0,0,0,0,91,91,0,2,2,180,90,90,0
974600,2028,9,1,0,0,0,0,0,91,91,0,2,2,180,90,90,0
974700,2028,9,1,0,0,0,0,0,91,91,0,2,2,180,90,90,0
974800,2028,9,1,0,0,0,0,0,91,91,0,2,2,180,90,90,0
974900,2028,9,1,0,0,0,0,0,91,91,0,2,2,180,90,90,0
975000,2028,9,1,0,0,0,0,0,91,91,0,2,2,180,90,90,0
975100,2028,9,2,0,0,0,0,0,91,91,0,2,2,180,90,90,0
975200,2028,9,2,0,0,0,0,0,91,91,0,2,2,180,90,90,0
975300,2028,9,2,0,0,0,0,0,91,91,0,2,2,180,90,90,0
975400,2028,9,2,0,0,0,0,0,91,91,0,2,2,180,90,90,0
975500,2028,9,2,0,0,0,0,0,91,91,0,2,2,180,90,90,0
975600,2028,9,2,0,0,0,0,0,91,91,0,2,2,180,90,90,0
975700,2028,9,2,0,0,0,0,0,91,91,0,2,2,180,90,90,0
975800,2028,9,2,0,0,0,0,0,91,91,0,2,2,180,90,90,0
975900,2028,9,2,0,0,0,0,0,91,91,0,2,2,180,90,90,0
976000,2028,9,2,0,0,0,0,0,91,91,0,2,2,180,90,90,0
976100,2028,9,3,0,0,0,0,0,91,91,0,2,2,180,90,90,0
976200,2028,9,3,0,0,0,0,0,91,91,0,2,2,180,90,90,0
976300,2028,9,3,0,0,0,0,0,91,91,0,2,2,180,90,90,0
976400,2028,9,3,0,0,0,0,0,91,91,0,2,2,180,90,90,0
976500,2028,9,3,0,0,0,0,0,91,91,0,2,2,180,90,90,0
976600,2028,9,3,0,0,0,0,0,91,91,0,2,2,180,90,90,0
976700,2028,9,3,0,0,0,0,0,91,91,0,2,2,180,90,90,0
976800,2028,9,3,0,0,0,0,0,91,91,0,2,2,180,90,90,0
976900,2028,9,3,0,0,0,0,0,91,91,0,2,2,180,90,90,0
977000,2028,9,3,0,0,0,0,0,91,91,0,2,2,180,90,90,0
977100,2028,9,4,0,0,0,0,0,91,91,0,2,2,180,90,90,0
977200,2028,9,4,0,0,0,0,0,91,91,0,2,2,180,90,90,0
977300,2028,9,4,0,0,0,0,0,91,91,0,2,2,180,90,90,0
977400,2028,9,4,0,0,0,0,0,91,91,0,2,2,180,90,90,0
977500,2028,9,4,0,0,0,0,0,91,91,0,2,2,180,90,90,0
977600,2028,9,4,0,0,0,0,0,91,91,0,2,2,180,90,90,0
977700,2028,9,4,0,0,0,0,0,91,91,0,2,2,180,90,90,0
977800,2028,9,4,0,0,0,0,0,91,91,0,2,2,180,90,90,0
977900,2028,9,4,0,0,0,0,0,91,91,0,2,2,180,90,90,0
978000,2028,9,4,0,0,0,0,0,91,91,0,2,2,180,90,90,0
978100,2028,9,5,0,0,0,0,0,91,91,0,2,2,180,90,90,0
978200,2028,9,5,0,0,0,0,0,91,91,0,2,2,180,90,90,0
978300,2028,9,5,0,0,0,0,0,91,91,0,2,2,180,90,90,0
978400,2028,9,5,0,0,0,0,0,91,91,0,2,2,180,90,90,0
978500,2028,9,5,0,0,0,0,0,91,91,0,2,2,180,90,90,0
978600,2028,9,5,0,0,0,0,0,91,91,0,2,2,180,90,90,0
978700,2028,9,5,0,0,0,0,0,91,91,0,2,2,180,90,90,0
978800,2028,9,5,0,0,0,0,0,91,91,0,2,2,180,90,90,0
978900,2028,9,5,0,0,0,0,0,91,91,0,2,2,180,90,90,0
979000,2028,9,5,0,0,0,0,0,91,91,0,2,2,180,90,90,0
979100,2028,9,6,0,0,0,0,0,91,91,0,2,2,180,90,90,0
979200,2028,9,6,0,0,0,0,0,91,91,0,2,2,180,90,90,0
979300,2028,9,6,0,0,0,0,0,91,91,0,2,2,180,90,90,0
979400,2028,9,6,0,0,0,0,0,91,91,0,2,2,180,90,90,0
979500,2028,9,6,0,0,0,0,0,91,91,0,2,2,180,90,90,0
979600,2028,9,6,0,0,0,0,0,91,91,0,2,2,180,90,90,0
979700,2028,9,6,0,0,0,0,0,91,91,0,2,2,180,90,90,0
979800,2028,9,6,0,0,0,0,0,91,91,0,2,2,180,90,90,0
979900,2028,9,6,0,0,0,0,0,91,91,0,2,2,180,90,90,0
980000,2028,9,6,0,0,0,0,0,91,91,0,2,2,180,90,90,0
980100,2028,9,7,0,0,0,0,0,91,91,0,2,2,180,90,90,0
980200,2028,9,7,0,0,0,0,0,91,91,0,2,2,180,90,90,0
980300,2028,9,7,0,0,0,0,0,91,91,0,2,2,180,90,90,0
980400,2028,9,7,0,0,0,0,0,91,91,0,2,2,180,90,90,0
980500,2028,9,7,0,0,0,0,0,91,91,0,2,2,180,90,90,0
980600,2028,9,7,0,0,0,0,0,91,91,0,2,2,180,90,90,0
980700,2028,9,7,0,0,0,0,0,91,91,0,2,2,180,90,90,0
980800,2028,9,7,0,0,0,0,0,91,91,0,2,2,180,90,90,0
980900,2028,9,7,0,0,0,0,0,91,91,0,2,2,180,90,90,0
981000,2028,9,7,0,0,0,0,0,91,91,0,2,2,180,90,90,0
981100,2028,9,8,0,0,0,0,0,91,91,0,2,2,180,90,90,0
981200,2028,9,8,0,0,0,0,0,91,91,0,2,2,180,90,90,0
981300,2028,9,8,0,0,0,0,0,91,91,0,2,2,180,90,90,0
981400,2028,9,8,0,0,0,0,0,91,91,0,2,2,180,90,90,0
981500,2028,9,8,0,0,0,0,0,91,91,0,2,2,180,90,90,0
981600,2028,9,8,0,0,0,0,0,91,91,0,2,2,180,90,90,0
981700,2028,9,8,0,0,0,0,0,91,91,0,2,2,180,90,90,0
981800,2028,9,8,0,0,0,0,0,91,91,0,2,2,180,90,90,0
981900,2028,9,8,0,0,0,0,0,91,91,0,2,2,180,90,90,0
982000,2028,9,8,0,0,0,0,0,91,91,0,2,2,180,90,90,0
982100,2028,9,9,0,0,0,0,0,91,91,0,2,2,180,90,90,0
982200,2028,9,9,0,0,0,0,0,91,91,0,2,2,180,90,90,0
982300,2028,9,9,0,0,0,0,0,91,91,0,2,2,180,90,90,0
982400,2028,9,9,0,0,0,0,0,91,91,0,2,2,180,90,90,0
982500,2028,9,9,0,0,0,0,0,91,91,0,2,2,180,90,90,0
982600,2028,9,9,0,0,0,0,0,91,91,0,2,2,180,90,90,0
982700,2028,9,9,0,0,0,0,0,91,91,0,2,2,180,90,90,0
982800,2028,9,9,0,0,0,0,0,91,91,0,2,2,180,90,90,0
982900,2028,9,9,0,0,0,0,0,91,91,0,2,2,180,90,90,0
983000,2028,9,9,0,0,0,0,0,91,91,0,2,2,180,90,90,0
983100,2028,9,10,0,0,0,0,0,91,91,0,2,2,180,90,90,0
983200,2028,9,10,0,0,0,0,0,91,91,0,2,2,180,90,90,0
983300,2028,9,10,0,0,0,0,0,91,91,0,2,2,180,90,90,0
983400,2028,9,10,0,0,0,0,0,91,91,0,2,2,180,90,90,0
983500,2028,9,10,0,0,0,0,0,91,91,0,2,2,180,90,90,0
983600,2028,9,10,0,0,0,0,0,91,91,0,2,2,180,90,90,0
983700,2028,9,10,0,0,0,0,0,91,91,0,2,2,180,90,90,0
983800,2028,9,10,0,0,0,0,0,91,91,0,2,2,180,90,90,0
983900,2028,9,10,0,0,0,0,0,91,91,0,2,2,180,90,90,0
984000,2028,9,10,0,0,0,0,0,91,91,0,2,2,180,90,90,0
984100,2028,9,11,0,0,0,0,0,91,91,0,2,2,180,90,90,0
984200,2028,9,11,0,0,0,0,0,91,91,0,2,2,180,90,90,0
984300,2028,9,11,0,0,0,0,0,91,91,0,2,2,180,90,90,0
984400,2028,9,11,0,0,0,0,0,91,91,0,2,2,180,90,90,0
984500,2028,9,11,0,0,0,0,0,91,91,0,2,2,180,90,90,0
984600,2028,9,11,0,0,0,0,0,91,91,0,2,2,180,90,90,0
984700,2028,9,11,0,0,0,0,0,91,91,0,2,2,180,90,90,0
984800,2028,9,11,0,0,0,0,0,91,91,0,2,2,180,90,90,0
984900,2028,9,11,0,0,0,0,0,91,91,0,2,2,180,90,90,0
985000,2028,9,11,0,0,0,0,0,91,91,0,2,2,180,90,90,0
985100,2028,9,12,0,0,0,0,0,91,91,0,2,2,180,90,90,0
985200,2028,9,12,0,0,0,0,0,91,91,0,2,2,180,90,90,0
985300,2028,9,12,0,0,0,0,0,91,91,0,2,2,180,90,90,0
985400,2028,9,12,0,0,0,0,0,91,91,0,2,2,180,90,90,0
985500,2028,9,12,0,0,0,0,0,91,91,0,2,2,180,90,90,0
985600,2028,9,12,0,0,0,0,0,91,91,0,2,2,180,90,90,0
985700,2028,9,12,0,0,0,0,0,91,91,0,2,2,180,90,90,0
985800,2028,9,12,0,0,0,0,0,91,91,0,2,2,180,90,90,0
985900,2028,9,12,0,0,0,0,0,91,91,0,2,2,180,90,90,0
986000,2028,9,12,0,0,0,0,0,91,91,0,2,2,180,90,90,0
986100,2028,9,13,0,0,0,0,0,91,91,0,2,2,180,90,90,0
986200,2028,9,13,0,0,0,0,0,91,91,0,2,2,180,90,90,0
986300,2028,9,13,0,0,0,0,0,91,91,0,2,2,180,90,90,0
986400,2028,9,13,0,0,0,0,0,91,91,0,2,2,180,90,90,0
986500,2028,9,13,0,0,0,0,0,91,91,0,2,2,180,90,90,0
986600,2028,9,13,0,0,0,0,0,91,91,0,2,2,180,90,90,0
986700,2028,9,13,0,0,0,0,0,91,91,0,2,2,180,90,90,0
986800,2028,9,13,0,0,0,0,0,91,91,0,2,2,180,90,90,0
986900,2028,9,13,0,0,0,0,0,91,91,0,2,2,180,90,90,0
987000,2028,9,13,0,0,0,0,0,91,91,0,2,2,180,90,90,0
987100,2028,9,14,0,0,0,0,0,91,91,0,2,2,180,90,90,0
987200,2028,9,14,0,0,0,0,0,91,91,0,2,2,180,90,90,0
987300,2028,9,14,0,0,0,0,0,91,91,0,2,2,180,90,90,0
987400,2028,9,14,0,0,0,0,0,91,91,0,2,2,180,90,90,0
987500,2028,9,14,0,0,0,0,0,91,91,0,2,2,180,90,90,0
987600,2028,9,14,0,0,0,0,0,91,91,0,2,2,180,90,90,0
987700,2028,9,14,0,0,0,0,0,91,91,0,2,2,180,90,90,0
987800,2028,9,14,0,0,0,0,0,91,91,0,2,2,180,90,90,0
987900,2028,9,14,0,0,0,0,0,91,91,0,2,2,180,90,90,0
988000,2028,9,14,0,0,0,0,0,91,91,0,2,2,180,90,90,0
988100,2028,9,15,0,0,0,0,0,91,91,0,2,2,180,90,90,0
988200,2028,9,15,0,0,0,0,0,91,91,0,2,2,180,90,90,0
988300,2028,9,15,0,0,0,0,0,91,91,0,2,2,180,90,90,0
988400,2028,9,15,0,0,0,0,0,91,91,0,2,2,180,90,90,0
988500,2028,9,15,0,0,0,0,0,91,91,0,2,2,180,90,90,0
988600,2028,9,15,0,0,0,0,0,91,91,0,2,2,180,90,90,0
988700,2028,9,15,0,0,0,0,0,91,91,0,2,2,180,90,90,0
988800,2028,9,15,0,0,0,0,0,91,91,0,2,2,180,90,90,0
988900,2028,9,15,0,0,0,0,0,91,91,0,2,2,180,90,90,0
989000,2028,9,15,0,0,0,0,0,91,91,0,2,2,180,90,90,0
989100,2028,9,16,0,0,0,0,0,91,91,0,2,2,180,90,90,0
989200,2028,9,16,0,0,0,0,0,91,91,0,2,2,180,90,90,0
989300,2028,9,16,0,0,0,0,0,91,91,0,2,2,180,90,90,0
989400,2028,9,16,0,0,0,0,0,91,91,0,2,2,180,90,90,0
989500,2028,9,16,0,0,0,0,0,91,91,0,2,2,180,90,90,0
989600,2028,9,16,0,0,0,0,0,91,91,0,2,2,180,90,90,0
989700,2028,9,16,0,0,0,0,0,91,91,0,2,2,180,90,90,0
989800,2028,9,16,0,0,0,0,0,91,91,0,2,2,180,90,90,0
989900,2028,9,16,0,0,0,0,0,91,91,0,2,2,180,90,90,0
990000,2028,9,16,0,0,0,0,0,91,91,0,2,2,180,90,90,0
990100,2028,9,17,0,0,0,0,0,91,91,0,2,2,180,90,90,0
990200,2028,9,17,0,0,0,0,0,91,91,0,2,2,180,90,90,0
990300,2028,9,17,0,0,0,0,0,91,91,0,2,2,180,90,90,0
990400,2028,9,17,0,0,0,0,0,91,91,0,2,2,180,90,90,0
990500,2028,9,17,0,0,0,0,0,91,91,0,2,2,180,90,90,0
990600,2028,9,17,0,0,0,0,0,91,91,0,2,2,180,90,90,0
990700,2028,9,17,0,0,0,0,0,91,91,0,2,2,180,90,90,0
990800,2028,9,17,0,0,0,0,0,91,91,0,2,2,180,90,90,0
990900,2028,9,17,0,0,0,0,0,91,91,0,2,2,180,90,90,0
991000,2028,9,17,0,0,0,0,0,91,91,0,2,2,180,90,90,0
991100,2028,9,18,0,0,0,0,0,91,91,0,2,2,180,90,90,0
991200,2028,9,18,0,0,0,0,0,91,91,0,2,2,180,90,90,0
991300,2028,9,18,0,0,0,0,0,91,91,0,2,2,180,90,90,0
991400,2028,9,18,0,0,0,0,0,91,91,0,2,2,180,90,90,0
991500,2028,9,18,0,0,0,0,0,91,91,0,2,2,180,90,90,0
991600,2028,9,18,0,0,0,0,0,91,91,0,2,2,180,90,90,0
991700,2028,9,18,0,0,0,0,0,91,91,0,2,2,180,90,90,0
991800,2028,9,18,0,0,0,0,0,91,91,0,2,2,180,90,90,0
991900,2028,9,18,0,0,0,0,0,91,91,0,2,2,180,90,90,0
992000,2028,9,18,0,0,0,0,0,91,91,0,2,2,180,90,90,0
992100,2028,9,19,0,0,0,0,0,91,91,0,2,2,180,90,90,0
992200,2028,9,19,0,0,0,0,0,91,91,0,2,2,180,90,90,0
992300,2028,9,19,0,0,0,0,0,91,91,0,2,2,180,90,90,0
992400,2028,9,19,0,0,0,0,0,91,91,0,2,2,180,90,90,0
992500,2028,9,19,0,0,0,0,0,91,91,0,2,2,180,90,90,0
992600,2028,9,19,0,0,0,0,0,91,91,0,2,2,180,90,90,0
992700,2028,9,19,0,0,0,0,0,91,91,0,2,2,180,90,90,0
992800,2028,9,19,0,0,0,0,0,91,91,0,2,2,180,90,90,0
992900,2028,9,19,0,0,0,0,0,91,91,0,2,2,180,90,90,0
993000,2028,9,19,0,0,0,0,0,91,91,0,2,2,180,90,90,0
993100,2028,9,20,0,0,0,0,0,91,91,0,2,2,180,90,90,0
993200,2028,9,20,0,0,0,0,0,91,91,0,2,2,180,90,90,0
993300,2028,9,20,0,0,0,0,0,91,91,0,2,2,180,90,90,0
993400,2028,9,20,0,0,0,0,0,91,91,0,2,2,180,90,90,0
993500,2028,9,20,0,0,0,0,0,91,91,0,2,2,180,90,90,0
993600,2028,9,20,0,0,0,0,0,91,91,0,2,2,180,90,90,0
993700,2028,9,20,0,0,0,0,0,91,91,0,2,2,180,90,90,0
993800,2028,9,20,0,0,0,0,0,91,91,0,2,2,180,90,90,0
993900,2028,9,20,0,0,0,0,0,91,91,0,2,2,180,90,90,0
994000,2028,9,20,0,0,0,0,0,91,91,0,2,2,180,90,90,0
994100,2028,9,21,0,0,0,0,0,91,91,0,2,2,180,90,90,0
994200,2028,9,21,0,0,0,0,0,91,91,0,2,2,180,90,90,0
994300,2028,9,21,0,0,0,0,0,91,91,0,2,2,180,90,90,0
994400,2028,9,21,0,0,0,0,0,91,91,0,2,2,180,90,90,0
994500,2028,9,21,0,0,0,0,0,91,91,0,2,2,180,90,90,0
994600,2028,9,21,0,0,0,0,0,91,91,0,2,2,180,90,90,0
994700,2028,9,21,0,0,0,0,0,91,91,0,2,2,180,90,90,0
994800,2028,9,21,0,0,0,0,0,91,91,0,2,2,180,90,90,0
994900,2028,9,21,0,0,0,0,0,91,91,0,2,2,180,90,90,0
995000,2028,9,21,0,0,0,0,0,91,91,0,2,2,180,90,90,0
995100,2028,9,22,0,0,0,0,0,91,91,0,2,2,180,90,90,0
995200,2028,9,22,0,0,0,0,0,91,91,0,2,2,180,90,90,0
995300,2028,9,22,0,0,0,0,0,91,91,0,2,2,180,90,90,0
995400,2028,9,22,0,0,0,0,0,91,91,0,2,2,180,90,90,0
995500,2028,9,22,0,0,0,0,0,91,91,0,2,2,180,90,90,0
995600,2028,9,22,0,0,0,0,0,91,91,0,2,2,180,90,90,0
995700,2028,9,22,0,0,0,0,0,91,91,0,2,2,180,90,90,0
995800,2028,9,22,0,0,0,0,0,91,91,0,2,2,180,90,90,0
995900,2028,9,22,0,0,0,0,0,91,91,0,2,2,180,90,90,0
996000,2028,9,22,0,0,0,0,0,91,91,0,2,2,180,90,90,0
996100,2028,9,23,0,0,0,0,0,91,91,0,2,2,180,90,90,0
996200,2028,9,23,0,0,0,0,0,91,91,0,2,2,180,90,90,0
996300,2028,9,23,0,0,0,0,0,91,91,0,2,2,180,90,90,0
996400,2028,9,23,0,0,0,0,0,91,91,0,2,2,180,90,90,0
996500,2028,9,23,0,0,0,0,0,91,91,0,2,2,180,90,90,0
996600,2028,9,23,0,0,0,0,0,91,91,0,2,2,180,90,90,0
996700,2028,9,23,0,0,0,0,0,91,91,0,2,2,180,90,90,0
996800,2028,9,23,0,0,0,0,0,91,91,0,2,2,180,90,90,0
996900,2028,9,23,0,0,0,0,0,91,91,0,2,2,180,90,90,0
997000,2028,9,23,0,0,0,0,0,91,91,0,2,2,180,90,90,0
997100,2028,9,24,0,0,0,0,0,91,91,0,2,2,180,90,90,0
997200,2028,9,24,0,0,0,0,0,91,91,0,2,2,180,90,90,0
997300,2028,9,24,0,0,0,0,0,91,91,0,2,2,180,90,90,0
997400,2028,9,24,0,0,0,0,0,91,91,0,2,2,180,90,90,0
997500,2028,9,24,0,0,0,0,0,91,91,0,2,2,180,90,90,0
997600,2028,9,24,0,0,0,0,0,91,91,0,2,2,180,90,90,0
997700,2028,9,24,0,0,0,0,0,91,91,0,2,2,180,90,90,0
997800,2028,9,24,0,0,0,0,0,91,91,0,2,2,180,90,90,0
997900,2028,9,24,0,0,0,0,0,91,91,0,2,2,180,90,90,0
998000,2028,9,24,0,0,0,0,0,91,91,0,2,2,180,90,90,0
998100,2028,9,25,0,0,0,0,0,91,91,0,2,2,180,90,90,0
998200,2028,9,25,0,0,0,0,0,91,91,0,2,2,180,90,90,0
998300,2028,9,25,0,0,0,0,0,91,91,0,2,2,180,90,90,0
998400,2028,9,25,0,0,0,0,0,91,91,0,2,2,180,90,90,0
998500,2028,9,25,0,0,0,0,0,91,91,0,2,2,180,90,90,0
998600,2028,9,25,0,0,0,0,0,91,91,0,2,2,180,90,90,0
998700,2028,9,25,0,0,0,0,0,91,91,0,2,2,180,90,90,0
998800,2028,9,25,0,0,0,0,0,91,91,0,2,2,180,90,90,0
998900,2028,9,25,0,0,0,0,0,91,91,0,2,2,180,90,90,0
999000,2028,9,25,0,0,0,0,0,91,91,0,2,2,180,90,90,0
999100,2028,9,26,0,0,0,0,0,91,91,0,2,2,180,90,90,0
999200,2028,9,26,0,0,0,0,0,91,91,0,2,2,180,90,90,0
999300,2028,9,26,0,0,0,0,0,91,91,0,2,2,180,90,90,0
999400,2028,9,26,0,0,0,0,0,91,91,0,2,2,180,90,90,0
999500,2028,9,26,0,0,0,0,0,91,91,0,2,2,180,90,90,0
999600,2028,9,26,0,0,0,0,0,91,91,0,2,2,180,90,90,0
999700,2028,9,26,0,0,0,0,0,91,91,0,2,2,180,90,90,0
999800,2028,9,26,0,0,0,0,0,91,91,0,2,2,180,90,90,0
999900,2028,9,26,0,0,0,0,0,91,91,0,2,2,180,90,90,0
1000000,2028,9,26,0,0,0,0,0,91,91,0,2,2,180,90,90,0
